Season,Team,Tempo,RankTempo,AdjTempo,RankAdjTempo,OE,RankOE,AdjOE,RankAdjOE,DE,RankDE,AdjDE,RankAdjDE,AdjEM,RankAdjEM,Season_off,eFGPct,RankeFGPct,TOPct,RankTOPct,ORPct,RankORPct,FTRate,RankFTRate,Season_def,eFGPct_def,RankeFGPct_def,TOPct_def,RankTOPct_def,ORPct_def,RankORPct_def,FTRate_def,RankFTRate_def,Season_ht,Size,SizeRank,Hgt5,Hgt5Rank,Hgt4,Hgt4Rank,Hgt3,Hgt3Rank,Hgt2,Hgt2Rank,Hgt1,Hgt1Rank,HgtEff,HgtEffRank,Exp,ExpRank,Bench,BenchRank,Pts5,Pts5Rank,Pts4,Pts4Rank,Pts3,Pts3Rank,Pts2,Pts2Rank,Pts1,Pts1Rank,OR5,OR5Rank,OR4,OR4Rank,OR3,OR3Rank,OR2,OR2Rank,OR1,OR1Rank,DR5,DR5Rank,DR4,DR4Rank,DR3,DR3Rank,DR2,DR2Rank,DR1,DR1Rank,Continuity,RankContinuity,Season_misc,FG2Pct,RankFG2Pct,FG3Pct,RankFG3Pct,FTPct,RankFTPct,BlockPct,RankBlockPct,OppFG2Pct,RankOppFG2Pct,OppFG3Pct,RankOppFG3Pct,OppFTPct,RankOppFTPct,OppBlockPct,RankOppBlockPct,FG3Rate,RankFG3Rate,OppFG3Rate,RankOppFG3Rate,ARate,RankARate,OppARate,RankOppARate,StlRate,RankStlRate,OppStlRate,RankOppStlRate,DFP,NSTRate,RankNSTRate,OppNSTRate,RankOppNSTRate,HomeCourtAdv,NetEfficiency,RebDiff,TO_Diff,3P_Gap,Stl_Gap,Block_Gap
2026,Abilene Christian,68.85,254,72.3699,129,106.028,170,100.415,286,103.123,154,103.571,116,-3.15579,181,2026,50.0,185,20.33405955,263,37.5,61,36.84210526,176,2026,53.33333333,233,23.2389252,40,25.92592593,83,68.88888889,360,2026,76.26,333,-1.21,312,-2.22,356,-2.17,354,-1.03,288,0.79,105,-1.71,354,1.35126,202,28.06,284,18.62,170,35.58,1,24.97,63,17.71,251,2.74,362,10.58,351,30.64,132,7.22,316,21.4,52,29.63,6,43.12,4,24.41,153,13.45,307,15.84,194,1.85,361,35.68236828,89.0,2026,50.0,203,33.33333333,150,76.19047619,73,11.53846154,112,57.69230769,269,31.57894737,154,74.19354839,244,8.333333333,142,36.84210526,232,42.22222222,230,60.0,75,47.61904762,108,0.116194626,95,0.159767611,350,,4.357298475,26,11.6194626,30,2.9,-3.1559999999999917,11.574074070000002,2.9048656500000014,1.7543859600000005,-0.04357298500000001,3.2051282069999996
2026,Air Force,69.1375,245,68.1382,347,91.3445,302,97.6767,335,110.593,210,110.769,284,-13.0923,321,2026,50.63694268,177,27.96359911,359,37.0,75,36.94267516,175,2026,52.7607362,219,19.28524076,125,34.95145631,248,54.60122699,328,2026,78.59,30,1.9,26,0.97,65,0.39,134,0.68,99,2.0,27,1.44,32,0.559704,347,27.23,297,15.34,257,17.91,230,19.22,203,19.02,220,28.51,27,12.07,346,25.83,190,25.92,64,21.29,54,14.89,62,18.52,308,13.44,339,30.59,14,18.95,122,18.5,88,27.13055611,151.0,2026,48.91304348,230,35.38461538,124,51.72413793,360,7.407407407,242,54.62962963,233,32.72727273,176,64.04494382,62,10.86956522,231,41.40127389,157,33.74233129,63,57.35294118,107,54.54545455,206,0.115711445,97,0.144639306,340,,13.49966853,353,7.714096306,190,3.5,-13.092300000000009,2.0485436900000025,-8.67835835,2.657342649999997,-0.028927861,-3.462157813
2026,Akron,74.6062,84,74.0614,48,126.373,33,113.485,64,93.9901,73,102.415,101,11.0706,77,2026,55.59701493,81,10.05277708,13,34.66666667,105,37.31343284,170,2026,45.63492063,86,22.78629471,43,28.23529412,121,26.19047619,51,2026,76.13,341,-1.01,289,-1.37,328,-0.81,283,-1.94,347,-1.21,290,-1.19,328,1.58453,139,32.63,167,23.99,56,16.97,255,14.9,292,18.41,238,25.73,66,27.69,254,32.12,110,24.49,75,9.72,203,5.98,221,33.36,43,33.25,38,14.29,287,10.88,299,8.22,316,52.18331218,14.0,2026,55.55555556,112,37.09677419,97,80.0,33,13.84615385,64,40.0,19,34.42622951,211,75.75757576,270,15.27777778,320,46.26865672,77,48.41269841,320,55.55555556,136,53.19148936,187,0.140738879,36,0.04691296,15,,5.361481109,57,8.712406802,136,2.6,11.069999999999993,6.431372549999999,12.73351763,2.670544679999999,0.09382591900000001,-1.4316239299999989
2026,Alabama,79.0875,16,77.1697,2,122.674,49,120.267,15,98.9104,120,97.4862,38,22.7806,19,2026,57.1942446,60,13.90864549,55,32.89473684,138,35.25179856,193,2026,48.4,141,13.90864549,302,20.98765432,18,45.6,284,2026,78.81,19,1.55,38,1.49,30,1.61,27,1.1,65,1.26,66,1.52,24,1.83984,91,37.12,89,14.45,278,18.08,227,13.62,316,24.53,88,29.28,21,28.05,249,27.23,173,15.45,192,26.95,21,1.9,290,26.23,156,22.16,204,24.75,64,14.84,224,11.67,256,28.14703584,145.0,2026,66.23376623,12,30.64516129,214,71.42857143,169,13.63636364,68,50.0,146,29.72972973,121,64.9122807,65,6.493506494,81,44.60431655,104,29.6,23,50.0,209,56.36363636,238,0.107475897,135,0.094831674,160,,4.42547811,29,3.161055793,354,3.6,22.7808,11.90708252,0.0,0.9154315600000018,0.012644222999999996,7.142857146000001
2026,Alabama AandM,70.3125,204,70.6774,235,72.5333,361,97.4493,337,139.378,358,110.973,294,-13.5238,325,2026,38.67924528,348,15.64444444,102,7.692307692,362,35.8490566,188,2026,70.68965517,361,15.64444444,253,27.27272727,107,27.5862069,65,2026,77.41,172,-0.05,181,-0.32,213,1.62,20,-0.6,250,-0.77,250,-0.19,212,1.34376,207,30.96,212,11.56,324,9.63,355,33.68,2,18.57,234,24.86,84,0.0,362,0.0,362,96.0,1,4.0,308,0.0,317,22.03,247,7.69,361,51.69,1,11.01,297,6.53,337,8.505613357,291.0,2026,34.21052632,356,33.33333333,150,52.63157895,357,5.882352941,287,76.47058824,362,41.66666667,322,100.0,362,5.263157895,44,28.30188679,342,41.37931034,209,50.0,209,63.88888889,315,0.085333333,241,0.099555556,192,,5.688888889,78,7.111111111,227,3.0,-13.523700000000005,-19.580419578,0.0,-8.333333339999996,-0.014222223000000006,0.6191950459999997
2026,Alabama State,76.4313,56,72.5227,118,92.5094,293,100.469,285,114.112,244,108.139,206,-7.66992,263,2026,45.0,285,18.31711505,190,29.41176471,213,30.0,265,2026,51.38888889,194,17.66293237,183,39.50617284,318,22.22222222,29,2026,76.61,303,-1.02,290,-1.26,316,-1.03,302,-1.43,326,0.79,105,-1.14,319,1.23451,237,36.25,104,14.54,277,16.78,259,13.75,312,26.66,54,28.27,31,20.45,314,67.08,1,7.92,308,2.92,326,1.62,298,28.41,118,16.24,308,29.59,21,12.61,264,13.15,207,10.17962843,276.0,2026,43.90243902,294,31.25,198,61.53846154,320,5.194805195,303,57.14285714,262,29.85074627,126,84.375,357,9.756097561,196,36.92307692,231,46.52777778,296,58.82352941,85,50.0,130,0.124294709,66,0.098127402,182,,8.504374847,203,5.233461444,312,2.3,-7.670000000000002,-10.094408129999998,-0.6541826800000017,1.3992537300000016,0.026167307,-4.561292366000001
2026,Albany,75.3375,74,72.3989,126,76.4434,357,99.4726,307,108.243,191,109.619,257,-10.1463,293,2026,37.08333333,357,27.87456446,357,32.92682927,136,30.83333333,252,2026,48.72881356,149,17.91936287,174,40.27777778,326,58.47457627,342,2026,77.06,234,0.07,166,0.87,71,-0.11,191,-0.57,248,-2.03,337,0.47,112,0.62677,343,23.43,337,15.77,247,14.8,300,22.11,128,19.93,197,27.03,53,37.25,135,21.33,246,13.64,227,9.09,219,18.18,39,23.08,223,8.11,360,30.04,17,28.21,17,10.26,283,12.50949949,257.0,2026,43.75,297,19.64285714,357,70.27027027,196,9.85915493,166,57.74647887,272,23.40425532,30,69.56521739,151,7.8125,132,46.66666667,73,39.83050847,182,58.97435897,84,59.61538462,272,0.12609922,61,0.165920027,354,,11.28256181,327,5.30944085,308,2.1,-10.1464,-7.350948510000002,-9.955201589999998,-3.7613981800000005,-0.039820806999999986,2.0466549300000008
2026,Alcorn State,72.4375,146,72.2241,136,89.4566,313,98.8074,322,125.134,319,113.281,327,-14.4738,336,2026,50.69444444,175,26.2295082,354,25.56390977,280,29.62962963,268,2026,58.15899582,302,17.94650561,172,42.30769231,335,48.53556485,297,2026,76.98,253,-1.14,301,-0.31,211,0.68,92,-0.39,221,-1.01,274,-0.72,266,0.835438,316,37.72,77,19.31,154,16.53,265,14.53,300,31.41,12,17.82,251,23.99,283,22.93,221,23.29,92,3.7,314,25.93,12,21.13,262,41.89,7,13.41,309,10.54,304,12.63,222,17.84427613,213.0,2026,45.11278195,277,39.75903614,54,64.0625,295,12.41830065,94,61.4379085,326,34.88372093,218,73.27586207,226,7.518796992,121,38.42592593,201,35.9832636,106,51.61290323,194,56.4516129,240,0.106988783,136,0.117342537,268,,14.49525453,358,7.247627265,220,2.8,-14.473600000000005,-16.74378254,-8.283002590000002,4.875315209999997,-0.010353753999999993,4.899503658
2026,American,76.0917,61,70.7741,228,98.5039,252,99.8551,292,119.696,289,110.956,293,-11.1008,301,2026,51.91256831,147,20.58920162,270,21.81818182,334,26.77595628,298,2026,57.67045455,298,18.39886102,155,33.0,210,50.56818182,309,2026,77.36,186,-1.58,328,-0.48,248,0.25,150,0.67,100,0.87,99,-1.03,303,1.35726,199,33.67,155,23.3,71,13.37,321,27.05,38,13.08,332,22.77,127,19.91,317,23.84,208,26.39,56,22.16,44,7.19,185,37.35,18,19.03,252,20.55,134,12.17,273,10.28,281,40.0759995,57.0,2026,62.10526316,33,27.27272727,284,71.42857143,169,5.882352941,287,53.92156863,224,41.89189189,326,78.65168539,311,9.473684211,187,48.08743169,55,42.04545455,228,43.37349398,296,58.13953488,262,0.096374986,189,0.148943161,345,,5.694885555,79,8.761362392,133,2.1,-11.10090000000001,-11.18181818,-2.1903406000000025,-14.619164619999996,-0.052568174999999995,-3.5913312700000004
2026,Appalachian State,63.5208,352,66.7352,363,102.11,205,100.811,281,110.815,211,106.42,162,-5.60856,227,2026,45.85798817,269,13.64381765,49,30.70175439,185,39.05325444,145,2026,47.83950617,131,14.16857986,295,31.37254902,184,42.59259259,249,2026,76.64,300,-0.59,224,-0.42,242,-0.85,284,-1.37,323,-0.62,237,-0.51,248,1.97532,61,34.23,137,15.38,255,17.02,253,29.2,21,18.96,221,19.3,215,38.17,122,32.61,102,17.63,164,2.11,334,9.09,150,25.56,166,31.99,47,7.19,359,8.53,333,26.57,10,21.98368311,187.0,2026,43.95604396,292,32.05128205,188,60.60606061,330,7.368421053,245,48.42105263,120,31.34328358,151,81.15942029,335,7.692307692,124,46.15384615,78,41.35802469,208,58.46153846,89,59.70149254,274,0.068219088,299,0.0472286,16,,8.920957691,226,7.34667104,215,2.6,-5.608999999999995,-0.6707946299999996,0.5247622099999987,0.7079984699999962,0.020990487999999995,-0.32388663900000036
2026,Arizona,74.6542,83,74.3498,35,120.883,57,120.811,12,89.8572,44,95.1779,15,25.6331,11,2026,56.52173913,67,17.86013283,178,38.0,57,42.93478261,112,2026,42.51336898,36,20.53915276,94,30.70866142,173,34.22459893,135,2026,79.03,8,1.59,35,0.63,92,1.87,11,1.87,15,2.12,21,1.11,47,1.54998,144,30.51,226,18.21,182,25.48,49,13.5,319,18.51,236,23.9,102,24.53,279,48.57,10,15.27,199,4.13,305,6.91,193,19.83,286,34.46,30,21.2,122,12.06,277,12.06,237,33.18963051,107.0,2026,53.62318841,149,43.47826087,25,78.48101266,47,13.1147541,79,44.26229508,61,26.15384615,64,68.75,135,5.797101449,59,25.0,357,34.75935829,81,64.89361702,37,43.66197183,67,0.12502093,65,0.129485963,306,,4.91153653,41,8.037059776,170,3.6,25.633100000000013,7.2913385800000015,2.679019929999999,17.32441472,-0.004465033000000007,7.317652651
2026,Arizona State,71.8375,158,72.6334,111,112.769,112,110.753,86,90.5093,52,100.185,74,10.5688,81,2026,54.4,99,15.31233687,90,30.55555556,188,28.8,281,2026,43.6,57,22.27248999,51,30.95238095,181,24.0,46,2026,78.99,10,2.85,11,3.21,1,1.05,59,-0.21,204,0.97,90,3.03,2,1.61234,129,32.07,183,23.83,58,16.37,271,22.28,126,18.58,233,18.61,230,29.59,233,37.4,56,20.83,123,5.88,277,5.88,222,19.16,297,23.18,183,21.36,121,16.82,163,19.26,70,2.084459737,327.0,2026,52.56410256,166,38.29787234,81,72.22222222,156,11.42857143,116,50.0,146,23.63636364,33,70.0,159,10.25641026,215,37.6,215,44.0,265,61.01694915,62,50.0,130,0.11136245,116,0.083521837,102,,6.960153123,138,11.136245,49,3.0,10.567999999999998,-0.39682539000000006,6.960153120000001,14.661508699999999,0.027840613,1.1721611700000008
2026,Arkansas,74.4792,89,73.3537,78,118.867,71,116.644,34,90.5613,53,95.572,16,21.072,26,2026,54.6875,95,13.87412587,53,31.53153153,161,38.54166667,151,2026,40.35532995,19,15.21678322,266,30.82706767,178,36.04060914,171,2026,78.29,57,0.41,124,0.82,76,0.26,148,0.96,74,1.98,28,0.61,94,1.53153,152,29.05,257,19.89,140,18.41,217,18.03,234,18.65,230,24.61,89,27.98,250,31.86,117,22.0,109,11.54,164,6.25,211,23.3,216,29.88,64,20.32,146,14.38,237,11.54,259,38.32772076,72.0,2026,58.82352941,59,33.33333333,150,78.37837838,50,10.43478261,144,46.95652174,102,20.73170732,7,60.56338028,27,8.823529412,160,46.875,70,41.62436548,218,62.22222222,56,54.92957746,217,0.116363636,94,0.067132867,47,,7.160839161,151,3.58041958,347,3.8,21.072000000000003,0.704463859999997,1.3426573499999996,12.60162601,0.04923076900000001,1.611253198
2026,Arkansas Pine Bluff,74.0563,97,74.4933,30,89.6642,312,94.9858,356,124.511,313,116.978,363,-21.9922,363,2026,41.66666667,326,21.26761752,289,30.90909091,180,25.79365079,310,2026,56.82730924,289,16.20389906,232,39.28571429,314,46.98795181,293,2026,77.01,244,-1.37,319,-0.36,218,-0.12,193,1.45,49,-1.6,316,-0.86,287,0.96883,289,21.05,351,25.77,35,18.35,220,15.43,282,24.71,80,15.31,301,30.61,219,11.45,343,12.48,240,32.38,11,12.44,100,26.64,151,15.55,320,19.65,167,29.91,10,7.72,323,5.626925826,308.0,2026,41.44736842,322,28.0,270,84.61538462,13,7.8125,233,57.8125,274,37.19008264,265,70.94017094,179,8.552631579,149,39.68253968,179,48.59437751,322,46.15384615,271,67.22689076,338,0.108025994,130,0.124905055,293,,8.777111993,218,5.401299688,305,2.0,-21.992199999999997,-8.376623380000002,-5.0637184600000005,-9.19008264,-0.016879061,-0.7401315789999998
2026,Arkansas State,76.3,58,74.2499,40,104.677,180,105.891,167,113.774,239,107.384,182,-1.49349,160,2026,47.42857143,243,20.96985583,282,33.63636364,126,51.42857143,40,2026,55.02645503,265,15.72739187,249,30.8411215,179,41.26984127,232,2026,78.46,41,3.01,10,0.57,113,0.22,158,1.31,53,0.08,178,1.79,16,1.46232,169,29.81,242,10.73,334,15.62,287,15.72,271,30.08,22,27.27,49,23.36,289,22.4,225,15.32,197,26.51,23,11.63,107,24.52,187,24.2,162,19.8,164,16.14,187,14.65,166,0.0,339.0,2026,53.53535354,153,26.31578947,304,82.22222222,20,3.669724771,334,59.63302752,306,32.5,171,66.66666667,85,12.12121212,266,43.42857143,122,42.32804233,233,46.57534247,265,42.85714286,55,0.104849279,143,0.069899519,57,,13.97990389,354,5.242463958,311,2.5,-1.492999999999995,2.795242139999999,-5.24246396,-6.184210530000001,0.03494976000000001,-8.451487348999999
2026,Army,72.9062,139,71.8579,156,93.5495,282,98.4115,325,134.331,349,114.374,346,-15.9623,346,2026,45.76923077,270,19.20274325,222,25.92592593,271,16.15384615,358,2026,62.0,338,11.6588084,339,35.38461538,258,43.2,259,2026,76.21,335,-0.83,263,-0.72,278,-1.38,329,-1.99,351,-1.09,280,-0.78,275,0.927508,297,26.26,305,11.04,332,18.33,222,23.0,105,33.98,7,13.26,330,20.36,315,18.6,280,17.51,168,26.54,22,16.59,51,24.7,185,12.1,350,18.86,186,27.8,18,16.12,132,30.74369729,124.0,2026,53.19148936,157,27.71084337,278,76.19047619,73,0.0,361,73.01587302,360,33.87096774,197,77.77777778,298,21.27659574,360,63.84615385,1,49.6,332,58.33333333,90,64.17910448,317,0.068581226,297,0.102871839,206,,8.915559366,225,4.800685812,321,2.3,-15.962499999999991,-9.458689450000001,-7.543934850000001,-6.160124369999998,-0.03429061300000001,-21.27659574
2026,Auburn,69.8162,222,71.2618,192,130.243,16,117.822,27,94.8588,80,98.8415,56,18.9801,35,2026,53.9800995,106,13.74255612,52,49.57264957,3,46.26865672,73,2026,46.80851064,113,16.94915254,205,22.80701754,35,22.87234043,35,2026,78.2,67,-0.22,200,0.63,92,1.81,15,1.68,21,0.05,181,0.2,151,1.25472,230,31.88,188,19.98,137,19.28,195,25.63,56,19.41,208,15.54,296,36.71,144,16.66,302,21.27,119,14.53,124,10.68,120,27.35,138,20.35,232,23.54,77,20.09,93,8.33,313,11.73484772,264.0,2026,60.62992126,46,28.37837838,262,70.96774194,183,16.66666667,25,45.37037037,76,32.5,171,76.74418605,285,13.38582677,302,36.8159204,236,42.55319149,236,45.91836735,273,50.66666667,148,0.128263857,55,0.105359597,215,,3.206596427,8,4.122766835,337,3.9,18.980500000000006,26.765632030000003,3.2065964200000003,-4.121621619999999,0.02290426000000001,3.280839900000002
2026,Austin Peay,74.125,93,72.3154,130,94.0786,279,99.5514,305,89.2406,39,105.654,145,-6.10249,236,2026,47.2972973,245,22.25969646,312,25.64102564,278,47.74774775,63,2026,47.39130435,122,25.63237774,16,35.0,249,40.86956522,226,2026,77.2,213,-0.79,257,0.63,92,0.57,114,-1.33,320,-0.17,200,-0.08,193,0.878848,308,42.01,23,12.3,309,29.48,15,17.01,255,6.41,361,34.47,4,28.57,243,13.32,328,8.11,304,23.02,39,26.98,9,30.55,87,28.39,87,26.16,45,6.79,351,6.78,331,36.74953282,81.0,2026,54.09836066,139,26.0,310,64.1509434,293,6.25,276,45.3125,74,33.33333333,182,51.06382979,2,8.196721311,138,45.04504505,93,44.34782609,270,45.65217391,277,69.56521739,348,0.161888702,11,0.134907251,319,,8.768971332,217,9.443507589,102,2.7,-6.102599999999995,-9.358974360000001,3.3726812799999983,-7.333333330000002,0.02698145099999999,-1.9467213109999992
2026,Ball State,66.3375,318,70.2493,265,98.5437,249,104.522,193,112.653,228,110.797,285,-6.27428,240,2026,50.0,185,18.8430375,213,24.24242424,303,49.49494949,52,2026,55.69105691,278,20.3504805,97,35.82089552,268,13.82113821,6,2026,76.05,343,-2.22,353,-0.92,289,-1.69,340,-1.18,308,-0.74,246,-1.57,346,1.92537,70,33.0,161,19.34,152,16.64,261,21.36,148,24.08,97,18.58,231,42.53,83,35.25,70,0.0,356,11.67,163,10.56,122,19.14,298,19.14,251,16.83,235,32.52,4,12.37,228,5.050970241,312.0,2026,44.26229508,286,39.47368421,58,63.26530612,308,10.52631579,138,59.64912281,307,34.84848485,216,76.47058824,279,19.67213115,352,38.38383838,202,53.65853659,355,57.14285714,110,57.89473684,258,0.113058225,107,0.082909365,98,,10.552101,305,9.044657999,121,2.7,-6.2749999999999915,-11.578471280000002,1.5074429999999985,4.625199360000003,0.03014886,-9.145815359999999
2026,Baylor,74.5813,85,70.9145,215,116.35,94,118.596,20,100.401,135,96.1959,21,22.3997,20,2026,54.95867769,89,13.40819576,41,27.53623188,242,50.41322314,46,2026,50.3875969,172,16.08983491,235,24.32432432,57,20.15503876,21,2026,77.14,222,-1.0,287,-0.96,293,-0.38,228,0.52,125,0.45,143,-0.97,296,1.96993,64,25.38,319,16.01,237,19.09,201,32.73,5,19.36,209,12.06,339,51.39,30,29.65,145,6.55,320,10.82,181,0.0,317,22.67,235,18.67,259,26.69,37,16.18,186,14.98,160,0.0,339.0,2026,58.57142857,64,33.33333333,150,67.21311475,245,9.756097561,170,53.65853659,219,29.78723404,123,76.92307692,287,8.571428571,150,42.14876033,142,36.43410853,117,51.72413793,191,39.65517241,25,0.087153272,232,0.087153272,116,,4.692868516,38,7.374507668,214,3.7,22.40010000000001,3.21190756,2.6816391500000005,3.546099290000001,0.0,1.1846689900000005
2026,Bellarmine,73.7063,107,71.4032,180,88.6062,317,103.026,226,137.066,353,115.951,359,-12.9258,320,2026,48.30508475,217,23.74289833,333,23.94366197,309,19.49152542,352,2026,67.07317073,357,16.28084457,229,37.03703704,279,35.77235772,161,2026,77.51,161,-1.42,323,-0.37,219,0.82,80,0.8,83,0.62,124,-0.9,289,0.788258,325,35.57,116,28.97,11,33.66,3,24.96,64,6.03,362,4.88,361,20.98,307,29.99,139,27.23,45,20.38,62,0.0,317,17.44,325,30.4,59,15.41,264,15.69,198,20.0,58,35.76031625,88.0,2026,55.71428571,109,25.0,316,69.56521739,208,5.633802817,295,67.6056338,351,44.23076923,344,84.09090909,356,12.85714286,288,40.6779661,167,42.27642276,232,52.94117647,177,52.11267606,171,0.122106334,75,0.14245739,334,,9.497159332,265,4.070211142,339,2.4,-12.924999999999997,-13.09337507,-7.46205376,-19.23076923,-0.020351055999999992,-7.223340042999999
2026,Belmont,73.8313,103,74.1431,45,112.977,110,108.92,110,96.0279,88,103.817,119,5.10295,108,2026,54.91071429,91,16.9305003,151,25.0,288,51.78571429,33,2026,47.58064516,128,24.37992043,27,35.52631579,262,23.38709677,37,2026,77.88,106,-0.59,224,1.38,39,-0.03,182,0.24,153,1.41,58,0.39,121,1.13698,261,30.75,217,23.72,59,23.15,88,20.51,168,16.51,276,16.11,285,41.22,95,8.78,354,22.18,105,21.44,50,6.38,208,25.71,163,29.74,67,4.19,362,17.54,148,22.81,29,42.58755147,44.0,2026,64.28571429,25,26.19047619,306,74.13793103,110,9.210526316,188,46.05263158,85,33.33333333,182,82.75862069,348,7.142857143,109,37.5,217,38.70967742,156,60.71428571,63,47.05882353,100,0.094810802,202,0.128671802,304,,4.063320071,19,14.89884026,8,2.6,5.103000000000009,-10.526315789999998,7.44942013,-7.142857140000004,-0.033861,2.0676691729999996
2026,Bethune Cookman,71.5243,170,72.039,145,98.7101,246,103.059,224,129.535,338,108.38,212,-5.32163,221,2026,47.79411765,231,16.45819618,134,27.71084337,238,20.58823529,347,2026,57.46268657,295,11.1915734,344,36.98630137,278,44.7761194,275,2026,77.36,182,-1.75,339,-1.04,298,-0.14,195,0.56,106,2.16,18,-1.39,339,1.81892,97,34.2,138,22.22,85,18.66,212,21.17,154,16.8,271,20.94,173,36.3,152,18.9,278,22.02,108,14.15,129,8.07,167,21.78,249,10.43,355,19.95,157,25.36,38,22.37,31,29.43967283,132.0,2026,44.70588235,283,35.29411765,125,75.0,89,13.82978723,65,59.57446809,305,35.0,221,70.0,159,12.94117647,293,37.5,217,29.85074627,26,50.0,209,57.14285714,250,0.078999342,270,0.118499013,273,,4.608294931,35,3.291639236,351,2.3,-5.320999999999998,-9.275458,-5.266622780000002,0.2941176499999969,-0.039499671,0.8886107600000006
2026,Binghamton,66.5792,309,69.2335,319,88.3935,320,97.3762,339,117.4,272,112.525,320,-15.1488,341,2026,41.0,331,22.02891295,310,24.0,305,44.66666667,92,2026,50.78125,184,8.511170912,361,33.94495413,231,28.125,72,2026,77.08,230,-0.59,224,0.14,162,0.04,177,0.62,102,-1.81,326,-0.22,214,1.175,248,26.0,307,28.58,14,13.72,317,10.08,352,19.43,205,28.19,33,44.25,71,24.94,195,11.59,256,14.23,127,5.0,240,32.15,63,22.34,199,15.45,263,15.62,203,14.44,173,13.8332963,251.0,2026,43.26923077,300,23.91304348,331,79.10447761,42,10.0,159,57.69230769,269,24.19354839,45,74.07407407,242,12.5,277,30.66666667,321,32.29166667,53,48.21428571,244,44.44444444,73,0.025032856,362,0.13517742,321,,8.511170912,204,6.00788535,270,2.7,-15.148800000000008,-9.94495413,-13.517742037999998,-0.2805049100000012,-0.110144564,-2.5
2026,Boise State,75.1937,75,71.5137,173,123.744,43,115.858,40,94.4701,76,99.0862,58,16.772,44,2026,60.34482759,24,19.28351758,226,42.62295082,25,54.31034483,25,2026,52.31481481,206,21.27836423,80,16.66666667,5,42.59259259,249,2026,78.83,18,0.65,97,0.19,152,1.62,20,2.84,2,1.79,31,0.42,117,1.75953,106,30.43,227,28.68,12,13.69,320,15.89,268,24.56,85,16.78,268,23.47,286,34.27,86,37.46,17,4.62,297,0.0,317,32.52,55,23.77,168,20.36,143,13.53,250,9.3,294,40.65030813,55.0,2026,55.55555556,112,45.45454545,13,73.01587302,137,4.054054054,326,58.10810811,278,26.47058824,70,63.04347826,48,6.944444444,102,37.93103448,210,31.48148148,46,56.66666667,120,40.38461538,27,0.079793866,267,0.086443355,112,,10.63918211,310,13.29897764,17,3.4,16.7718,25.95628415,1.9948466499999995,18.983957209999996,-0.0066494889999999945,-2.8903903900000003
2026,Boston College,67.5486,286,69.9443,290,100.906,220,105.996,161,88.8259,34,100.508,79,5.48842,105,2026,44.89795918,286,13.23564169,39,33.33333333,128,31.12244898,248,2026,44.72222222,75,17.0172536,202,23.2,41,30.55555556,100,2026,78.06,84,0.55,109,1.4,36,0.09,170,0.95,75,0.29,157,0.98,63,1.59351,135,25.29,321,21.67,98,12.05,339,24.01,86,24.4,92,17.87,248,39.56,107,23.74,209,16.34,183,11.01,177,9.35,146,19.72,289,26.76,114,25.93,49,16.29,183,11.29,264,34.41996276,97.0,2026,51.88679245,175,24.44444444,325,60.6557377,329,13.76146789,66,39.44954128,15,35.21126761,230,52.72727273,3,16.03773585,335,45.91836735,81,39.44444444,170,44.15584416,286,52.94117647,178,0.099267313,178,0.094540298,158,,3.781611912,14,7.090522335,228,3.0,5.4879999999999995,10.133333330000003,3.7816119100000005,-10.766823169999999,0.004727015000000001,-2.27626796
2026,Boston University,63.4602,353,67.1659,359,109.701,138,105.262,180,115.758,262,110.646,279,-5.38459,223,2026,53.25443787,123,21.64611125,301,36.08247423,92,27.21893491,293,2026,53.17919075,231,13.59174427,311,30.69306931,172,35.83815029,165,2026,77.26,203,1.17,56,-1.14,305,-0.7,276,-0.03,185,-0.06,197,0.02,174,1.28249,224,28.62,270,21.51,102,26.57,34,24.97,62,15.11,304,11.64,343,55.84,15,36.62,62,3.42,347,1.24,339,2.6,284,22.86,228,15.98,314,22.86,88,20.78,86,17.31,102,49.8939991,19.0,2026,51.61290323,182,36.84210526,100,78.26086957,52,8.108108108,226,55.85585586,252,32.25806452,169,70.96774194,180,11.82795699,256,44.9704142,96,35.83815029,103,64.47368421,40,53.65853659,194,0.085577649,239,0.095645608,165,,12.08155047,340,5.033979361,315,2.1,-5.384,5.389404920000004,-8.054366980000001,4.584040739999999,-0.010067958999999987,-3.719848882000001
2026,Bowling Green,70.425,201,72.4467,124,117.856,77,104.853,186,76.6819,4,102.43,102,2.42381,129,2026,56.0483871,71,12.77955272,35,26.15384615,264,26.61290323,302,2026,44.33962264,69,29.81895634,4,23.88059701,49,17.9245283,13,2026,77.89,103,-0.11,185,0.78,79,0.9,76,0.29,149,0.53,134,0.34,127,1.44644,172,29.41,250,14.57,273,21.6,125,16.43,263,23.47,115,23.67,108,29.21,237,7.81,356,9.46,289,15.54,112,37.5,2,20.95,266,24.78,140,16.31,244,17.97,139,19.8,61,17.73483753,215.0,2026,51.89873418,174,42.22222222,35,81.81818182,24,7.8125,233,50.0,146,23.80952381,38,73.68421053,233,10.12658228,214,36.29032258,240,39.62264151,174,51.66666667,192,40.47619048,28,0.177493788,4,0.035498758,7,,9.229676961,247,12.06957756,24,2.9,2.4229999999999876,2.273249140000001,17.03940362,18.412698409999997,0.14199503000000002,-2.314082279999999
2026,Bradley,69.3167,239,70.3585,258,103.579,194,105.38,175,96.5186,103,102.6,104,2.77989,127,2026,48.77300613,207,15.86919933,111,24.03846154,304,46.01226994,75,2026,50.0,164,24.52512623,24,29.41176471,136,29.6969697,88,2026,77.6,144,2.44,15,1.04,59,0.73,86,-0.59,249,-2.7,350,1.74,17,1.8266,95,30.64,224,16.36,231,14.42,308,23.15,101,21.19,169,24.36,95,14.85,333,20.0,263,25.61,67,17.04,94,22.24,26,27.99,126,18.37,268,21.36,120,12.0,280,19.8,60,27.54932344,148.0,2026,53.68421053,148,27.94117647,274,74.66666667,100,8.490566038,214,48.11320755,113,35.59322034,236,73.46938776,228,15.78947368,333,41.71779141,149,35.75757576,100,54.28571429,156,52.77777778,177,0.16830969,6,0.091368117,131,,6.732387593,128,7.694157249,193,3.8,2.780000000000001,-5.37330317,8.6559269,-7.6520438700000035,0.07694157300000001,-7.298907642
2026,Brown,65.2383,336,69.8898,294,97.5303,261,100.563,283,114.359,248,108.412,215,-7.84891,269,2026,46.91011236,254,17.9245283,181,26.27118644,262,32.02247191,242,2026,52.77777778,221,17.45283019,189,33.65384615,224,35.0,148,2026,77.0,248,0.15,158,-0.51,251,-0.6,265,-0.38,220,-0.64,240,-0.18,210,0.515367,352,35.54,117,18.07,185,23.1,92,24.52,75,16.04,289,18.28,237,11.4,349,35.25,71,17.09,176,12.71,150,23.55,22,20.48,273,29.47,71,12.74,319,16.3,182,21.0,45,26.68894529,154.0,2026,48.03921569,243,30.26315789,222,70.1754386,198,11.00917431,131,54.12844037,227,33.8028169,196,80.95238095,334,4.901960784,36,42.69662921,133,39.44444444,170,65.27777778,36,55.42168675,225,0.070754717,291,0.099056604,189,,8.018867925,183,10.37735849,69,1.8,-7.849000000000004,-7.382659709999999,-0.4716981099999984,-3.5396590100000047,-0.02830188700000001,6.107213526000001
2026,Bryant,71.7667,160,71.8844,153,89.9322,311,99.6929,299,107.842,186,110.991,296,-11.2978,305,2026,44.06779661,297,19.97213191,252,24.56140351,299,28.24858757,288,2026,51.53846154,197,14.86298189,277,29.8245614,150,23.58974359,39,2026,79.72,1,1.22,53,1.59,24,2.62,1,4.08,1,2.02,25,1.4,34,0.335656,357,34.95,127,11.56,323,22.76,96,19.16,207,24.85,75,21.24,165,9.96,353,12.94,330,21.81,112,33.06,7,21.74,28,19.34,294,18.49,265,20.54,136,26.89,23,14.08,183,2.024040557,329.0,2026,47.72727273,244,26.96629213,289,74.0,113,10.6557377,136,49.18032787,133,36.98630137,258,65.2173913,72,12.5,277,50.28248588,34,37.43589744,135,53.03030303,176,62.06896552,297,0.102183,159,0.130051092,310,,6.967022759,140,4.644681839,327,2.7,-11.298100000000005,-5.263157889999999,-5.109150020000001,-10.02000924,-0.02786809200000001,-1.8442623000000005
2026,Bucknell,68.2917,268,69.9832,286,104.488,185,100.314,289,100.006,126,107.677,191,-7.36316,258,2026,50.29239766,184,14.64307505,74,25.23364486,286,33.91812865,210,2026,46.72619048,111,19.03599756,135,29.46428571,138,42.85714286,252,2026,77.29,197,1.14,59,1.61,23,-1.23,316,0.19,161,-2.26,343,1.38,36,1.5185,156,24.24,332,26.4,28,20.54,150,11.9,342,21.54,158,19.63,206,37.8,124,44.81,25,4.35,340,8.7,226,4.35,253,19.9,285,16.6,298,17.71,215,26.6,27,19.18,73,47.20014334,25.0,2026,47.61904762,248,36.36363636,105,72.4137931,151,9.090909091,193,50.0,146,28.75,104,66.66666667,85,8.571428571,150,38.59649123,195,47.61904762,311,41.89189189,309,50.74626866,150,0.0976205,185,0.073215375,65,,7.321537523,157,9.273947529,109,2.7,-7.363000000000014,-4.23064085,4.392922509999998,7.613636360000001,0.024405125,0.5194805200000001
2026,Buffalo,65.8958,324,70.205,268,118.652,72,104.135,202,105.575,171,111.253,302,-7.11765,254,2026,53.61842105,112,13.6579197,50,30.39215686,193,68.42105263,2,2026,54.72972973,259,22.76319949,44,27.27272727,107,41.21621622,231,2026,76.71,287,0.76,86,-0.09,193,-1.99,353,-0.69,266,-1.5,310,0.33,129,1.42133,179,29.26,253,13.87,290,11.7,344,20.54,167,30.43,18,22.94,124,9.89,354,45.89,16,14.29,214,12.04,160,17.29,46,25.53,167,32.86,41,14.65,283,9.79,316,16.65,118,37.47724295,77.0,2026,49.43820225,224,39.68253968,56,68.26923077,220,11.53846154,112,53.84615385,222,37.14285714,262,75.40983607,266,8.988764045,170,41.44736842,155,47.2972973,304,52.17391304,186,67.64705882,341,0.131520708,46,0.065760354,43,,7.081884287,144,9.611128675,91,2.9,-7.117999999999995,3.1194295899999993,9.10527979,2.539682540000001,0.065760354,2.549697495
2026,Butler,79.4708,14,73.7399,61,125.124,38,112.994,70,85.3925,22,100.189,75,12.805,71,2026,57.57575758,54,18.45540817,193,45.53571429,10,51.51515152,37,2026,43.03482587,41,18.87484926,140,23.07692308,40,22.3880597,30,2026,77.88,105,1.03,67,-0.16,200,-0.07,187,0.59,104,0.96,91,0.44,116,1.91355,74,47.05,5,18.89,165,23.11,91,17.45,250,20.23,186,19.82,199,33.14,193,33.28,98,10.86,269,2.51,330,19.57,36,19.69,291,34.93,26,19.92,158,11.67,288,13.48,195,14.23421204,249.0,2026,57.5,75,38.46153846,78,68.62745098,217,14.18439716,56,43.26241135,53,28.33333333,98,68.88888889,139,10.0,204,39.39393939,185,29.85074627,26,60.60606061,65,47.43589744,105,0.109054685,127,0.130026739,309,,5.452734232,64,7.9693808,178,3.1,12.805000000000007,22.45879121,0.41944109000000296,10.128205130000001,-0.020972054000000004,4.18439716
2026,BYU,66.8875,302,69.8277,296,126.882,31,122.095,7,94.2382,75,98.7857,55,23.3089,18,2026,54.87179487,92,8.47193671,4,33.01886792,135,26.66666667,301,2026,44.32432432,68,15.44882576,259,26.82926829,97,18.91891892,20,2026,78.23,63,-0.01,173,1.18,51,1.25,45,1.26,57,0.42,145,0.59,98,1.91678,72,35.14,122,9.04,347,24.09,69,12.12,340,29.18,28,25.44,74,21.85,300,34.5,83,3.97,343,17.86,84,21.43,29,21.97,248,27.91,95,8.63,349,25.1,39,16.15,130,36.55135036,83.0,2026,58.67768595,62,32.43243243,177,76.92307692,66,11.53846154,112,44.23076923,60,29.62962963,119,65.71428571,75,3.305785124,11,37.94871795,209,43.78378378,261,46.31578947,269,41.42857143,37,0.099669844,174,0.054818414,28,,2.990095309,4,5.4818414,301,4.1,23.309299999999993,6.1895996299999965,6.9768890500000005,2.8028027999999985,0.04485142999999999,8.232676416
2026,Cal Baptist,71.2,176,69.9792,287,109.611,139,106.461,153,95.5525,85,107.055,175,-0.594044,153,2026,51.53846154,157,16.85393258,147,42.66666667,24,27.69230769,290,2026,44.39655172,70,16.85393258,208,23.75,48,44.82758621,276,2026,76.88,270,1.87,27,1.27,48,-1.52,335,-1.21,311,-3.08,357,1.57,22,1.59356,134,26.02,306,16.39,228,20.19,162,14.24,306,22.95,127,25.9,65,41.34,94,23.54,212,17.86,158,16.23,101,0.0,317,22.82,230,41.46,8,14.06,291,11.8,282,9.49,292,31.34185076,117.0,2026,48.93617021,229,38.88888889,68,61.11111111,324,4.938271605,309,43.20987654,52,31.42857143,152,63.46153846,53,13.82978723,306,27.69230769,346,30.17241379,33,53.33333333,172,34.7826087,9,0.070224719,293,0.077247191,81,,9.129213483,239,9.831460674,85,3.0,-0.5940000000000083,18.916666669999998,0.0,7.460317459999995,-0.007022472000000002,-8.891515625
2026,Cal Poly,77.975,31,76.7976,3,92.8453,291,102.813,233,110.259,206,107.918,200,-5.10506,216,2026,47.15025907,247,24.79427167,344,32.5203252,142,26.94300518,296,2026,55.64516129,275,17.95447259,171,29.52380952,141,39.78494624,220,2026,77.97,92,-1.18,303,-0.22,208,0.62,95,0.81,82,2.79,6,-0.7,265,0.559101,348,36.61,100,20.23,132,19.4,190,21.33,149,23.9,103,14.97,310,35.33,160,23.0,220,16.79,180,9.95,198,14.49,67,18.33,311,16.95,290,20.32,145,22.63,60,21.63,39,28.58257294,138.0,2026,43.95604396,292,33.33333333,150,65.38461538,274,9.473684211,179,56.84210526,261,36.26373626,245,68.91891892,141,20.87912088,357,52.84974093,15,48.92473118,326,50.0,209,72.4137931,354,0.081222614,260,0.098322112,184,,14.96206049,359,9.832211179,84,2.6,-5.105000000000004,2.9965156800000017,-6.839799079999999,-2.9304029299999996,-0.017099498000000005,-11.405436668999998
2026,Cal State Bakersfield,70.0437,217,71.4011,181,96.264,269,99.7784,295,102.806,151,106.196,161,-6.41748,245,2026,44.59459459,291,21.41518694,296,34.28571429,112,45.04504505,85,2026,51.7699115,199,22.1290265,55,37.31343284,287,38.05309735,194,2026,77.38,179,-0.23,202,-0.65,269,0.08,173,0.15,166,0.54,132,-0.44,238,1.96907,65,32.99,162,26.05,32,20.19,161,21.79,133,10.47,357,21.5,157,37.54,129,26.2,185,10.92,267,15.99,106,9.35,145,40.1,9,16.04,313,10.13,339,4.5,359,29.23,4,29.87678051,130.0,2026,43.37349398,299,32.14285714,185,70.0,200,18.91891892,16,52.7027027,202,33.33333333,182,65.11627907,69,9.638554217,193,25.22522523,356,34.51327434,77,51.11111111,204,55.76923077,230,0.085660748,237,0.071383956,60,,14.27679129,356,13.56295173,13,3.0,-6.417599999999993,-3.027718549999996,0.7138395599999967,-1.1904761900000054,0.014276791999999996,9.280364703
2026,Cal State Fullerton,80.6188,8,74.7231,21,90.8875,305,96.8116,343,114.966,254,110.647,280,-13.8357,329,2026,44.75806452,289,19.22629661,223,22.89156627,325,43.5483871,106,2026,51.5037594,196,11.78385921,338,26.74418605,96,50.37593985,307,2026,75.83,353,-0.82,259,-2.05,350,-2.23,355,-1.67,336,-1.11,283,-1.43,341,1.21385,240,36.0,108,31.17,6,21.34,132,18.76,217,21.96,146,6.77,360,20.74,312,38.18,54,17.58,167,21.63,48,1.87,291,22.99,226,17.6,283,13.14,314,27.21,21,19.07,76,8.009290695,295.0,2026,53.16455696,158,20.0,352,66.66666667,249,8.333333333,217,47.22222222,104,37.70491803,276,71.64179104,197,6.329113924,74,36.29032258,240,45.86466165,286,43.1372549,300,63.15789474,311,0.049616249,349,0.093030467,142,,9.923249864,282,6.822234282,236,2.1,-13.835400000000007,-3.8526197800000013,-7.442437399999999,-17.70491803,-0.043414218000000004,2.004219409000001
2026,California,73.3125,128,72.2534,133,116.686,89,110.347,93,87.4967,32,100.13,73,10.2163,83,2026,51.37362637,159,14.54958795,72,32.0754717,153,47.25274725,66,2026,42.47311828,35,17.73231032,178,27.2,106,31.72043011,111,2026,77.91,102,0.34,142,0.33,136,1.11,51,0.09,171,0.65,122,0.34,127,2.31093,28,27.6,290,16.75,217,22.75,97,15.64,276,16.97,266,27.68,45,51.65,28,20.46,259,15.84,188,6.64,263,4.48,252,23.42,210,19.99,240,17.73,214,23.48,53,15.16,153,14.80027288,245.0,2026,57.40740741,78,28.37837838,262,81.39534884,27,8.771929825,203,45.61403509,79,25.0,50,57.62711864,12,9.259259259,178,40.65934066,168,38.70967742,156,57.8313253,98,47.14285714,101,0.063654447,312,0.059107701,33,,8.638817846,213,11.36686559,43,3.3,10.216999999999999,4.875471700000002,3.1827223700000005,3.378378380000001,0.004546746000000004,-0.4873294339999994
2026,Campbell,73.1583,130,72.5392,116,99.6049,238,104.525,192,114.808,252,107.911,199,-3.38581,187,2026,47.8125,228,20.95910696,280,30.39215686,193,56.25,15,2026,51.32978723,193,15.9471466,244,32.43243243,201,38.29787234,200,2026,76.66,296,-0.83,261,-1.29,319,-0.44,247,-0.23,206,-0.92,264,-1.06,308,2.35956,23,25.55,316,23.27,73,18.74,207,9.5,355,17.45,257,31.05,13,36.3,153,45.25,23,7.35,314,0.0,348,11.11,112,24.31,193,29.58,70,17.79,211,8.9,323,19.42,69,24.61717278,166.0,2026,48.48484848,236,31.14754098,202,74.44444444,104,5.6,297,49.6,144,36.50793651,248,80.55555556,330,8.080808081,137,38.125,205,33.5106383,59,40.29850746,322,51.76470588,164,0.100239207,171,0.091126552,130,,11.84645176,338,5.92322588,276,2.6,-3.3859999999999957,-2.0402755699999986,-5.01196036,-5.360395530000002,0.009112654999999997,-2.480808081000001
2026,Canisius,62.9125,356,68.837,331,93.22,287,97.0721,341,122.568,305,113.573,337,-16.501,350,2026,50.70422535,174,22.78296576,318,26.13636364,266,38.02816901,154,2026,53.48837209,238,12.1862375,331,38.94736842,307,38.95348837,207,2026,77.22,211,-0.13,188,0.13,164,-1.13,313,0.04,178,0.15,166,0.0,178,1.29919,220,32.55,169,25.22,40,16.05,276,24.08,81,15.59,297,18.52,233,28.36,247,18.54,283,19.53,137,16.81,97,16.18,54,23.33,215,24.58,148,17.64,217,21.99,69,11.83,247,6.832273304,298.0,2026,49.45054945,222,35.29411765,125,59.25925926,340,7.142857143,248,63.26530612,334,27.02702703,83,71.64179104,197,13.18681319,296,35.91549296,248,43.02325581,246,47.61904762,252,54.87804878,214,0.052983641,343,0.137757467,327,,9.007219021,232,6.887873369,234,2.4,-16.500899999999987,-12.811004779999998,-10.596728259999999,8.267090619999998,-0.084773826,-6.043956047000001
2026,Central Arkansas,74.7875,79,71.9375,150,73.5563,360,97.6744,336,125.023,318,114.008,344,-16.3332,349,2026,34.35114504,359,16.71402307,142,21.27659574,337,22.90076336,332,2026,58.984375,314,13.37121845,315,30.76923077,174,34.375,140,2026,76.71,288,-0.91,273,-1.13,304,-0.55,261,-0.4,223,-0.52,229,-1.02,301,1.00997,280,43.99,13,7.67,354,20.86,143,20.09,179,30.1,21,21.19,167,14.68,335,42.15,34,28.72,34,13.98,133,0.0,317,24.98,178,11.28,353,17.22,227,20.97,82,25.19,16,10.7569322,272.0,2026,44.26229508,286,17.14285714,359,66.66666667,249,4.615384615,314,63.07692308,332,36.50793651,248,81.81818182,342,8.196721311,138,53.4351145,12,49.21875,329,51.28205128,199,62.5,302,0.08691292,234,0.120340966,277,,4.679926458,37,4.679926458,326,2.7,-16.33359999999999,-9.492635029999999,-3.342804619999999,-19.36507937,-0.03342804599999999,-3.5813366959999993
2026,Central Connecticut,67.25,292,69.0746,322,81.3065,347,94.245,360,96.4882,102,105.793,149,-11.5484,308,2026,37.6,354,15.6133829,100,30.0,201,19.2,353,2026,42.39130435,32,11.15241636,345,30.48780488,168,11.5942029,2,2026,77.47,167,-1.04,292,-0.41,241,0.11,165,-0.14,196,1.79,31,-0.72,268,0.83937,315,34.09,141,19.88,141,27.97,23,17.07,254,23.04,123,11.74,340,28.3,248,34.95,76,31.72,26,4.76,293,0.0,317,32.48,57,18.03,275,20.15,151,10.49,307,18.47,90,16.41170233,225.0,2026,36.25,351,26.66666667,295,62.5,315,11.53846154,112,46.15384615,86,25.0,50,81.25,337,15.0,316,36.0,244,43.47826087,255,58.53658537,88,43.1372549,60,0.081784387,256,0.111524164,240,,4.460966543,30,2.973977695,356,1.8,-11.548000000000002,-0.4878048799999988,-4.460966539999999,1.6666666700000015,-0.029739776999999995,-3.46153846
2026,Central Michigan,66.7125,304,70.9844,207,102.566,201,101.095,275,112.872,232,111.429,305,-10.3336,297,2026,48.67256637,209,20.23608769,257,31.81818182,157,28.31858407,287,2026,52.17391304,205,14.24020986,292,34.61538462,241,46.95652174,292,2026,77.38,178,1.46,42,-1.31,322,-0.38,228,0.1,168,0.03,184,0.07,168,0.414288,356,40.0,43,17.98,190,25.02,60,12.55,332,19.94,196,24.52,93,5.26,360,29.89,141,12.21,246,27.03,20,25.6,13,30.71,81,18.51,263,24.43,67,13.78,247,12.57,224,0.0,339.0,2026,48.7804878,232,32.25806452,183,81.25,28,14.51612903,49,48.38709677,119,37.73584906,277,57.40740741,10,10.97560976,235,27.43362832,348,46.08695652,288,46.0,272,58.0,261,0.059958778,328,0.127412404,297,,7.494847292,163,8.244332022,161,2.4,-10.334000000000003,-2.797202800000001,-5.995877830000001,-5.477784540000002,-0.06745362600000002,3.5405192700000008
2026,Charleston,65.0,342,70.5762,242,117.029,86,110.263,94,141.621,360,112.611,321,-2.3481,170,2026,52.17391304,142,16.15384615,120,36.23188406,88,35.65217391,191,2026,61.02362205,328,9.230769231,358,40.0,323,30.70866142,103,2026,78.15,72,3.28,8,-1.37,328,-0.05,183,0.02,180,1.79,31,0.93,68,0.925374,298,27.23,298,23.5,64,27.45,26,12.72,329,13.34,329,22.2,137,51.97,26,15.95,308,14.68,208,7.0,251,9.52,140,26.34,154,23.69,171,21.69,112,7.11,348,20.21,51,2.449495532,325.0,2026,45.83333333,270,41.86046512,37,78.04878049,53,10.29411765,150,58.82352941,289,42.37288136,331,74.35897436,248,6.944444444,102,37.39130435,223,46.45669291,294,49.01960784,228,55.38461538,224,0.038461538,360,0.069230769,55,,9.230769231,248,5.384615385,306,2.8,-2.347999999999999,-3.7681159400000013,-6.923076919,-0.5124162400000003,-0.030769230999999994,3.3496732060000003
2026,Charleston Southern,75.0437,77,72.8814,99,109.525,140,101.655,260,122.47,304,113.097,325,-11.4421,306,2026,50.0,185,15.99067211,113,33.72093023,124,26.27737226,305,2026,54.5112782,255,9.994170067,353,31.57894737,188,42.85714286,252,2026,76.97,255,0.74,91,-0.4,236,-0.54,258,-0.82,276,-1.21,290,0.17,154,0.812944,321,31.91,186,17.8,195,12.0,341,42.86,1,15.74,295,11.04,345,34.04,180,20.01,262,23.47,88,21.31,53,0.0,317,22.62,236,21.53,212,34.5,6,19.53,106,0.99,362,14.64707106,247.0,2026,41.89189189,319,39.68253968,56,72.22222222,156,4.705882353,312,55.29411765,241,35.41666667,233,68.42105263,126,10.81081081,229,45.98540146,80,36.09022556,108,76.78571429,2,43.75,68,0.0666278,305,0.0666278,44,,9.327892063,256,3.331390022,350,2.0,-11.441999999999993,2.141982859999999,-5.996502043,4.26587301,0.0,-6.104928457
2026,Charlotte,64.3,349,66.8606,361,111.449,124,106.395,154,105.211,167,109.909,265,-3.51453,191,2026,51.80722892,150,19.18092276,220,43.1372549,22,42.1686747,117,2026,55.26315789,266,19.18092276,127,25.27472527,76,38.15789474,196,2026,78.29,54,3.15,9,-0.18,203,-0.97,294,0.56,106,1.86,30,1.49,29,1.36965,195,29.9,241,17.67,198,17.23,250,23.69,94,18.82,225,22.16,138,47.71,44,13.64,326,14.25,216,11.15,172,12.63,97,37.28,19,16.88,292,12.09,328,16.96,160,16.41,126,14.70511705,246.0,2026,45.63106796,273,41.26984127,40,64.28571429,289,10.98901099,132,56.04395604,255,36.06557377,243,60.34482759,25,7.766990291,128,37.95180723,208,40.13157895,190,56.16438356,125,56.16438356,234,0.088128564,229,0.093312597,147,,9.849663038,279,10.36806636,71,3.6,-3.51400000000001,17.86252963,0.0,5.2042675,-0.005184032999999991,3.2220206990000007
2026,Chattanooga,67.625,283,70.5159,247,99.8089,234,110.037,98,138.969,356,111.686,311,-1.64867,163,2026,51.42857143,158,18.48428835,196,17.74193548,351,32.38095238,234,2026,64.42307692,354,16.26617375,230,42.30769231,335,63.46153846,356,2026,76.62,302,0.17,156,0.41,124,-1.27,321,-2.02,354,-1.21,290,0.29,137,1.34223,208,40.51,33,13.6,292,21.74,121,17.84,240,26.04,62,20.78,175,57.14,13,13.45,327,15.13,200,14.29,126,0.0,317,15.28,341,9.51,357,26.65,38,30.95,7,17.6,99,18.88064295,207.0,2026,52.63157895,164,33.33333333,150,79.41176471,37,3.03030303,343,65.15151515,343,42.10526316,327,81.81818182,342,12.28070175,273,45.71428571,83,36.53846154,122,67.39130435,28,74.57627119,357,0.073937153,282,0.088724584,124,,9.611829945,274,8.87245841,127,2.6,-1.649000000000001,-24.56575683,-2.2181146,-8.771929829999998,-0.01478743099999999,-9.25039872
2026,Chicago State,77.2125,43,72.6581,109,91.9171,296,96.5838,344,128.79,335,117.462,364,-20.878,362,2026,45.50561798,277,20.29032432,260,25.89285714,273,39.88764045,138,2026,62.29050279,339,18.13177918,164,35.41666667,260,54.74860335,329,2026,75.48,360,-2.35,357,-1.57,341,-0.76,279,-1.48,332,-3.48,362,-1.96,361,1.51312,159,40.2,39,23.42,66,23.73,75,22.54,120,12.73,341,17.03,262,33.21,192,36.49,64,23.37,90,0.0,348,6.67,202,20.02,280,19.9,243,23.4,80,12.98,257,23.32,24,6.840775907,297.0,2026,45.11278195,277,31.11111111,203,73.23943662,133,3.488372093,337,65.11627907,342,39.78494624,308,76.53061224,281,14.28571429,310,25.28089888,355,51.95530726,348,43.24324324,298,67.74193548,343,0.112244347,113,0.138146889,328,,6.475635422,119,6.90734445,233,2.6,-20.878200000000007,-9.523809529999998,-2.158545140000001,-8.673835129999997,-0.025902542,-10.797342196999999
2026,Cincinnati,78.8667,20,74.5413,27,102.262,203,108.694,113,79.9928,12,90.8963,2,17.7975,39,2026,54.81927711,93,23.24598478,325,25.96153846,270,56.02409639,19,2026,39.61748634,17,21.97802198,59,23.33333333,43,32.24043716,113,2026,78.71,25,3.36,7,2.11,10,1.36,39,-0.17,198,-0.18,201,2.73,3,2.19162,38,32.31,180,23.43,65,20.72,147,19.87,186,16.53,275,18.81,221,27.75,253,30.37,134,8.53,300,6.63,264,26.09,11,34.88,33,28.54,83,15.79,252,15.0,221,5.01,348,12.15400994,259.0,2026,59.09090909,57,33.33333333,150,64.51612903,287,15.45454545,36,42.72727273,46,23.28767123,29,74.57627119,251,9.090909091,171,46.98795181,69,39.89071038,184,65.38461538,35,56.25,235,0.101437025,163,0.118343195,271,,11.41166526,328,11.83431953,26,3.7,17.797700000000006,2.6282051300000013,-1.2679627999999994,10.045662100000001,-0.016906169999999998,6.363636358999999
2026,Clemson,66.3958,315,68.0181,350,134.72,8,118.438,21,77.5532,6,96.2725,22,22.1657,21,2026,55.52631579,82,7.028553499,2,38.31775701,54,41.57894737,122,2026,36.68639053,7,20.08158142,106,26.61290323,91,27.21893491,58,2026,78.11,78,0.41,124,1.63,19,0.49,123,0.07,175,0.92,94,1.02,59,2.01209,56,45.08,9,26.32,30,17.21,251,18.64,221,20.65,178,17.18,260,27.3,255,23.93,207,23.02,96,7.67,238,18.08,40,26.65,150,14.22,336,24.09,70,21.64,73,13.4,199,9.737317264,281.0,2026,61.9047619,35,31.76470588,192,72.15189873,160,9.278350515,186,39.17525773,14,22.22222222,21,63.04347826,48,4.761904762,33,44.73684211,101,42.6035503,239,61.95652174,58,40.74074074,30,0.085346721,240,0.045183558,11,,2.510197678,1,11.54690932,34,3.5,22.16550000000001,11.70485378,13.053027920999998,9.542483660000002,0.040163163,4.516445752999999
2026,Cleveland State,72.8562,141,72.0478,143,103.872,189,105.78,171,137.795,355,113.527,335,-7.74683,267,2026,50.40322581,182,21.27477052,290,37.33333333,68,29.03225806,277,2026,61.56716418,334,9.607960882,356,33.33333333,214,35.07462687,150,2026,76.41,322,-2.25,355,-0.44,244,-0.01,180,0.28,151,-2.52,348,-1.34,335,0.947742,294,36.41,103,18.95,161,33.76,2,13.25,324,17.66,252,16.38,278,32.1,202,31.91,115,13.25,234,9.44,210,13.31,89,35.62,27,33.18,39,11.64,331,16.92,162,2.63,356,0.0,339.0,2026,47.69230769,247,35.59322034,119,72.22222222,156,6.578947368,264,59.21052632,296,43.10344828,336,76.59574468,282,15.38461538,323,47.58064516,62,43.28358209,253,63.46153846,46,67.14285714,336,0.041176975,357,0.109805267,229,,10.2942438,295,5.490263361,299,3.1,-7.747,4.0,-11.666809638,-7.51022794,-0.06862829200000001,-8.805668012
2026,Coastal Carolina,73.5062,117,69.9385,291,97.3659,266,102.031,250,96.4756,101,108.8,231,-6.76911,250,2026,52.19298246,139,20.40642802,265,25.0,288,35.96491228,186,2026,46.33027523,106,15.64492815,252,15.06849315,4,53.21100917,321,2026,77.74,127,0.61,101,0.53,117,0.25,151,-0.21,203,0.51,138,0.57,101,1.47492,166,28.5,274,6.42,358,19.95,168,22.05,129,31.58,11,20.0,192,31.52,211,55.15,4,0.0,356,0.11,346,13.22,90,28.39,119,15.22,325,17.79,210,16.12,188,22.48,30,15.54626077,241.0,2026,47.45762712,255,38.18181818,84,58.53658537,344,13.88888889,61,47.22222222,104,29.72972973,121,70.68965517,174,3.389830508,13,48.24561404,52,33.94495413,69,42.85714286,302,44.44444444,73,0.074823569,281,0.054417141,26,,14.96471388,360,8.16257121,164,3.0,-6.768999999999991,9.93150685,-4.76149987,8.452088450000002,0.020406428000000004,10.499058382000001
2026,Colgate,68.6417,261,71.0508,206,108.636,146,106.176,159,112.063,223,109.302,248,-3.12602,180,2026,56.48148148,68,17.96770669,182,19.27710843,345,30.24691358,261,2026,48.65591398,147,13.59718344,310,37.5,289,41.39784946,233,2026,77.47,168,-0.31,210,0.01,177,-0.5,253,-0.05,187,1.2,68,-0.15,207,1.25596,229,30.67,223,26.34,29,19.76,177,8.63,359,17.5,254,27.78,43,43.75,74,34.51,82,9.24,295,2.47,331,10.03,132,28.99,111,12.47,346,12.96,316,21.98,70,23.6,21,42.35399961,47.0,2026,56.43564356,90,37.70491803,89,83.67346939,17,7.407407407,242,49.07407407,130,32.05128205,167,64.93506494,66,3.96039604,23,37.65432099,214,41.93548387,226,53.75,166,67.94871795,345,0.072842054,287,0.101978876,201,,7.769819109,171,6.312978026,261,2.2,-3.1260000000000048,-18.22289157,-4.37052325,5.653635980000004,-0.029136821999999993,3.447011367
2026,Colorado,69.1889,244,70.9738,211,126.201,35,111.739,76,118.647,284,104.964,136,6.77465,100,2026,57.39130435,57,12.23865375,27,33.33333333,128,67.82608696,3,2026,62.71186441,343,14.95835458,274,19.64285714,11,30.50847458,99,2026,78.65,28,2.03,21,3.14,2,1.54,33,-0.35,214,-0.21,204,2.58,4,1.16658,251,27.67,288,19.85,142,19.31,192,17.83,241,21.3,165,21.32,162,12.56,343,35.42,68,25.4,68,23.95,34,1.66,295,42.42,6,19.7,246,22.06,105,8.09,337,6.58,335,31.54146373,116.0,2026,56.25,94,40.0,47,69.23076923,211,6.097560976,281,60.97560976,322,44.44444444,345,75.0,254,6.25,68,30.43478261,323,30.50847458,40,55.93220339,131,28.78787879,3,0.101988781,161,0.061193269,36,,6.119326874,99,4.759476458,325,3.9,6.775000000000006,13.690476190000002,2.7197008300000007,-4.444444439999998,0.040795512,-0.15243902400000042
2026,Colorado State,68.6792,258,69.5911,309,140.546,2,117.718,29,105.33,169,104.232,124,13.486,65,2026,66.45962733,3,15.53115331,96,35.0,103,51.55279503,36,2026,50.55248619,178,12.13371352,334,20.0,12,29.83425414,92,2026,77.69,137,0.64,100,0.94,66,-0.21,204,-0.37,218,0.47,142,0.79,81,1.90521,77,35.59,115,20.31,127,25.18,55,15.37,283,15.88,292,23.26,115,25.55,272,45.81,17,3.64,346,18.9,75,6.1,214,33.98,37,21.2,218,19.83,162,15.93,193,9.05,298,8.387690783,293.0,2026,66.1971831,13,44.44444444,14,89.15662651,4,3.614457831,335,50.60240964,168,33.67346939,194,62.96296296,46,5.633802817,52,55.90062112,5,54.14364641,356,73.56321839,5,46.66666667,96,0.05338834,342,0.097069708,174,,5.824182491,84,6.794879573,237,3.7,13.486000000000004,15.0,-3.39743979,10.770975049999997,-0.043681368000000005,-2.019344986
2026,Columbia,66.1312,322,71.4808,175,100.616,224,103.835,210,107.16,182,108.627,224,-4.79181,209,2026,51.9047619,148,21.92609394,308,29.6875,207,32.38095238,234,2026,50.0,164,13.60929969,308,22.85714286,36,40.90909091,227,2026,78.06,82,0.41,124,1.2,50,0.98,68,0.29,149,0.34,149,0.81,78,1.95292,66,40.82,30,18.71,168,13.74,315,23.65,95,20.15,189,23.38,113,5.83,359,39.17,48,18.05,156,22.59,43,14.23,76,20.44,274,26.79,112,17.49,221,17.09,158,17.71,98,55.87764978,7.0,2026,51.47058824,187,35.13513514,131,70.58823529,189,11.76470588,106,50.0,146,33.33333333,182,71.11111111,183,13.23529412,298,35.23809524,259,38.18181818,150,43.75,288,62.5,302,0.07560722,278,0.128532275,303,,9.072866459,236,6.048577639,269,2.0,-4.792000000000002,6.83035714,-8.316794250000001,1.8018018100000006,-0.052925055,-1.4705882400000014
2026,Connecticut,69.3458,236,69.2038,320,133.077,12,122.609,4,79.4892,11,94.5779,12,28.0314,6,2026,63.20224719,13,13.45911194,44,36.36363636,84,39.88764045,138,2026,38.70967742,12,21.63071562,69,20.72072072,15,42.58064516,248,2026,78.3,52,1.48,41,0.4,128,1.52,34,0.56,106,0.55,131,0.94,65,2.46547,16,35.97,109,23.37,69,21.93,118,13.62,317,23.22,119,17.86,249,33.3,191,33.59,93,12.42,241,6.65,262,14.04,77,29.15,107,15.11,327,19.73,166,21.47,75,14.54,171,49.50838089,20.0,2026,66.05504587,14,39.13043478,63,74.64788732,101,18.86792453,17,39.62264151,16,24.48979592,47,66.66666667,85,3.669724771,17,38.76404494,192,31.61290323,49,60.60606061,65,31.48148148,6,0.149011596,21,0.072102385,62,,6.2488734,110,6.729555969,240,3.9,28.031099999999995,15.642915640000002,8.17160368,14.640638860000003,0.07690921099999999,15.198199759
2026,Coppin State,70.1906,208,71.313,188,85.4975,330,91.4008,364,126.26,324,114.852,351,-23.4508,364,2026,41.70731707,325,25.64445038,350,26.89655172,255,44.87804878,88,2026,57.69230769,299,16.74012733,213,39.09774436,310,45.72649573,287,2026,77.57,153,-0.22,198,-0.26,209,-0.13,194,0.56,106,0.92,96,-0.24,218,0.564993,346,48.1,2,26.17,31,23.53,81,21.0,158,11.42,352,17.89,246,34.19,178,29.91,140,13.31,233,18.03,82,4.55,249,17.39,326,37.31,18,22.43,97,14.43,235,8.44,309,14.13389444,250.0,2026,40.29850746,331,29.57746479,237,75.0,89,6.034482759,282,59.48275862,304,37.28813559,268,78.5046729,307,11.94029851,260,34.63414634,272,50.42735043,339,60.0,75,67.25663717,339,0.064111126,310,0.13890744,329,,11.75370642,337,10.32901474,72,2.3,-23.4512,-12.201192639999999,-8.904323049999999,-7.710670800000003,-0.07479631399999999,-5.905815751
2026,Cornell,75.8,66,74.7659,19,109.31,141,108.929,109,121.952,302,112.358,319,-3.4296,189,2026,54.06504065,104,18.46965699,195,30.26315789,199,37.39837398,167,2026,61.25,332,16.49076517,220,33.82352941,227,55.0,331,2026,75.72,358,-3.05,362,-2.34,359,-1.28,323,-0.63,254,-1.2,289,-2.69,365,1.24903,231,36.04,106,15.25,260,11.64,345,29.08,22,14.23,317,29.12,24,21.36,303,12.34,338,19.35,139,32.63,8,13.52,85,30.03,92,21.31,216,7.43,356,21.03,80,19.08,75,36.46910489,84.0,2026,55.76923077,107,35.21126761,128,73.91304348,118,7.936507937,231,57.14285714,262,43.85964912,341,59.09090909,15,11.53846154,250,57.72357724,3,47.5,307,57.40740741,104,52.45901639,173,0.059366755,331,0.112137203,245,,7.255936675,154,10.55408971,65,2.5,-3.429000000000002,-3.5603715200000003,-1.9788918200000012,-8.64838151,-0.052770448000000005,-3.601953603
2026,Creighton,72.9437,136,70.8568,220,106.248,166,116.541,36,113.785,241,101.633,94,14.908,54,2026,50.81300813,173,21.24925028,288,37.83783784,60,34.14634146,206,2026,52.08333333,203,14.39465341,287,39.50617284,318,18.75,19,2026,78.64,29,0.41,124,1.73,17,1.18,48,1.54,39,1.33,62,1.07,52,1.89359,81,36.88,92,25.41,37,22.52,103,17.54,247,13.64,324,20.89,174,26.92,261,26.21,184,11.2,262,28.13,18,7.54,177,27.11,146,25.62,125,20.16,150,16.78,164,10.33,280,30.71930707,125.0,2026,55.55555556,112,29.41176471,239,71.42857143,169,3.921568627,327,52.94117647,208,33.33333333,182,59.25925926,17,15.27777778,320,41.46341463,154,29.16666667,17,50.90909091,207,38.23529412,22,0.095964356,191,0.123382744,287,,8.910975923,223,4.798217805,322,3.4,14.908000000000001,-1.668334999999999,-6.854596869999998,-3.921568620000002,-0.027418388000000002,-11.356209152999998
2026,CSUN,76.0458,62,76.253,4,95.4983,272,101.884,253,114.55,249,107.672,190,-5.78798,230,2026,48.03370787,222,24.54660019,341,33.62831858,127,39.3258427,143,2026,53.43137255,237,12.27330009,327,27.96610169,116,28.92156863,82,2026,77.27,201,-0.86,268,-1.36,326,0.1,169,0.02,179,1.38,60,-1.11,314,1.76932,103,29.51,248,15.93,243,15.79,282,24.35,78,24.61,83,18.74,227,42.78,82,34.59,80,18.91,143,0.98,341,2.36,287,27.93,127,22.32,201,25.65,53,10.51,305,13.08,209,25.36491454,164.0,2026,47.10743802,260,33.33333333,150,67.14285714,247,2.912621359,347,59.22330097,297,31.68316832,161,72.88135593,218,14.04958678,308,32.02247191,307,49.50980392,331,52.63157895,181,56.98924731,249,0.065749822,307,0.144649608,341,,10.08163936,286,5.6983179,291,2.2,-5.787999999999997,5.66221689,-12.2733001,1.650165010000002,-0.07889978600000001,-11.136965421
2026,Dartmouth,73.6813,108,73.8194,58,88.7604,315,99.7447,296,106.5,176,109.355,251,-9.61024,287,2026,45.1754386,282,21.7151582,303,23.68421053,313,38.59649123,149,2026,53.1496063,230,13.57197387,312,19.17808219,9,21.25984252,26,2026,77.55,154,-1.59,329,0.14,161,0.51,121,1.56,23,0.07,180,-0.72,267,1.73813,108,27.89,287,11.58,321,21.59,126,22.65,115,26.28,59,17.31,259,31.45,212,23.46,216,18.46,148,23.33,38,1.36,303,18.99,301,44.63,4,15.36,266,12.03,278,8.12,319,46.82799876,26.0,2026,48.33333333,239,27.77777778,276,63.63636364,298,11.26760563,121,54.92957746,235,33.92857143,202,81.48148148,340,10.0,204,47.36842105,65,44.09448819,267,56.81818182,117,51.72413793,162,0.061073882,323,0.17643566,357,,4.071592162,20,7.464585631,208,2.6,-9.61030000000001,4.50612834,-8.14318433,-6.150793649999997,-0.115361778,1.2676056300000003
2026,Davidson,64.025,351,68.6563,337,114.114,102,107.681,126,96.6531,105,104.052,122,3.6286,119,2026,63.54166667,12,20.30456853,261,19.14893617,347,34.375,202,2026,43.11926606,43,20.30456853,99,36.36363636,274,39.44954128,213,2026,77.7,134,0.37,139,-0.49,249,0.11,166,0.3,147,1.14,76,-0.06,190,1.40843,185,44.13,12,7.76,352,23.91,72,21.97,131,24.56,86,21.45,160,31.72,206,10.62,348,28.57,38,4.14,304,24.44,18,29.53,100,18.27,270,16.92,232,19.05,118,15.33,150,24.06910658,174.0,2026,57.14285714,81,46.80851064,10,75.75757576,83,14.92537313,41,43.28358209,54,28.57142857,100,69.76744186,156,12.24489796,272,48.95833333,43,38.53211009,153,64.0,43,43.90243902,69,0.085903944,236,0.093713393,149,,10.93322921,320,11.71417415,29,2.8,3.6289999999999907,-17.214700190000002,0.0,18.237082070000003,-0.00780944900000001,2.680475170000001
2026,Dayton,70.2083,207,70.1183,272,110.6,131,110.698,87,91.4521,59,97.3874,37,13.3104,68,2026,48.7804878,206,12.34421365,29,23.0,324,56.09756098,16,2026,51.30718954,191,27.53709199,8,28.57142857,124,37.90849673,190,2026,77.51,160,2.23,19,-0.67,273,0.45,128,0.92,76,-2.44,346,0.78,83,2.39167,20,29.01,260,24.21,50,15.49,289,15.17,288,20.21,187,24.66,87,29.41,234,16.96,299,19.84,133,24.69,30,8.81,159,31.56,70,14.85,329,18.74,190,22.81,56,11.68,254,31.58789277,115.0,2026,62.10526316,33,20.28985507,351,72.82608696,145,14.60674157,46,42.69662921,44,42.1875,330,62.06896552,33,13.68421053,304,42.07317073,143,41.83006536,225,57.53424658,100,60.0,275,0.161424332,12,0.061721068,37,,6.172106825,102,11.39465875,40,3.3,13.310599999999994,-5.571428569999998,15.19287834,-21.89764493,0.09970326400000001,0.9225310400000009
2026,Delaware,65.9,323,71.2447,196,105.24,177,105.531,173,124.869,316,111.003,297,-5.47195,225,2026,49.18032787,199,12.8983308,37,25.0,288,22.13114754,336,2026,53.90625,249,15.17450683,268,43.66197183,342,22.65625,33,2026,78.14,74,-0.61,239,0.63,92,0.31,142,0.56,106,2.79,6,0.01,177,0.979406,286,22.14,346,17.46,203,17.25,248,16.02,266,23.59,113,25.35,79,33.59,186,36.69,60,23.91,82,5.37,283,0.18,314,17.45,324,20.7,225,15.77,254,18.37,133,27.05,8,14.44535702,248.0,2026,42.25352113,317,39.21568627,61,66.66666667,249,11.11111111,126,50.0,146,39.28571429,301,86.20689655,359,11.26760563,242,41.80327869,148,43.75,259,40.0,323,48.27586207,113,0.121396055,77,0.083459788,101,,4.552352049,33,3.034901366,355,2.4,-5.471999999999994,-18.66197183,2.2761760300000002,-0.0700280200000023,0.03793626700000001,-0.15649452000000075
2026,Delaware State,65.8375,327,70.4156,256,84.5523,336,95.135,355,118.386,280,113.652,341,-18.5167,360,2026,38.43930636,350,19.74558572,242,28.69565217,227,24.27745665,321,2026,63.20754717,350,14.68261502,281,22.61904762,32,35.8490566,166,2026,76.19,338,-0.98,284,-0.63,264,-1.76,342,-0.7,268,-2.05,338,-0.81,278,1.17032,250,30.95,213,12.16,313,28.27,19,17.54,248,11.91,348,29.49,20,29.64,231,28.79,157,11.76,251,17.65,87,11.76,106,27.5,136,23.28,181,25.56,54,15.17,214,7.55,327,15.76737761,236.0,2026,36.36363636,350,28.84615385,251,76.19047619,73,3.03030303,343,63.63636364,337,41.66666667,322,57.89473684,13,15.70247934,332,30.05780347,328,37.73584906,141,45.76271186,275,65.90909091,328,0.081007531,262,0.096196443,170,,10.1259414,288,6.581861907,244,2.9,-18.516999999999996,6.076604549999999,-5.062970700000001,-12.820512819999998,-0.015188912000000013,-12.672176310000001
2026,Denver,70.4792,197,70.9676,212,103.785,192,101.965,252,114.134,245,113.119,326,-11.1547,303,2026,52.61627907,133,21.28288501,291,29.47368421,211,29.06976744,276,2026,54.86486486,262,13.71563701,306,29.41176471,136,29.72972973,90,2026,77.53,157,-1.74,338,-0.37,219,1.22,47,1.5,43,0.02,185,-1.06,307,0.674929,341,23.17,339,10.76,333,19.23,196,29.38,18,18.83,223,21.79,150,41.67,90,15.53,312,23.64,84,19.17,73,0.0,317,17.77,319,32.71,42,16.96,231,22.0,68,10.56,276,4.668427631,314.0,2026,51.75438596,179,36.20689655,111,74.0,113,2.542372881,352,56.77966102,260,34.32835821,210,69.09090909,146,9.649122807,194,33.72093023,283,36.21621622,110,41.25,314,42.22222222,46,0.05202483,345,0.13715637,326,,7.567248005,166,8.513154005,144,3.5,-11.153999999999996,0.06191949999999835,-7.567248000000001,1.8785383400000057,-0.08513154,-7.106749925999999
2026,DePaul,72.1042,152,71.6283,167,99.88,233,104.432,195,89.0288,36,100.357,78,4.07544,114,2026,46.82080925,255,18.49176539,197,31.62393162,160,52.02312139,32,2026,44.84848485,77,20.34094192,98,23.63636364,47,39.39393939,212,2026,77.74,126,-0.28,208,0.54,116,0.99,66,-0.44,227,0.91,97,0.13,162,1.68426,118,34.12,139,16.41,226,26.95,31,24.11,80,13.74,320,18.8,223,33.71,185,30.18,137,15.51,191,12.83,145,7.78,170,19.94,283,32.0,46,14.84,277,22.46,63,10.75,273,34.65334773,95.0,2026,48.48484848,236,29.72972973,231,61.11111111,324,15.59633028,35,40.36697248,22,35.71428571,238,67.69230769,110,12.12121212,266,42.77456647,131,33.93939394,68,68.57142857,17,53.125,183,0.120196475,83,0.110950592,237,,7.396706154,159,8.321294424,158,3.0,4.075000000000003,7.9875679800000015,1.8491765299999976,-5.98455598,0.009245882999999996,3.475118160000001
2026,Detroit Mercy,77.7,38,73.2298,83,90.7588,306,99.6673,300,124.394,312,111.855,313,-12.1874,315,2026,42.01388889,320,18.01801802,183,30.52631579,189,20.83333333,344,2026,58.8,311,14.8005148,279,31.42857143,186,46.4,289,2026,77.4,174,-0.15,192,-0.4,236,0.06,174,1.53,40,-1.13,285,-0.28,224,1.15927,253,46.48,6,11.28,328,23.11,90,23.99,89,23.9,104,16.76,269,39.82,104,23.66,211,28.68,36,3.3,320,3.91,264,28.38,121,13.02,343,30.03,18,10.05,315,17.54,100,43.22188199,40.0,2026,47.2972973,259,24.28571429,329,66.66666667,249,10.44776119,142,53.73134328,221,43.10344828,336,79.31034483,315,12.16216216,271,48.61111111,46,46.4,292,53.84615385,162,59.01639344,269,0.102960103,152,0.096525097,172,,8.365508366,195,4.504504505,331,2.8,-12.187700000000007,-0.9022556399999999,-3.2175032199999993,-18.81773399,0.006435005999999993,-1.7144009699999998
2026,Drake,67.6486,282,70.2668,263,108.757,144,107.172,135,105.756,172,106.08,158,1.09146,139,2026,46.0,267,12.53700157,31,31.70731707,159,43.2,109,2026,48.58156028,146,16.019502,239,34.11764706,232,14.18439716,7,2026,77.64,142,0.38,136,-0.49,250,-0.05,184,-0.44,227,1.79,31,-0.05,189,1.2371,233,28.71,267,15.92,244,20.53,152,20.41,171,14.96,308,28.18,34,44.24,72,24.27,202,12.81,237,5.64,278,13.04,93,36.74,22,15.73,318,31.38,9,9.68,318,6.48,338,0.579582714,334.0,2026,47.5,253,28.88888889,249,75.92592593,80,13.18681319,78,43.95604396,58,38.0,280,75.0,254,6.25,68,36.0,244,35.46099291,94,43.1372549,300,54.23728814,201,0.08358001,249,0.055720007,30,,6.965000871,139,7.661500958,195,3.4,1.0919999999999987,-2.4103299900000046,3.48250043,-9.11111111,0.027860002999999994,6.9368131900000005
2026,Drexel,70.4625,199,69.259,318,105.22,178,102.5,239,117.956,279,109.497,254,-6.99713,251,2026,48.16176471,219,16.32073798,125,37.34939759,67,21.32352941,340,2026,55.76923077,279,16.32073798,226,25.45454545,77,54.80769231,330,2026,77.23,209,0.45,120,0.2,149,0.28,146,-0.81,274,-1.11,282,0.32,131,0.962004,292,25.33,320,12.77,303,13.69,319,22.86,108,21.55,157,28.45,28,53.74,20,18.09,288,7.65,312,14.03,132,5.36,232,29.08,109,22.81,188,19.07,181,16.76,165,11.03,268,37.01002002,79.0,2026,40.25974026,332,38.98305085,66,58.62068966,343,4.109589041,325,50.68493151,169,45.16129032,347,87.71929825,360,10.38961039,220,43.38235294,124,29.80769231,25,53.7037037,167,45.09803922,83,0.099343622,177,0.07095973,59,,9.224764946,246,6.386375732,256,3.1,-6.997,11.894852140000001,0.0,-6.178239470000001,0.028383892000000008,-6.280021348999999
2026,Duke,73.3625,125,70.9248,214,128.285,25,122.373,5,79.105,9,93.0547,6,29.3187,2,2026,58.83977901,40,13.63094224,48,35.57692308,98,50.82872928,45,2026,36.4321608,6,21.35514284,76,30.28169014,163,20.60301508,23,2026,79.3,4,0.58,106,1.38,38,2.28,2,2.03,12,3.22,2,0.98,62,0.828609,317,37.59,82,20.13,135,23.54,80,18.53,223,22.32,144,15.48,297,23.2,290,36.62,61,26.18,60,7.33,244,6.67,201,25.65,164,27.0,105,15.68,257,11.46,291,20.21,52,24.4125247,171.0,2026,60.6741573,45,38.04347826,85,77.17391304,61,10.28037383,151,38.31775701,8,22.82608696,25,68.29268293,123,3.370786517,12,50.82872928,29,46.23115578,291,68.53932584,19,45.16129032,84,0.10450389,146,0.081785653,93,,5.452376896,63,10.90475379,57,3.3,29.318300000000008,5.295232940000002,7.7242006,15.2173913,0.022718237000000002,6.909587313
2026,Duquesne,73.8884,100,72.1627,139,114.01,103,106.584,149,96.9041,106,101.618,93,4.96644,110,2026,55.88235294,78,17.29916748,163,29.46428571,212,43.85026738,102,2026,43.67816092,59,18.59660504,149,28.92561983,131,57.47126437,338,2026,77.94,97,0.41,124,1.45,33,-0.38,228,1.3,54,-0.14,199,0.93,67,2.01532,55,35.03,125,19.45,150,18.53,214,20.68,165,12.58,342,28.24,32,34.8,163,28.4,166,14.0,219,17.89,83,4.0,259,22.35,241,28.42,86,19.83,163,15.16,215,13.75,186,38.40614557,71.0,2026,67.96116505,7,27.38095238,283,64.63414634,286,9.183673469,191,50.0,146,23.68421053,34,72.0,210,10.67961165,227,44.9197861,98,43.67816092,258,58.06451613,95,40.29850746,26,0.090820629,218,0.11676938,265,,5.62222943,74,9.514542113,98,2.9,4.966000000000008,0.5386658799999999,1.2974375599999988,3.6967418499999987,-0.025948751000000006,-1.4959381809999996
2026,East Carolina,77.1375,45,72.5872,114,105.947,171,103.007,228,114.227,247,104.783,131,-1.77541,164,2026,48.33333333,216,16.8530222,146,33.33333333,128,60.0,8,2026,55.60344828,274,16.20482904,231,26.86567164,99,56.89655172,336,2026,77.08,231,0.41,124,1.78,16,-0.68,273,-2.08,355,-1.1,281,1.09,50,1.38409,190,28.36,278,19.97,138,27.78,25,27.49,34,13.73,321,10.61,347,16.02,328,50.17,8,24.64,74,3.7,315,5.0,239,17.53,321,37.7,17,23.32,83,10.87,300,10.0,288,23.41898829,178.0,2026,57.5,75,20.0,352,66.66666667,249,9.722222222,172,58.33333333,283,34.09090909,205,71.21212121,189,2.5,2,33.33333333,290,37.93103448,146,48.14814815,246,49.12280702,125,0.084265111,246,0.116674769,264,,5.185545292,53,7.778317939,186,3.3,-1.7759999999999962,6.4676616900000035,-0.6481931600000017,-14.090909089999997,-0.032409657999999994,7.222222221999999
2026,East Tennessee State,68.45,263,70.6885,233,101.4,215,104.903,185,96.1869,89,105.394,142,-0.491268,150,2026,52.52525253,136,21.9138057,306,27.11864407,248,48.48484848,58,2026,45.94594595,95,24.83564646,20,35.13513514,252,36.03603604,170,2026,76.75,284,-1.59,329,0.63,92,-0.25,210,-0.52,243,-1.49,309,-0.48,242,1.85477,86,25.38,317,23.27,72,31.0,11,18.45,224,18.29,240,8.99,355,50.24,33,21.4,244,15.33,196,5.34,285,7.69,174,22.55,238,17.43,286,31.17,11,17.31,152,11.54,258,17.7872017,214.0,2026,57.8125,72,28.57142857,254,72.91666667,142,9.375,183,46.875,101,29.78723404,123,72.5,214,12.5,277,35.35353535,258,42.34234234,234,44.68085106,282,54.54545455,206,0.15339664,17,0.124178232,290,,9.495982469,264,9.495982469,99,2.6,-0.49099999999999966,-8.016491070000004,2.9218407599999985,-1.215805470000003,0.029218408,-3.125
2026,East Texas AandM,77.25,42,73.269,81,82.819,342,96.292,347,113.881,242,110.988,295,-14.6957,337,2026,43.04347826,305,22.65372168,316,25.0,288,37.39130435,168,2026,54.8245614,260,18.77022654,145,33.33333333,214,67.54385965,358,2026,76.85,272,-0.76,254,0.49,119,-0.37,227,-1.01,287,-1.21,290,-0.13,203,1.23511,236,44.33,11,19.35,151,30.69,12,19.27,200,14.02,318,16.19,282,34.95,162,26.78,177,22.1,106,15.16,114,0.0,317,21.52,255,30.62,58,15.59,259,21.03,79,10.53,279,24.28156585,172.0,2026,50.0,203,23.63636364,334,67.44186047,239,5.128205128,306,51.28205128,178,41.66666667,322,66.23376623,83,6.666666667,90,47.82608696,60,31.57894737,48,51.1627907,201,56.36363636,238,0.110032362,122,0.110032362,231,,11.65048544,334,7.766990291,187,2.2,-14.695999999999998,-8.333333330000002,-3.883495140000001,-18.03030303,0.0,-1.538461539
2026,Eastern Illinois,66.9625,300,69.7415,299,92.7058,292,95.7619,351,101.255,139,107.7,192,-11.9385,312,2026,42.43421053,317,23.39617945,329,30.69306931,186,47.36842105,65,2026,43.18181818,45,17.42268683,190,38.4,303,43.75,265,2026,76.77,280,-2.22,354,-0.37,219,0.51,120,-1.44,327,0.33,151,-1.3,331,1.05473,275,27.2,299,11.52,325,22.1,110,22.36,125,19.54,204,24.18,100,33.51,188,40.08,40,4.95,336,14.15,128,6.68,200,23.34,214,26.74,115,14.75,280,17.61,146,17.17,109,38.68763745,67.0,2026,43.26923077,300,27.08333333,287,79.16666667,40,8.791208791,201,50.54945055,164,23.52941176,31,63.63636364,55,9.615384615,190,31.57894737,313,48.29545455,317,48.27586207,242,42.42424242,49,0.064712837,309,0.124447763,291,,10.95140315,321,10.95140315,55,2.3,-11.938100000000006,-7.70693069,-5.973492620000002,3.55392157,-0.05973492600000001,-0.8241758239999992
2026,Eastern Kentucky,74.1062,96,72.3822,128,94.9624,275,105.309,178,120.868,298,110.605,277,-5.2961,220,2026,47.10743802,250,18.89179388,216,23.07692308,321,32.23140496,240,2026,54.31654676,254,8.771190014,360,32.5,203,31.65467626,110,2026,76.19,336,-1.85,344,-0.37,219,-0.26,214,-0.88,282,-2.75,351,-1.11,316,1.19401,243,30.28,231,22.44,83,26.57,33,10.22,351,13.06,334,26.86,56,52.79,22,16.57,303,23.42,89,6.28,272,0.0,317,21.24,260,26.44,120,30.83,13,9.56,319,11.35,262,39.33700621,62.0,2026,54.09836066,139,26.66666667,295,69.23076923,211,10.22727273,153,60.22727273,313,29.41176471,114,63.63636364,55,11.47540984,247,49.58677686,37,36.69064748,125,48.97959184,230,50.0,130,0.047229485,351,0.161929662,351,,2.698827697,2,4.048241545,341,2.9,-5.2960000000000065,-9.42307692,-10.120603866000002,-2.7450980399999985,-0.114700177,-1.24813711
2026,Eastern Michigan,68.9563,251,71.1301,202,99.3694,240,102.651,235,91.9415,60,107.475,186,-4.82441,211,2026,42.8030303,312,16.677241,141,37.20930233,70,24.24242424,322,2026,45.33898305,81,18.12743587,166,27.84810127,114,29.66101695,87,2026,77.84,112,-0.26,205,0.41,124,1.06,57,1.0,71,-0.01,189,0.07,168,1.1539,258,31.9,187,16.88,213,18.77,206,22.52,122,27.24,44,14.6,314,32.73,198,32.52,106,19.83,134,11.22,170,3.7,266,23.19,218,26.55,117,18.56,198,22.44,64,9.26,295,6.267024577,300.0,2026,42.99065421,307,28.0,270,75.0,89,9.090909091,193,44.15584416,59,31.70731707,162,57.14285714,8,9.345794393,182,18.93939394,362,34.74576271,80,41.50943396,311,51.06382979,154,0.101513641,162,0.108764615,226,,5.80077948,83,7.976071785,175,2.9,-4.823999999999998,9.361201059999999,1.4501948700000007,-3.7073170699999984,-0.007250973999999993,-0.2548853019999999
2026,Eastern Washington,71.0819,180,72.6217,112,101.907,208,106.485,152,117.634,275,110.865,288,-4.38067,202,2026,55.08849558,87,18.76972955,206,19.84126984,343,33.18584071,221,2026,59.14634146,315,15.69831926,250,28.68217054,128,33.7398374,125,2026,76.91,264,-0.05,179,1.12,55,-0.66,270,-1.88,346,-1.05,278,0.54,105,1.15864,255,34.61,134,19.76,144,21.02,140,13.32,323,17.83,248,27.7,44,23.97,284,29.34,152,37.62,15,7.63,239,1.07,306,20.73,272,28.2,90,18.77,188,20.27,90,11.58,257,25.62142313,163.0,2026,56.49350649,89,34.72222222,139,68.0,224,5.960264901,285,57.61589404,268,41.05263158,319,66.26506024,84,7.792207792,129,31.85840708,310,38.61788618,155,50.89285714,208,55.55555556,226,0.088729631,224,0.098967665,188,,8.872963058,222,6.825356198,235,2.3,-4.3799999999999955,-8.840900700000002,-3.071410290000001,-6.330409360000004,-0.010238033999999993,-1.8319428909999997
2026,Elon,71.3528,172,70.4632,253,119.922,60,105.781,170,123.158,307,112.971,323,-7.18991,256,2026,49.65517241,195,9.272290753,7,37.07865169,73,35.86206897,187,2026,62.5,342,16.55766206,218,29.57746479,143,39.51612903,215,2026,77.84,111,-0.84,265,0.63,92,1.31,40,-0.05,186,1.17,74,-0.11,196,1.51798,157,30.71,221,30.69,8,17.51,241,22.52,121,15.29,303,14.0,321,28.94,241,19.95,264,24.38,76,15.92,107,10.8,117,26.23,157,19.17,250,19.88,160,18.75,125,15.97,135,10.28158888,275.0,2026,53.42465753,154,30.55555556,217,71.15384615,178,16.39344262,28,55.73770492,249,46.03174603,353,63.26530612,52,15.06849315,317,49.65517241,36,50.80645161,344,54.09836066,161,61.9047619,295,0.112592102,109,0.052984519,25,,3.973838894,17,5.298451859,309,2.5,-7.189999999999998,7.5011869,7.285371306999998,-15.476190470000002,0.059607583,1.3249494699999982
2026,Evansville,66.4938,312,70.4788,250,91.8307,297,99.459,308,120.441,293,107.757,195,-8.29767,277,2026,41.93548387,323,16.54290817,137,32.5,143,22.58064516,334,2026,56.66666667,288,13.53510668,313,31.81818182,191,27.5,64,2026,78.92,14,0.61,101,1.85,15,1.55,31,1.48,45,2.05,23,1.23,44,1.3176,214,24.38,331,31.43,5,26.44,36,8.2,360,17.01,263,16.4,277,52.75,23,30.9,129,1.03,355,9.09,219,4.55,250,25.81,162,30.96,55,12.2,327,18.18,136,12.2,233,23.63388538,176.0,2026,48.68421053,233,20.83333333,347,67.85714286,227,4.615384615,314,58.46153846,286,36.36363636,246,69.6969697,153,6.578947368,87,38.70967742,193,45.83333333,285,55.31914894,142,56.89655172,246,0.067675533,300,0.082714541,97,,8.271454084,190,6.767553341,238,3.8,-8.298000000000002,0.6818181800000005,-3.0078014900000003,-15.530303030000002,-0.015039008000000006,-1.9635627529999997
2026,Fairfield,70.9125,189,72.0409,144,94.3449,278,100.402,287,100.052,127,108.404,214,-8.00193,273,2026,42.74193548,313,18.80251484,209,32.03125,155,30.10752688,264,2026,45.08196721,80,14.10188613,298,25.21008403,75,35.51912568,158,2026,76.42,319,-1.03,291,-0.55,256,-1.09,310,-1.27,314,-1.01,272,-0.79,276,1.08647,269,34.86,128,24.08,53,17.33,245,12.49,333,11.81,349,33.8,6,44.81,63,28.59,161,16.98,177,5.54,280,3.28,276,31.37,72,26.45,119,16.06,248,15.11,217,10.27,282,20.51943839,197.0,2026,42.05607477,318,29.11392405,244,75.0,89,7.627118644,236,48.30508475,118,26.15384615,64,70.76923077,176,18.69158879,348,42.47311828,136,35.51912568,95,39.70588235,328,44.59459459,76,0.084611317,244,0.122216346,282,,6.580880193,125,5.640754451,292,2.3,-8.001999999999995,6.821165969999999,-4.70062871,2.9600779000000017,-0.037605029,-11.064470146000001
2026,Fairleigh Dickinson,72.6667,143,73.8216,57,87.3128,323,98.3116,327,125.676,322,115.423,355,-17.1115,352,2026,46.02272727,266,20.64220183,272,23.96694215,307,28.40909091,285,2026,58.7628866,310,13.30275229,317,33.02752294,212,36.08247423,174,2026,77.86,109,0.51,113,0.41,126,0.62,95,0.31,146,0.38,148,0.46,115,0.884733,306,32.43,173,17.28,206,21.16,138,22.67,114,26.14,60,12.56,334,31.89,204,17.75,294,17.82,160,15.01,117,17.17,48,22.22,244,20.54,227,28.56,27,19.94,95,8.4,311,3.195936233,320.0,2026,43.82022472,296,32.18390805,184,58.0,346,5.93220339,286,61.01694915,323,36.84210526,253,65.71428571,75,12.35955056,276,49.43181818,40,39.17525773,163,49.25373134,225,50.0,130,0.059633028,329,0.128440367,301,,7.798165138,172,7.339449541,216,1.5,-17.111400000000003,-9.060580789999996,-7.33944954,-4.658197209999997,-0.068807339,-6.427347170000001
2026,FIU,76.825,49,73.4573,70,85.9095,328,102.542,238,124.959,317,107.315,180,-4.77334,208,2026,43.66197183,301,26.03319232,353,38.63636364,52,8.450704225,362,2026,67.91044776,359,19.52489424,122,28.125,118,11.94029851,5,2026,76.78,278,0.28,147,0.73,82,-0.43,246,-1.7,337,-2.19,340,0.5,109,1.31314,217,34.85,129,23.85,57,23.32,85,12.18,338,21.88,148,17.35,258,46.52,49,36.7,59,8.53,299,6.67,260,0.0,317,22.14,246,33.79,35,14.91,276,9.68,317,17.08,110,9.178937227,284.0,2026,45.83333333,270,26.08695652,307,66.66666667,249,15.15151515,39,60.60606061,317,50.0,360,62.5,35,8.333333333,142,32.3943662,303,50.74626866,342,46.42857143,267,78.37837838,361,0.117149365,91,0.143182558,335,,11.71493654,336,7.809957696,184,3.3,-4.772999999999996,10.511363639999999,-6.508298080000003,-23.91304348,-0.026033192999999982,6.818181816999999
2026,Florida,80.8542,7,75.6643,7,111.003,128,119.497,17,95.9366,87,93.4085,8,26.0884,10,2026,48.60465116,213,19.37644937,228,45.98540146,9,41.86046512,119,2026,42.63157895,37,16.49059521,221,21.6,24,44.73684211,274,2026,78.95,12,2.27,18,2.47,5,1.75,17,0.24,154,0.99,87,2.37,7,2.00282,58,25.76,312,24.81,44,20.77,145,22.68,113,15.43,301,16.32,279,38.21,120,27.23,174,19.56,136,5.39,282,9.62,138,29.38,101,26.83,110,20.21,149,18.41,131,5.18,345,40.23579955,56.0,2026,60.8,44,21.11111111,344,66.66666667,249,13.00813008,80,43.90243902,57,26.86567164,80,83.52941176,350,6.4,77,41.86046512,145,35.26315789,91,54.73684211,148,33.33333333,7,0.098943571,179,0.094820922,159,,9.894357124,281,6.596238083,243,2.9,26.088499999999996,24.385401459999997,-2.885854160000001,-5.754560529999999,0.004122648999999992,6.6081300800000005
2026,Florida AandM,78.3958,25,73.2962,80,84.5107,337,95.248,354,123.894,309,113.296,328,-18.0479,356,2026,40.05524862,340,20.83444061,275,25.20325203,287,44.75138122,91,2026,60.81081081,323,19.13366994,130,38.94736842,307,45.40540541,282,2026,76.99,252,-1.05,294,-0.95,291,-1.23,317,0.56,106,0.57,128,-1.0,298,1.43259,177,38.2,69,18.36,177,25.72,43,16.83,258,16.86,268,21.54,156,9.72,355,32.54,104,44.41,3,8.29,235,4.0,259,30.33,89,29.29,75,15.78,253,11.91,281,11.76,248,22.07451612,185.0,2026,42.37288136,315,23.80952381,332,66.66666667,249,10.25641026,152,56.41025641,257,45.58823529,350,78.57142857,308,11.01694915,238,34.80662983,268,36.75675676,127,52.30769231,184,57.73195876,256,0.131809726,45,0.131809726,314,,7.653467978,168,5.952697316,271,2.8,-18.048000000000002,-13.744116389999995,-1.7007706700000007,-21.77871148,0.0,-0.7605388900000012
2026,Florida Atlantic,68.8153,255,71.7435,162,114.433,100,110.16,96,113.784,240,107.967,202,2.19357,133,2026,51.05263158,167,14.859531,81,32.23140496,149,37.36842105,169,2026,53.78378378,246,14.859531,278,30.18867925,158,32.97297297,117,2026,78.1,79,1.5,40,0.65,88,-0.3,220,0.59,105,1.02,84,1.07,51,0.602031,344,38.59,65,21.34,105,22.03,116,17.26,252,22.38,143,16.74,270,39.14,110,39.39,46,6.06,325,9.09,218,6.06,215,16.12,334,18.29,269,21.96,110,28.33,15,15.1,156,11.57145724,267.0,2026,47.54098361,252,38.23529412,83,71.83098592,164,13.88888889,61,49.07407407,130,40.25974026,310,72.13114754,211,9.836065574,198,35.78947368,249,41.62162162,217,48.80952381,234,46.42857143,93,0.083584862,248,0.092872069,141,,5.572324124,70,6.501044811,248,3.0,2.192999999999998,2.042725709999999,0.0,-2.024446140000002,-0.009287207000000006,4.052823316000001
2026,Florida Gulf Coast,73.9062,99,70.2667,264,111.196,126,105.919,165,140.578,359,110.918,290,-4.99876,214,2026,45.67901235,272,9.471458774,9,39.21568627,46,14.19753086,360,2026,67.4796748,358,12.17758985,332,29.8245614,150,42.27642276,245,2026,76.91,262,-0.83,264,-0.01,180,-0.54,258,-0.62,252,-0.5,228,-0.42,237,1.26041,227,38.38,68,14.8,270,32.45,7,15.62,277,13.64,325,23.37,114,33.93,182,16.96,300,14.88,204,8.88,223,24.73,17,15.6,339,32.24,45,29.42,22,11.37,293,11.11,266,35.17220616,93.0,2026,44.76190476,282,31.57894737,195,69.56521739,208,3.389830508,339,74.57627119,361,40.625,314,80.76923077,333,15.23809524,319,35.18518519,261,52.03252033,349,44.61538462,283,41.42857143,37,0.081183932,261,0.067653277,48,,2.706131078,3,4.059196617,340,2.6,-4.999000000000009,9.391124869999999,2.706131076,-9.046052629999998,0.013530655000000003,-11.848264732
2026,Florida State,78.4083,24,74.25,39,121.7,53,112.293,73,92.7158,63,99.5309,63,12.7621,72,2026,55.18867925,85,14.02912105,61,30.95238095,179,30.18867925,262,2026,46.94444444,116,23.8069933,32,32.23140496,195,43.33333333,262,2026,78.34,49,0.75,88,0.99,62,0.71,87,0.75,91,1.41,59,0.87,72,1.82431,96,31.63,192,18.03,187,20.25,159,21.2,152,24.18,95,15.97,288,12.92,340,48.02,11,17.71,162,10.05,196,10.67,121,26.27,155,23.86,165,25.03,59,19.13,113,5.19,344,6.063940376,302.0,2026,56.43564356,90,36.03603604,115,79.6875,35,10.0,159,48.18181818,116,30.0,128,62.82051282,42,12.87128713,289,52.35849057,17,38.88888889,159,54.63917526,151,50.0,130,0.123286215,72,0.080773727,90,,5.951748326,90,11.47837177,38,3.2,12.762100000000004,-1.2790240100000005,9.777872249999998,6.036036039999999,0.042512488,-2.8712871300000007
2026,Fordham,62.2938,361,68.9312,328,99.7355,236,102.638,236,106.571,177,111.107,299,-8.46878,280,2026,40.83333333,334,12.03973111,25,34.14634146,119,32.5,231,2026,53.38983051,236,16.85562356,207,30.1369863,156,11.86440678,4,2026,77.58,150,0.32,143,0.98,64,0.96,70,-0.41,224,-0.94,266,0.65,91,2.21215,36,30.75,217,20.49,123,23.42,83,15.76,269,12.47,343,27.85,40,19.54,318,34.25,87,29.55,31,4.17,302,12.5,98,27.3,139,25.2,131,18.92,184,14.6,233,13.97,185,2.548764646,323.0,2026,45.12195122,276,21.05263158,345,66.66666667,249,10.44776119,142,40.29850746,21,47.05882353,354,50.0,1,6.097560976,64,31.66666667,311,43.22033898,250,37.77777778,340,62.74509804,308,0.112370824,112,0.064211899,40,,5.618541186,73,5.618541186,295,2.4,-8.468999999999994,4.009355160000002,4.8158924500000015,-26.006191949999998,0.04815892499999999,4.350200214
2026,Fresno State,71.15,177,73.1796,86,103.494,195,103.337,219,97.0011,107,106.694,169,-3.35749,186,2026,48.84393064,205,19.67673928,238,34.25925926,114,41.04046243,130,2026,52.7607362,219,26.23565238,13,28.71287129,129,32.51533742,115,2026,77.86,107,1.62,33,0.58,111,0.23,154,-0.08,191,-0.03,193,1.1,48,1.59789,131,32.77,164,15.09,262,22.04,115,23.11,102,19.63,201,20.13,187,46.65,48,25.89,188,14.97,202,1.8,336,10.7,119,28.67,116,19.92,242,11.58,332,16.4,177,23.43,23,15.64839631,237.0,2026,51.54639175,184,30.26315789,222,73.23943662,133,7.954545455,230,60.22727273,313,29.33333333,110,66.03773585,81,10.30927835,218,43.93063584,116,46.01226994,287,46.57534247,265,42.66666667,51,0.11243851,110,0.079643945,87,,11.71234481,335,14.99180136,7,2.5,-3.3569999999999993,5.546387970000001,6.558913100000002,0.9298245600000001,0.03279456500000001,-2.3547328949999997
2026,Furman,70.7562,193,70.796,227,93.1464,288,105.278,179,113.128,233,106.903,171,-1.62504,162,2026,48.67256637,209,27.55940288,356,36.23188406,88,27.43362832,291,2026,57.6,297,14.13302712,297,24.63768116,60,22.4,31,2026,79.42,3,1.41,44,1.57,26,1.62,20,2.28,7,3.15,3,1.5,27,1.30321,219,29.95,237,20.24,130,22.09,111,13.1,326,18.71,228,24.87,83,32.94,195,22.6,223,13.57,229,10.0,197,19.78,35,42.71,5,20.7,226,16.26,245,7.24,347,11.76,249,46.13120258,27.0,2026,49.20634921,227,32.0,189,70.96774194,183,6.666666667,262,60.0,311,36.0,241,60.71428571,29,12.6984127,284,44.24778761,109,40.0,186,55.31914894,142,42.85714286,55,0.056532108,335,0.211995407,362,,6.359862203,112,8.479816271,145,2.8,-1.625,11.594202899999999,-13.42637576,-4.0,-0.155463299,-6.031746033
2026,Gardner Webb,70.9812,184,73.2105,84,83.833,339,99.0008,317,129.745,339,112.126,315,-13.1252,322,2026,41.34615385,330,21.13234129,283,21.79487179,335,50.96153846,44,2026,57.1969697,291,11.9749934,336,42.46575342,337,37.87878788,188,2026,76.36,327,-0.8,258,-0.64,268,-1.43,333,-1.61,335,-0.79,252,-0.73,269,0.525881,351,41.22,27,11.49,326,23.25,86,12.3,336,27.34,43,25.37,77,18.18,321,23.48,214,3.79,344,48.55,1,6.0,219,41.92,7,18.24,271,11.67,330,25.0,42,2.5,359,9.663285315,282.0,2026,38.46153846,343,30.76923077,209,62.26415094,316,9.333333333,185,66.66666667,346,29.8245614,125,66.0,80,15.38461538,323,37.5,217,43.18181818,249,43.24324324,298,74.62686567,359,0.063397024,315,0.126794048,295,,8.452936515,201,5.63529101,293,2.0,-13.125200000000007,-20.67088163,-9.157347889999999,0.9446693699999997,-0.063397024,-6.051282046999999
2026,George Mason,70.85,190,69.614,305,116.427,93,110.057,97,94.077,74,100.736,80,9.321,88,2026,53.94736842,107,18.34862385,191,36.36363636,84,51.75438596,34,2026,43.16239316,44,15.52575865,257,25.0,65,38.46153846,201,2026,77.93,99,-0.17,193,0.22,147,0.11,166,1.4,50,1.05,82,0.02,173,1.97199,62,30.36,228,20.87,118,14.98,299,13.43,320,20.0,194,30.23,16,45.71,60,33.25,99,11.34,260,9.52,207,0.0,317,28.45,117,20.41,229,21.07,125,20.75,87,8.77,306,4.568853229,316.0,2026,52.17391304,169,37.77777778,88,72.88135593,144,14.28571429,51,44.89795918,68,27.94117647,93,77.77777778,298,7.246376812,116,39.47368421,182,58.11965812,358,43.39622642,293,53.65853659,194,0.035285815,361,0.091743119,133,,9.174311927,242,11.99717713,25,3.3,9.320999999999998,11.363636360000001,-2.822865199999999,9.836601310000002,-0.056457304,7.039337477999999
2026,George Washington,75.8833,64,73.9257,53,119.294,67,114.369,56,90.1542,48,101.886,96,12.4837,73,2026,59.53757225,33,21.96354052,309,42.10526316,28,52.60115607,28,2026,45.40540541,83,18.88864485,139,22.22222222,26,30.81081081,104,2026,77.99,89,0.81,82,0.41,126,0.22,156,0.33,145,1.2,70,0.61,95,2.46394,17,33.73,152,24.45,47,20.48,154,18.94,214,14.34,316,21.8,149,43.03,80,25.47,191,4.53,338,15.43,113,11.53,108,22.6,237,22.85,186,18.28,203,20.93,83,15.34,149,34.19936895,100.0,2026,63.36633663,29,36.11111111,113,73.62637363,126,7.843137255,232,55.88235294,253,21.68674699,14,71.92982456,209,11.88118812,258,41.61849711,151,44.86486486,276,54.44444444,154,42.66666667,51,0.114210411,103,0.127388535,296,,9.22468702,245,7.467603778,207,2.8,12.483000000000004,19.88304094,-3.07489567,14.424364120000003,-0.013178124,-4.038050864999999
2026,Georgetown,70.5125,196,71.3276,187,113.513,104,111.132,81,94.708,79,99.9762,70,11.156,76,2026,46.75675676,257,10.40004727,15,34.48275862,109,49.18918919,53,2026,40.88050314,21,19.8546357,112,26.85185185,98,54.08805031,324,2026,78.28,58,2.57,14,-0.02,183,-0.11,190,0.56,106,1.35,61,1.27,40,1.8675,83,36.82,96,20.44,126,15.07,297,18.61,222,19.67,200,25.71,68,34.42,166,14.03,324,14.73,206,17.17,93,18.94,37,19.45,293,22.33,200,13.66,301,22.19,67,21.93,36,26.62316859,156.0,2026,55.83333333,105,20.0,352,73.62637363,126,25.25252525,3,38.38383838,9,30.0,128,81.39534884,339,10.83333333,230,35.13513514,262,37.73584906,141,48.75,235,41.07142857,35,0.12290965,73,0.03309106,6,,7.090941322,145,7.563670744,200,2.9,11.1558,7.630906769999999,9.45458843,-10.0,0.08981859,14.419191920000001
2026,Georgia,76.7708,50,73.9292,52,137.771,4,117.515,31,72.5866,3,97.3854,35,20.13,31,2026,57.91855204,50,10.85481682,18,43.47826087,21,34.38914027,201,2026,38.97849462,13,29.95929444,3,34.88372093,247,20.96774194,24,2026,77.58,151,0.28,147,1.63,20,0.95,71,-0.66,261,-1.37,306,0.95,64,1.84558,88,47.19,4,13.2,299,25.61,45,25.67,55,15.58,298,19.59,208,27.89,251,31.06,125,22.78,100,7.6,240,10.18,128,32.46,58,24.97,133,20.7,132,11.34,295,10.09,287,28.69382501,137.0,2026,66.95652174,9,32.0754717,187,81.57894737,25,20.86956522,11,40.86956522,25,23.94366197,43,61.53846154,30,7.826086957,133,47.9638009,56,38.17204301,149,52.25225225,185,54.6875,211,0.208412483,1,0.078154681,84,,3.039348711,5,9.118046133,115,3.6,20.129599999999996,8.594539939999997,19.10447762,8.13180973,0.130257802,13.043478262999997
2026,Georgia Southern,77.9042,35,75.506,9,118.889,70,108.065,123,118.433,281,114.384,347,-6.31946,241,2026,57.93650794,49,14.54778842,71,28.82882883,224,46.03174603,74,2026,53.8277512,247,18.82654971,143,45.37815126,348,36.36363636,178,2026,77.01,246,-0.59,224,0.06,171,0.34,138,-0.23,206,-1.59,314,-0.26,222,1.40889,184,38.46,66,10.37,337,24.12,67,23.1,103,19.27,212,22.73,129,44.64,66,26.45,180,10.46,277,15.1,116,2.75,283,22.74,233,19.27,249,23.98,73,18.18,137,15.27,151,10.87252051,271.0,2026,56.25,94,40.25974026,45,66.66666667,249,6.164383562,280,57.53424658,266,30.15873016,131,67.10526316,98,7.142857143,109,40.74074074,164,30.14354067,32,38.29787234,338,42.7184466,54,0.1326416,44,0.094132749,154,,5.134513558,50,5.562389688,298,2.5,-6.319000000000003,-16.549322430000004,4.2787612899999985,10.1010101,0.038508851,-0.9784735809999994
2026,Georgia State,67.9,277,70.6418,237,86.1415,327,98.1955,328,102.386,148,109.971,266,-11.7753,309,2026,40.53254438,336,21.60039273,299,30.35714286,195,28.40236686,286,2026,46.96132597,117,21.10947472,84,39.47368421,316,30.93922652,105,2026,78.25,61,1.51,39,0.09,167,0.9,75,1.11,64,0.59,127,0.8,79,0.528046,350,40.27,37,14.12,281,25.47,52,13.64,315,32.72,9,13.98,322,45.08,61,36.01,65,6.2,323,8.62,227,3.7,266,28.17,124,35.11,25,13.28,312,15.06,218,8.17,318,23.42865169,177.0,2026,38.46153846,343,29.23076923,242,77.08333333,63,8.870967742,199,49.19354839,134,28.07017544,94,67.85714286,113,9.615384615,190,38.46153846,198,31.49171271,47,59.3220339,80,50.64935065,147,0.122729504,74,0.108001964,222,,10.80019637,313,8.8365243,129,2.8,-11.775500000000008,-9.116541350000002,-0.4909180099999979,1.16059379,0.014727539999999997,-0.7444168730000005
2026,Georgia Tech,70.8449,191,72.023,148,90.5704,308,104.692,189,71.258,2,96.1563,20,8.5357,94,2026,47.70114943,234,20.88061734,279,25.92592593,271,31.03448276,250,2026,36.36363636,5,24.96595552,19,22.95081967,38,23.86363636,44,2026,78.45,42,1.1,64,0.9,68,0.97,69,1.56,23,0.68,119,1.0,60,1.46739,167,34.8,130,21.06,111,24.98,61,18.7,218,21.88,147,13.03,332,38.27,118,29.59,147,7.74,311,14.99,119,9.09,151,37.54,15,25.3,128,7.73,353,19.36,109,9.71,290,18.48041862,209.0,2026,48.18181818,241,31.25,198,62.96296296,310,17.77777778,19,41.11111111,28,20.93023256,8,69.04761905,145,10.0,204,36.7816092,237,48.86363636,325,60.2739726,72,65.45454545,326,0.145256468,27,0.099863822,193,,10.89423513,317,10.44030867,67,2.7,8.535699999999991,2.975106259999997,4.085338180000001,10.31976744,0.045392645999999995,7.777777780000001
2026,Gonzaga,73.1208,133,73.8136,59,123.61,46,121.604,9,79.2274,10,92.4837,5,29.1202,3,2026,55.50458716,83,12.76426007,34,40.6779661,35,20.64220183,346,2026,38.55421687,11,23.24918799,38,23.38709677,45,39.75903614,219,2026,78.03,87,0.35,141,0.33,137,1.47,35,0.49,129,0.44,144,0.34,126,2.78181,2,42.86,17,25.53,36,22.65,100,20.81,162,14.75,312,16.16,283,24.31,280,21.73,239,36.6,18,10.32,191,6.89,194,31.64,68,21.84,207,21.04,126,16.52,172,8.48,308,26.09313428,159.0,2026,59.86394558,51,30.98591549,206,64.44444444,288,10.63829787,137,42.55319149,43,22.22222222,21,69.6969697,153,2.721088435,6,32.56880734,300,43.37349398,254,54.54545455,152,35.71428571,14,0.127642601,57,0.068379965,53,,5.926263605,88,10.48492792,66,2.7,29.1203,17.29086933,10.484927919999999,8.763693270000001,0.059262635999999994,7.917209435
2026,Grambling State,69.8313,221,70.5056,249,97.7325,258,98.9361,318,122.138,303,109.073,238,-10.1372,292,2026,54.08163265,103,25.77642531,352,25.42372881,282,42.85714286,113,2026,61.84210526,336,22.19636624,54,44.06779661,344,39.47368421,214,2026,78.41,44,-1.2,311,-0.37,219,0.89,77,2.56,3,3.13,4,-0.79,277,1.05846,273,31.19,207,12.94,302,17.56,240,31.3,7,25.31,66,12.23,336,22.85,293,26.92,176,23.54,85,16.64,99,9.51,142,15.29,340,12.18,348,20.81,130,18.86,123,32.26,2,0.0,339.0,2026,48.48484848,236,43.75,21,69.04761905,213,5.882352941,287,61.76470588,327,41.30434783,321,68.88888889,139,10.60606061,225,32.65306122,298,40.35087719,193,41.30434783,313,55.73770492,229,0.121722008,76,0.171842835,355,,8.59214177,209,10.0241654,78,2.0,-10.136899999999997,-18.644067800000002,-3.580059070000001,2.4456521700000025,-0.05012082699999999,-4.723707669
2026,Grand Canyon,73.1583,130,72.7524,106,117.993,75,111.57,79,100.283,133,103.276,110,8.29429,95,2026,57.33695652,59,19.59220868,234,41.11111111,32,33.15217391,222,2026,50.29585799,171,19.59220868,119,21.0,19,36.09467456,176,2026,78.76,21,1.91,25,0.74,81,1.3,41,2.15,9,0.65,121,1.32,38,2.52508,13,31.53,195,15.57,251,24.0,71,25.95,51,12.95,337,20.95,172,26.62,263,45.68,20,9.27,294,12.71,149,4.9,243,23.72,206,28.36,88,22.7,91,11.41,292,13.2,206,16.27139598,227.0,2026,58.67768595,62,36.50793651,104,78.68852459,44,6.451612903,267,46.23655914,89,36.84210526,253,81.96721311,345,6.611570248,89,34.23913043,277,44.9704142,277,55.31914894,142,57.74647887,257,0.086570224,235,0.100239207,196,,9.56828796,268,10.93518624,56,3.6,8.293999999999997,20.111111110000003,0.0,-0.33416874999999635,-0.013668982999999996,-0.15995734499999958
2026,Green Bay,64.35,348,70.331,259,98.7172,245,101.266,272,137.513,354,115.438,356,-14.1714,333,2026,48.05825243,221,14.76301476,76,16.17647059,357,37.86407767,158,2026,62.85714286,348,7.77000777,362,30.0,155,61.9047619,352,2026,76.98,254,-1.53,326,-1.39,334,-0.62,267,0.42,136,0.92,95,-1.46,343,1.50119,161,29.95,237,20.19,133,29.97,13,18.65,220,21.63,153,8.48,358,41.96,87,14.29,321,9.36,291,18.72,76,14.29,74,18.3,312,24.66,145,18.15,205,25.68,36,11.97,241,45.98671496,28.0,2026,46.66666667,264,32.75862069,170,71.79487179,165,6.451612903,267,67.74193548,353,37.20930233,266,69.23076923,147,20.0,353,56.31067961,4,40.95238095,202,57.5,101,51.72413793,162,0.038850039,358,0.093240093,144,,5.439005439,60,3.885003885,344,2.7,-14.171999999999997,-13.823529409999999,-6.9930069900000005,-4.450681639999999,-0.05439005399999999,-13.548387096999999
2026,Hampton,73.35,126,71.7482,161,93.5179,284,101.462,266,124.327,311,108.545,221,-7.08218,252,2026,42.46031746,315,19.76823449,243,30.68181818,187,35.71428571,190,2026,55.38461538,272,14.99659168,273,45.0,346,45.38461538,280,2026,77.03,241,0.39,134,-0.37,219,0.42,131,-1.19,309,-1.21,290,0.01,176,1.75853,107,40.05,42,7.63,355,22.36,107,19.64,189,22.97,126,27.07,52,18.55,319,33.51,94,24.33,78,19.19,72,3.31,275,16.57,332,41.9,6,24.98,60,10.94,298,5.0,349,33.90763104,104.0,2026,40.78947368,324,30.0,226,71.11111111,179,8.860759494,200,53.16455696,212,39.21568627,298,62.71186441,38,21.05263158,359,39.68253968,179,39.23076923,167,58.69565217,86,67.74193548,343,0.102249489,157,0.115882754,260,,8.1799591,188,4.771642808,324,3.2,-7.082999999999998,-14.31818182,-4.771642810000001,-9.215686269999999,-0.013633265000000006,-12.191872086
2026,Harvard,68.4062,264,70.0141,282,106.3,164,103.614,214,111.21,216,108.74,226,-5.12669,218,2026,54.41176471,98,19.73503883,241,23.72881356,312,41.17647059,128,2026,54.66101695,258,16.08040201,236,24.28571429,55,27.96610169,70,2026,77.42,170,-0.63,242,-1.63,342,-0.38,228,0.72,95,2.02,26,-1.13,318,1.65803,120,23.85,335,12.59,306,17.67,235,30.46,9,18.81,227,20.47,180,55.56,16,28.6,160,13.62,228,2.22,333,0.0,317,23.96,198,20.41,230,8.55,350,24.88,43,22.2,33,68.8901782,2.0,2026,51.5625,183,39.47368421,58,83.33333333,18,12.16216216,101,48.64864865,124,43.18181818,338,69.6969697,153,9.375,183,37.25490196,225,37.28813559,132,54.16666667,158,47.27272727,103,0.102329831,155,0.131566926,313,,6.578346277,124,5.847418913,279,2.1,-5.125999999999991,-0.5569007300000024,-3.6546368200000003,-3.7081339699999987,-0.029237095000000005,2.7871621599999994
2026,Hawaii,73.1875,129,71.5788,170,113.18,108,106.864,143,86.3745,25,99.4957,62,7.36807,99,2026,51.1627907,166,19.5844008,233,39.0,49,59.30232558,9,2026,41.47058824,25,20.03985198,108,29.05982906,134,42.94117647,255,2026,78.59,31,1.1,63,0.98,63,1.7,18,0.3,147,1.79,31,1.04,57,1.78565,101,39.12,56,27.32,20,24.01,70,20.51,169,10.63,355,16.84,265,49.93,34,29.58,148,14.47,211,1.73,337,3.12,278,23.76,205,16.56,299,28.35,28,17.02,159,13.61,188,27.40795612,149.0,2026,51.88679245,175,33.33333333,150,69.60784314,207,7.692307692,235,41.02564103,26,28.30188679,96,67.12328767,100,9.433962264,184,38.37209302,203,31.17647059,43,55.84415584,133,47.61904762,108,0.104753772,144,0.118417307,272,,7.742670083,170,9.564474808,94,2.5,7.368300000000005,9.940170940000002,0.45545118000000073,5.031446540000001,-0.013663535000000004,-1.7416545719999998
2026,High Point,71.0,182,71.5482,171,128.031,28,115.06,48,95.0075,83,104.486,129,10.5749,80,2026,57.63358779,52,6.338028169,1,25.33333333,283,34.35114504,203,2026,47.00854701,118,25.35211268,18,37.33333333,288,29.91452991,94,2026,76.32,329,-1.18,304,-0.52,253,-0.24,208,-1.0,285,-2.56,349,-0.85,284,2.36326,22,38.92,60,14.08,282,18.48,215,21.79,134,19.11,215,26.15,61,13.33,338,33.33,97,30.48,29,9.21,216,13.33,87,32.9,49,38.43,15,21.98,109,2.17,362,3.54,355,15.17430395,244.0,2026,57.47126437,77,38.63636364,74,68.88888889,215,12.28070175,98,54.38596491,229,26.66666667,73,71.42857143,191,6.896551724,101,33.58778626,287,51.28205128,345,47.76119403,250,53.19148936,187,0.183098592,3,0.021126761,2,,4.225352113,25,7.042253521,229,2.7,10.573999999999998,-12.000000000000004,19.014084511,11.969696969999998,0.161971831,5.384150026
2026,Hofstra,73.7188,106,70.0159,281,102.479,202,103.135,222,110.583,209,104.091,123,-0.956406,156,2026,48.0,223,18.31284443,188,36.0,93,33.6,216,2026,53.01724138,227,21.02585841,85,38.57142857,304,54.31034483,326,2026,77.4,173,1.31,48,0.23,146,-0.68,273,-0.44,227,-0.39,219,0.77,84,1.59193,136,28.0,286,27.61,19,15.83,280,12.19,337,19.87,198,24.5,94,46.79,47,14.96,318,27.02,50,11.23,169,0.0,317,31.95,66,28.93,79,19.83,161,16.72,167,2.56,357,38.59480321,70.0,2026,53.84615385,144,25.53191489,314,73.80952381,123,11.42857143,116,51.42857143,182,36.95652174,256,63.49206349,54,3.846153846,20,37.6,215,39.65517241,176,51.85185185,188,60.37735849,280,0.09495549,201,0.06782535,50,,11.53030945,332,11.53030945,36,2.2,-0.9559999999999889,-2.571428570000002,2.713013980000003,-11.42460685,0.027130139999999997,7.582417584
2026,Holy Cross,72.9375,137,71.3961,182,91.7042,299,99.8269,293,125.538,321,114.811,350,-14.9846,339,2026,46.42857143,261,16.45244216,133,18.85245902,349,29.12087912,274,2026,61.08108108,330,10.05427021,352,20.87912088,16,33.51351351,122,2026,76.76,283,-1.97,347,-1.33,323,0.62,95,0.39,138,-0.98,270,-1.65,351,1.15626,256,30.7,222,16.88,212,19.6,183,16.97,257,21.86,149,24.26,98,24.78,277,23.08,218,26.81,52,20.98,56,3.64,269,24.81,183,18.59,261,15.59,260,23.16,54,17.19,107,43.26692224,39.0,2026,49.5049505,219,28.39506173,261,60.37735849,332,1.818181818,358,72.72727273,359,29.33333333,110,77.41935484,296,13.86138614,307,44.50549451,105,40.54054054,195,45.20547945,280,50.98039216,151,0.068551842,298,0.127963439,300,,3.656098258,12,3.199085975,353,2.1,-14.984100000000012,-2.0266618599999973,-6.39817195,-0.9382716000000002,-0.05941159700000001,-12.043204322000001
2026,Houston,65.0542,341,67.0992,360,111.951,119,117.944,25,76.6824,5,88.1365,1,29.8071,1,2026,49.48453608,198,15.88419906,112,39.47368421,43,18.04123711,356,2026,39.07284768,14,23.57010184,35,26.1682243,86,34.43708609,142,2026,77.78,125,0.99,71,-0.72,279,-1.01,298,0.56,106,2.05,24,0.13,161,1.81813,98,28.47,275,16.38,230,16.28,272,19.6,190,19.82,199,27.87,38,34.62,164,28.2,167,16.96,178,4.03,306,15.97,56,33.94,38,16.38,303,17.17,228,15.66,202,16.64,119,44.11193728,34.0,2026,54.54545455,131,28.57142857,254,74.28571429,107,13.33333333,74,41.9047619,36,21.73913043,15,61.53846154,30,4.545454545,32,43.29896907,126,30.46357616,39,57.14285714,110,37.03703704,16,0.158841991,13,0.102478704,203,,5.6363287,75,7.685902773,194,3.1,29.807500000000005,13.305459910000003,7.685902779999999,6.832298139999999,0.056363286999999984,8.787878785
2026,Houston Christian,69.4125,233,69.9887,285,86.4398,326,99.1189,315,112.372,224,109.367,252,-10.2478,296,2026,50.0,185,23.05060328,323,18.91891892,348,25.45454545,313,2026,58.62068966,308,17.28795246,192,26.66666667,92,22.4137931,32,2026,76.88,269,-2.46,359,-1.25,314,0.62,95,0.99,72,-0.65,241,-1.85,359,0.965762,291,32.32,178,18.99,160,13.25,326,11.35,345,27.35,42,27.94,36,10.56,352,6.81,359,38.66,11,32.63,9,9.24,147,23.6,207,18.43,267,6.24,361,25.36,37,25.21,15,26.08469427,161.0,2026,51.51515152,185,31.81818182,191,35.71428571,362,15.625,33,59.375,301,38.46153846,286,76.92307692,287,3.03030303,9,40.0,173,44.82758621,275,45.83333333,274,62.06896552,297,0.115253016,100,0.129659643,307,,10.08463893,287,5.762650819,284,2.4,-10.248100000000008,-7.747747750000002,-5.762650820000001,-6.64335664,-0.014406626999999991,12.594696970000001
2026,Howard,68.3,267,71.7157,164,100.667,223,101.452,267,117.608,274,113.981,343,-12.5291,318,2026,51.36363636,160,23.42606149,330,31.25,168,29.09090909,275,2026,62.72727273,346,24.15812592,30,42.62295082,338,36.36363636,178,2026,76.45,316,-0.82,260,-2.07,352,-0.47,250,0.43,134,-1.9,331,-1.44,342,1.41252,181,22.25,345,11.17,330,14.72,302,29.38,19,27.8,39,16.79,267,29.88,228,38.89,50,11.73,252,6.04,274,13.33,87,23.15,221,25.52,126,9.92,341,28.34,14,12.78,215,5.00019975,313.0,2026,42.42424242,314,43.18181818,27,75.0,89,4.225352113,321,54.92957746,235,51.28205128,361,57.5,11,7.575757576,123,40.0,173,35.45454545,93,68.08510638,24,42.37288136,48,0.109809663,124,0.109809663,230,,12.44509517,344,13.17715959,18,3.3,-12.528999999999996,-11.37295082,0.7320644300000012,-8.100233099999997,0.0,-3.3504054630000004
2026,Idaho,69.3187,238,69.7877,298,113.154,109,107.055,138,114.74,250,112.162,316,-5.10694,217,2026,52.99145299,128,19.4752502,230,37.14285714,71,37.60683761,162,2026,56.19469027,282,12.98350014,321,22.22222222,26,39.82300885,221,2026,77.33,189,0.66,95,-0.18,204,-0.1,189,-0.83,277,-0.02,190,0.24,142,1.53121,153,25.89,310,22.21,86,26.48,35,15.6,279,20.02,193,14.81,313,39.28,108,17.47,296,17.18,175,12.75,148,11.96,105,27.12,145,14.69,331,24.91,61,15.44,209,16.48,124,35.17525494,92.0,2026,54.6875,127,33.96226415,144,75.0,89,8.333333333,217,58.33333333,283,35.8490566,240,71.11111111,183,14.0625,309,45.2991453,89,46.90265487,300,52.83018868,180,44.44444444,73,0.072130556,289,0.100982779,197,,9.37697232,260,5.770444505,283,2.6,-5.106999999999999,14.920634919999998,-6.491750060000001,-1.8867924499999944,-0.028852222999999996,-5.729166666999999
2026,Idaho State,62.5062,360,67.521,357,102.259,204,102.124,246,112.862,231,108.743,227,-6.61873,249,2026,51.96078431,145,23.19768023,324,37.93103448,58,32.35294118,236,2026,56.48148148,285,17.59824018,184,30.35714286,165,24.07407407,47,2026,77.81,121,-0.21,197,-0.32,215,1.62,20,2.43,6,-1.58,312,-0.27,223,0.817108,320,30.9,214,26.72,26,12.29,337,25.9,52,10.6,356,23.44,110,46.49,52,11.67,341,22.93,98,9.94,200,7.14,188,26.22,158,18.77,258,22.25,100,13.27,252,18.42,91,26.66493356,155.0,2026,50.87719298,197,35.55555556,120,66.66666667,249,8.333333333,217,55.55555556,246,38.88888889,294,73.07692308,221,15.78947368,333,44.11764706,110,33.33333333,58,48.88888889,231,57.40740741,253,0.087991201,230,0.135986401,323,,9.599040096,272,8.799120088,132,2.6,-6.619,7.573891620000001,-5.599440049999998,-3.333333329999995,-0.0479952,-7.456140347
2026,Illinois,74.1208,94,74.2921,38,137.691,5,123.071,3,91.1083,55,94.7235,13,28.3479,4,2026,62.18274112,19,14.39091573,65,43.87755102,18,41.11675127,129,2026,43.41463415,51,11.24290292,342,18.8976378,8,14.63414634,9,2026,79.44,2,3.37,6,1.63,20,1.97,5,2.56,3,0.64,123,2.5,6,1.65192,122,30.8,216,19.06,159,19.95,169,19.75,187,18.63,231,22.47,131,24.82,276,13.69,325,12.5,238,34.48,6,14.33,71,28.72,115,27.33,101,18.64,194,8.64,331,16.39,127,35.0154072,94.0,2026,65.42056075,17,38.88888889,68,76.54320988,72,12.5984252,89,46.45669291,95,25.64102564,60,80.0,322,6.542056075,83,45.68527919,84,38.04878049,147,40.95238095,317,48.10126582,112,0.053965934,340,0.098937546,187,,4.497161167,31,5.846309517,280,3.1,28.347499999999997,24.97991322,-3.148012809999999,13.247863249999998,-0.044971612,6.056369125
2026,Illinois Chicago,74.1125,95,72.9755,95,110.333,133,105.98,162,99.8991,123,103.596,117,2.38374,130,2026,52.25225225,138,20.23950076,258,31.34328358,164,51.35135135,41,2026,43.75,62,24.28740091,29,43.90243902,343,35.15625,153,2026,77.05,238,-1.14,300,-0.1,194,0.62,95,0.76,89,-1.94,333,-0.62,260,1.81364,99,39.14,55,14.73,271,9.8,354,21.7,136,22.61,141,31.01,14,36.85,142,26.0,187,20.83,124,16.06,103,0.0,317,18.67,305,29.77,66,17.28,224,21.77,72,12.26,231,12.21042052,258.0,2026,51.85185185,177,35.0877193,132,84.21052632,15,16.39344262,28,52.45901639,199,23.88059701,40,77.77777778,298,9.259259259,178,51.35135135,24,52.34375,352,56.25,124,60.41666667,281,0.134930005,42,0.134930005,320,,6.746500253,130,10.7944004,59,2.6,2.3840000000000003,-12.559155440000001,4.04790015,11.207122290000004,0.0,7.134183360999998
2026,Illinois State,71.2812,173,69.7125,302,100.941,219,107.049,140,96.2146,91,104.051,121,2.99896,126,2026,51.70940171,155,17.53616835,170,26.92307692,253,37.60683761,162,2026,45.65217391,87,13.32748794,316,20.0,12,44.34782609,269,2026,76.69,293,0.91,76,-1.17,307,-0.4,242,-1.11,299,-1.9,331,-0.13,201,2.1755,40,33.67,154,20.62,122,13.85,314,19.54,192,24.45,91,21.18,168,55.49,17,13.28,329,11.33,261,5.21,289,13.54,84,24.85,181,21.7,211,23.49,78,11.68,287,17.27,105,50.12594461,18.0,2026,52.77777778,162,33.33333333,150,52.27272727,359,9.210526316,188,55.26315789,239,17.94871795,2,62.74509804,39,8.333333333,142,38.46153846,198,33.91304348,66,43.39622642,293,48.97959184,120,0.070144673,295,0.077159141,79,,9.820254274,277,6.313020605,260,3.6,2.9980000000000047,6.92307692,-4.208680410000001,15.384615380000003,-0.007014467999999996,0.8771929829999987
2026,Incarnate Word,65.6125,331,70.1527,270,97.5424,260,105.903,166,149.362,362,110.854,287,-4.9512,213,2026,44.06779661,297,7.620499143,3,16.66666667,355,35.59322034,192,2026,73.95833333,362,15.24099829,265,38.0952381,299,62.5,353,2026,76.03,345,-1.36,318,-1.3,320,-1.1,311,-1.83,344,-1.29,304,-1.33,333,2.39158,21,22.56,343,8.03,351,8.35,358,26.68,42,32.73,8,24.22,99,42.86,81,8.87,353,16.53,181,24.6,31,7.14,192,23.43,209,16.89,291,35.75,2,16.24,185,7.69,324,43.47895682,36.0,2026,51.51515152,185,23.07692308,337,57.14285714,349,4.347826087,317,69.56521739,358,52.0,362,90.0,361,3.03030303,9,44.06779661,113,52.08333333,350,34.7826087,350,75.86206897,360,0.106686988,138,0.015240998,1,,6.096399314,96,4.572299486,329,2.4,-4.950999999999993,-21.42857143,7.620499147,-28.92307692,0.09144598999999999,1.3175230569999998
2026,Indiana,72.1792,150,70.7962,226,138.215,3,120.768,13,91.1656,56,97.3864,36,23.3816,17,2026,66.30434783,5,12.00715811,24,31.39534884,163,36.41304348,182,2026,43.67816092,59,18.93436472,137,26.31578947,87,40.22988506,222,2026,78.04,86,-0.05,180,0.25,142,1.01,64,1.39,51,0.53,136,0.1,164,3.02775,1,28.47,276,24.19,51,19.29,193,21.1,157,23.65,111,10.89,346,31.82,205,32.69,101,24.78,73,5.12,290,4.88,244,31.94,67,18.45,266,25.29,57,7.9,339,15.49,146,0.0,339.0,2026,62.5,31,47.5,7,82.08955224,22,6.349206349,273,43.65079365,55,29.16666667,108,65.71428571,75,6.730769231,94,43.47826087,121,27.5862069,10,70.87378641,9,37.68115942,19,0.096980892,187,0.050799515,22,,6.927206604,136,9.236275472,110,3.2,23.381600000000006,5.079559370000002,6.927206610000001,18.33333333,0.046181376999999996,-0.3815628819999999
2026,Indiana State,70.1188,211,74.1162,46,99.974,232,104.466,194,105.222,168,107.885,198,-3.41979,188,2026,47.86324786,227,19.25305286,224,29.33333333,215,32.47863248,232,2026,46.12403101,98,16.40074873,222,41.55844156,330,33.33333333,119,2026,77.14,224,0.22,152,-0.61,262,0.62,95,-0.61,251,-0.98,271,-0.19,213,1.00223,284,28.13,282,28.01,17,25.74,42,16.03,265,19.63,202,10.22,350,29.4,235,38.87,51,21.05,121,3.66,317,6.87,196,19.79,288,44.92,3,16.91,234,9.29,321,8.81,305,35.77126563,87.0,2026,57.37704918,79,25.0,316,73.68421053,125,4.301075269,318,43.01075269,50,36.11111111,244,65.11627907,69,9.836065574,198,47.86324786,57,27.90697674,12,63.26530612,49,41.50943396,41,0.099830644,172,0.121222925,281,,7.130760317,148,6.417684286,253,3.6,-3.419000000000011,-12.22510823,-2.8523041300000003,-11.111111110000003,-0.021392281,-5.534990304999999
2026,Iona,80.5,9,75.0502,15,115.051,96,105.874,168,101.586,141,109.231,246,-3.35632,185,2026,60.22727273,26,20.49689441,266,30.98591549,178,31.06060606,249,2026,50.72992701,182,20.49689441,96,37.17948718,283,28.46715328,75,2026,76.78,279,-0.61,238,0.14,163,-0.67,271,-1.11,298,-0.87,263,-0.23,216,1.36915,196,28.75,266,21.31,107,18.65,213,26.56,43,13.67,323,19.81,201,30.0,224,31.25,121,38.75,10,0.0,348,0.0,317,14.07,350,34.14,32,18.59,196,16.56,171,16.63,120,2.249955013,326.0,2026,56.25,94,44.23076923,16,65.85365854,271,3.448275862,338,60.91954023,321,22.0,19,64.1025641,63,6.25,68,39.39393939,185,36.49635036,119,48.52941176,238,40.625,29,0.105590062,142,0.111801242,242,,9.316770186,255,9.937888199,80,2.8,-3.3569999999999993,-6.193571690000002,0.0,22.23076923,-0.006211179999999997,-2.801724138
2026,Iowa,65.85,326,66.6133,365,134.622,9,117.15,32,96.2501,93,99.8964,68,17.2539,42,2026,65.46391753,7,13.66742597,51,28.57142857,228,65.97938144,5,2026,52.63157895,216,28.09415338,7,33.33333333,214,42.10526316,242,2026,78.49,39,0.42,122,0.39,129,0.95,71,0.84,80,2.79,6,0.41,119,1.44023,173,35.79,110,24.09,52,19.59,184,15.35,284,14.95,309,24.87,82,12.62,342,48.62,9,26.57,53,10.49,186,0.66,311,35.73,25,16.99,289,13.78,299,28.83,11,3.59,354,2.041388676,328.0,2026,66.66666667,10,42.5,33,79.6875,35,5.357142857,298,46.42857143,93,41.02564103,318,67.5,106,7.01754386,107,41.2371134,160,41.05263158,203,76.36363636,3,42.85714286,55,0.144267274,30,0.045558087,12,,9.111617312,238,13.66742597,12,3.5,17.253600000000006,-4.761904760000004,14.426727410000002,1.4743589699999973,0.098709187,-1.6604010029999996
2026,Iowa State,73.7625,105,72.5334,117,129.166,21,117.991,24,86.3906,26,91.1279,3,26.8627,8,2026,59.85221675,31,13.55702423,47,37.38317757,65,31.03448276,250,2026,48.74213836,150,28.46975089,6,27.18446602,105,33.96226415,130,2026,77.83,113,0.4,133,1.27,47,0.24,152,0.06,177,0.2,164,0.84,77,2.54416,11,33.79,149,15.61,250,27.85,24,18.26,230,16.15,287,22.14,140,54.04,19,16.54,304,0.0,356,6.0,276,23.41,23,23.19,219,29.97,63,22.0,108,17.19,154,7.65,326,50.81158876,16.0,2026,63.41463415,28,36.25,109,68.25396825,221,12.90322581,82,49.46236559,140,31.81818182,164,68.51851852,133,7.317073171,117,39.408867,184,41.50943396,213,55.14018692,146,46.26865672,92,0.167203299,7,0.081342145,91,,5.422809693,58,11.749421,28,3.7,26.863100000000003,10.198711550000002,14.91272666,4.4318181800000005,0.085861154,5.586152639000001
2026,IU Indy,87.5375,1,77.6641,1,103.831,190,101.188,273,123.402,308,116.668,362,-15.4802,344,2026,49.78632479,192,16.75472417,143,29.19708029,217,22.64957265,333,2026,61.73469388,335,21.70498358,66,47.95918367,356,60.20408163,347,2026,76.27,332,-2.01,349,-1.66,343,-0.7,275,-1.08,296,-0.21,204,-1.84,358,0.274802,359,37.22,87,14.39,279,23.9,73,27.02,40,15.44,300,19.26,216,29.88,225,14.06,323,11.35,259,22.59,42,22.12,27,28.39,120,19.74,245,20.25,148,7.3,345,24.32,19,0.516196154,335.0,2026,55.24475524,119,27.47252747,282,73.58490566,128,5.755395683,292,67.62589928,352,31.57894737,154,69.49152542,150,13.28671329,301,38.88888889,191,29.08163265,16,52.88461538,179,49.10714286,124,0.140891999,34,0.106620972,217,,6.092626969,95,7.615783712,197,2.7,-15.480000000000004,-18.762103380000003,4.950259410000001,-4.106419900000002,0.034271026999999996,-7.531317607
2026,Jackson State,76.3187,57,72.8266,101,81.8,346,101.844,255,143.54,361,110.262,270,-8.41761,278,2026,42.4,318,15.06838097,86,12.94117647,361,24.0,324,2026,63.21428571,351,14.41323397,286,49.31506849,359,42.14285714,243,2026,75.82,354,-1.16,302,-1.96,348,-1.78,344,-0.83,277,-2.24,342,-1.56,345,1.10218,268,33.93,143,18.05,186,22.67,99,6.18,362,20.85,175,32.16,10,22.22,299,22.22,228,33.33,22,13.61,135,8.62,161,16.05,335,20.2,234,23.47,79,19.14,112,21.03,44,42.03691483,48.0,2026,37.68115942,347,32.14285714,185,63.33333333,305,8.571428571,210,68.57142857,357,38.57142857,289,71.18644068,187,4.347826087,28,44.8,99,50.0,337,34.09090909,351,62.66666667,306,0.11137499,115,0.11137499,239,,3.930881992,16,3.275734993,352,2.6,-8.418000000000006,-36.37389202,-0.6551469999999995,-6.428571430000005,0.0,4.223602484000001
2026,Jacksonville,71.2688,174,70.6759,236,93.2943,285,99.7841,294,120.075,291,106.93,172,-7.14613,255,2026,48.72881356,208,19.64395335,236,24.65753425,296,25.42372881,314,2026,53.6036036,242,12.62825572,324,28.57142857,124,60.36036036,349,2026,77.1,226,-0.74,253,-0.02,184,0.62,95,-0.29,211,-1.16,287,-0.38,231,0.921705,299,39.02,58,14.36,280,13.01,330,25.45,58,22.9,128,23.91,101,36.69,145,28.9,155,14.07,218,10.66,183,9.06,153,21.63,253,22.38,198,15.11,270,19.07,117,21.45,40,21.33923024,193.0,2026,56.14035088,99,27.86885246,275,60.0,334,6.849315068,257,58.90410959,291,28.94736842,106,77.6119403,297,12.28070175,273,51.69491525,22,34.23423423,74,46.93877551,259,61.11111111,291,0.070156976,294,0.112251162,246,,8.418837148,197,5.612558099,296,2.9,-7.145900000000012,-3.913894319999997,-7.01569763,-1.0785159600000007,-0.042094186000000006,-5.431386682
2026,Jacksonville State,0.0,363,69.7398,300,0.0,363,103.796,211,200.0,363,104.335,126,-0.538475,152,2026,0.0,363,100.0,363,0.0,363,0.0,363,2026,100.0,363,0.0,363,100.0,363,100.0,363,2026,0.0,363,-99.0,363,-99.0,363,-99.0,363,-99.0,363,-99.0,363,0.0,179,0.0,363,0.0,363,0.0,363,0.0,363,0.0,363,0.0,363,0.0,363,0.0,362,0.0,362,0.0,356,0.0,348,0.0,317,0.0,363,0.0,363,0.0,363,0.0,363,0.0,363,0.0,339.0,2026,0.0,363,0.0,363,0.0,363,0.0,361,100.0,363,100.0,363,100.0,362,100.0,363,0.0,363,100.0,363,0.0,363,100.0,363,0.0,363,1.0,363,,100.0,363,0.0,363,2.4,-0.5389999999999873,-100.0,-100.0,-100.0,-1.0,-100.0
2026,James Madison,70.7542,194,69.6054,306,107.003,157,107.503,129,111.611,220,109.332,250,-1.82815,165,2026,53.08988764,126,19.78682056,245,27.10280374,249,29.21348315,272,2026,45.78313253,90,15.54678759,256,35.96491228,271,64.45783133,357,2026,77.28,199,-1.05,295,0.16,158,1.12,50,-1.01,286,0.13,168,-0.45,240,1.78024,102,37.29,86,14.93,266,21.52,128,13.53,318,20.41,183,29.16,23,33.39,190,32.53,105,18.17,154,9.32,215,6.03,216,18.29,313,23.62,173,29.83,19,15.25,212,12.58,223,17.04994291,223.0,2026,50.0,203,37.5,90,73.07692308,135,16.82242991,24,42.99065421,49,33.89830508,199,79.43925234,318,6.666666667,90,49.43820225,39,35.54216867,96,60.25641026,73,51.51515152,161,0.075378364,280,0.108356398,223,,8.951180731,228,8.008951181,171,2.8,-1.8289999999999935,-8.862108540000001,-4.24003297,3.60169492,-0.032978034,10.155763242999999
2026,Kansas,68.7958,256,70.7139,230,119.528,63,115.557,43,88.9449,35,94.3895,11,21.167,25,2026,60.84337349,23,16.95839138,152,27.05882353,251,36.74698795,177,2026,42.81767956,39,15.0202895,271,23.96694215,51,26.51933702,54,2026,78.49,40,1.19,54,0.67,86,0.66,93,1.26,56,1.58,53,0.93,66,1.53309,151,40.07,41,23.4,67,20.03,167,29.77,14,12.91,339,13.26,331,31.05,217,27.11,175,24.37,77,8.38,233,7.77,171,32.79,51,18.52,262,14.35,285,16.43,175,17.18,108,8.46452713,292.0,2026,61.53846154,39,40.0,47,70.49180328,193,21.10091743,10,47.70642202,107,23.61111111,32,60.41666667,26,7.692307692,124,45.18072289,90,39.77900552,180,60.46511628,67,44.92753623,78,0.092059839,210,0.116286112,262,,5.329780147,55,5.814305614,281,3.9,21.167500000000004,3.0918813800000002,-1.9381018799999978,16.38888889,-0.024226272999999993,13.408609738
2026,Kansas City,81.225,5,73.1834,85,103.939,188,99.5943,304,127.153,329,113.98,342,-14.3854,335,2026,48.95104895,203,18.46722068,194,35.63218391,97,30.76923077,253,2026,68.04511278,360,18.46722068,152,32.25806452,196,30.07518797,95,2026,76.57,309,-0.31,211,-1.34,325,-1.02,299,0.02,180,-1.6,316,-0.83,281,0.869029,309,31.98,185,10.57,336,17.49,243,22.7,112,23.0,125,25.19,81,31.93,203,42.49,31,2.36,351,18.26,77,3.7,266,29.84,94,29.27,77,21.13,124,10.62,301,8.11,320,19.81713474,202.0,2026,53.60824742,150,26.08695652,307,65.90909091,270,1.063829787,360,65.95744681,344,48.71794872,357,62.5,35,6.18556701,66,32.16783217,306,29.32330827,20,35.9375,347,43.20987654,61,0.104647584,145,0.104647584,213,,8.002462296,182,8.002462296,173,3.1,-14.3857,3.374119390000004,0.0,-22.6309922,0.0,-5.121737223
2026,Kansas State,75.5,73,73.1357,88,127.139,30,114.051,59,90.0,45,99.4447,60,14.6067,56,2026,67.5,2,22.51655629,315,40.74074074,33,35.83333333,189,2026,45.90163934,94,20.52980132,95,27.27272727,107,30.32786885,98,2026,77.59,148,0.03,171,-0.73,280,0.0,179,0.39,139,1.17,75,-0.35,229,2.22035,34,31.36,202,15.97,240,22.07,114,6.26,361,28.2,35,26.65,58,37.37,134,17.97,290,25.98,63,7.5,242,8.92,154,18.95,302,16.63,297,22.68,92,15.7,197,25.51,12,17.4412787,218.0,2026,55.71428571,109,56.0,1,67.44186047,239,12.19512195,100,50.0,146,25.0,50,62.16216216,34,5.714285714,53,41.66666667,150,32.78688525,55,68.65671642,16,50.98039216,151,0.092715232,208,0.152317881,346,,7.284768212,155,11.25827815,47,3.7,14.606300000000005,13.468013469999999,-1.9867549699999998,31.0,-0.059602648999999994,6.480836236000001
2026,Kennesaw State,80.4875,10,75.375,11,114.303,101,107.904,124,89.4549,41,105.998,157,1.90648,136,2026,63.15789474,14,17.39400528,165,17.85714286,350,49.12280702,54,2026,35.82089552,2,14.90914738,276,30.23255814,161,49.25373134,300,2026,77.94,96,-0.88,271,0.2,149,0.7,88,1.22,58,1.32,64,-0.34,228,1.359,198,38.66,63,9.51,345,19.89,173,21.66,137,26.85,52,19.79,203,33.75,183,21.0,253,30.27,30,10.91,179,0.0,317,16.38,333,46.9,2,20.08,152,8.84,324,4.64,351,34.32081938,99.0,2026,64.86486486,20,40.0,47,71.42857143,169,6.25,276,37.5,6,21.05263158,11,72.72727273,216,2.702702703,5,35.0877193,263,28.35820896,14,37.5,341,40.90909091,31,0.086970026,233,0.111818605,243,,6.212144743,103,6.212144743,264,3.0,1.9059999999999917,-12.375415279999999,-2.484857899999998,18.94736842,-0.024848578999999996,3.547297297
2026,Kent State,75.731,68,72.9603,96,123.945,42,112.015,75,118.738,285,109.447,253,2.56825,128,2026,58.12182741,46,15.20832233,87,36.69724771,80,45.68527919,79,2026,55.91133005,280,15.20832233,267,32.72727273,206,35.96059113,168,2026,76.36,326,-1.19,309,0.38,132,-0.45,248,-2.01,353,-1.97,334,-0.41,236,1.83183,93,33.23,160,13.19,300,21.87,119,27.34,35,17.37,258,19.95,195,26.18,268,42.41,32,19.16,141,5.51,281,6.15,213,19.16,296,37.9,16,22.12,103,12.2,271,8.33,312,29.1901201,135.0,2026,50.0,203,43.68932039,23,71.11111111,179,13.27433628,75,51.32743363,180,41.11111111,320,75.34246575,264,5.319148936,45,52.28426396,20,44.33497537,269,64.13043478,42,56.84210526,244,0.080266146,265,0.059143476,34,,9.293974758,252,7.181707768,226,2.8,2.567999999999998,3.9699749799999964,0.0,2.578209279999996,0.021122669999999996,7.955187344
2026,Kentucky,73.8458,101,73.5831,66,122.559,50,121.653,8,92.2929,61,93.4701,9,28.1826,5,2026,57.07070707,62,14.89589799,82,34.51327434,108,32.32323232,238,2026,41.53439153,27,12.1875529,330,22.3880597,30,38.62433862,204,2026,78.84,17,1.75,30,1.28,46,0.22,155,1.53,41,2.38,13,1.52,24,1.53625,150,42.12,21,20.02,136,12.95,331,20.05,182,26.64,55,19.6,207,34.61,165,24.45,201,13.79,223,13.67,134,12.49,99,29.16,106,21.48,214,15.03,272,21.0,81,12.45,227,26.09070539,160.0,2026,62.3853211,32,33.70786517,148,71.875,163,12.08791209,102,45.05494505,70,25.51020408,57,67.12328767,100,7.339449541,119,44.94949495,97,51.85185185,347,63.26530612,49,60.60606061,285,0.063194719,316,0.103819895,209,,4.513908481,32,5.868081025,277,3.6,28.182900000000004,12.125214640000003,-2.70834509,8.197661089999997,-0.040625176,4.748462549
2026,La Salle,68.7667,257,69.0415,325,107.74,153,103.964,208,102.039,145,108.014,203,-4.04966,198,2026,46.15384615,265,17.45031508,167,35.39823009,100,51.47928994,38,2026,48.8700565,152,19.38923897,124,30.90909091,180,27.68361582,67,2026,78.29,56,-0.2,196,0.8,78,0.49,122,1.56,23,1.75,47,0.3,134,1.57636,140,36.02,107,15.31,258,20.15,164,19.2,206,24.86,74,20.14,186,48.35,41,22.03,232,16.79,179,7.39,243,5.09,237,31.04,77,18.82,256,27.2,33,17.1,157,5.16,346,3.955344856,317.0,2026,41.80327869,320,38.29787234,81,77.01149425,65,7.547169811,239,51.88679245,188,29.57746479,118,73.46938776,228,18.85245902,349,27.81065089,345,40.11299435,189,62.31884058,52,60.52631579,283,0.121182744,78,0.067862336,51,,10.66408143,311,7.270964615,219,3.3,-4.049999999999997,4.489139179999999,1.9389238900000016,8.720407549999997,0.053320408,-11.305289209000001
2026,Lafayette,69.8063,223,70.2727,261,97.2833,267,99.9013,291,130.49,344,112.316,318,-12.415,317,2026,47.4789916,242,17.19043782,159,28.94736842,223,33.61344538,215,2026,54.65116279,257,11.46029188,340,45.45454545,349,39.53488372,216,2026,75.88,350,0.13,160,-0.08,188,-1.85,348,-2.92,360,-3.0,355,0.03,172,1.41679,180,23.91,334,11.31,327,19.84,174,28.21,29,27.5,40,12.17,337,17.59,323,33.91,92,37.46,16,9.62,205,0.0,317,23.37,213,26.84,109,18.73,191,18.97,120,10.91,270,52.45947242,13.0,2026,51.28205128,188,26.82926829,293,57.5,348,2.469135802,354,59.25925926,298,31.25,147,80.39215686,329,11.53846154,250,34.45378151,274,37.20930233,131,39.21568627,335,60.31746032,279,0.057301459,334,0.107440236,220,,6.446414182,116,5.73014594,288,2.2,-12.414699999999996,-16.507177029999998,-5.73014594,-4.420731709999998,-0.050138776999999995,-9.069325738
2026,Lamar,64.55,346,69.3998,316,100.697,221,102.011,251,120.837,297,107.17,177,-5.15942,219,2026,47.5,240,13.94268009,56,30.3030303,198,20.0,348,2026,58.49056604,306,20.1394268,104,41.93548387,334,45.28301887,278,2026,77.4,175,0.25,150,0.86,74,0.08,172,-1.16,305,-0.19,202,0.56,103,1.31524,215,29.95,237,12.31,308,6.15,361,12.69,330,42.85,1,25.99,64,12.5,344,19.71,267,67.31,2,0.0,348,0.0,317,30.62,83,33.32,37,13.46,306,6.03,355,12.72,220,43.28820705,38.0,2026,43.90243902,294,36.84210526,100,66.66666667,249,20.58823529,12,55.88235294,253,42.10526316,327,66.66666667,85,7.317073171,117,31.66666667,311,35.8490566,104,52.0,187,55.55555556,226,0.123934934,68,0.108443067,224,,3.098373354,6,7.745933385,189,3.0,-5.159000000000006,-11.63245357,6.196746709999999,-5.263157900000003,0.015491866999999993,13.271162119
2026,Le Moyne,69.5188,229,70.9819,208,92.8761,290,99.1089,316,112.856,229,112.98,324,-13.8707,330,2026,53.88349515,108,30.20767778,360,27.5862069,241,23.30097087,328,2026,52.0,202,12.2269172,329,26.66666667,92,26.4,53,2026,77.21,212,-0.83,262,-1.37,328,0.19,160,0.72,98,0.33,152,-1.1,313,0.770507,327,16.84,361,23.31,70,11.03,348,24.04,84,25.1,70,16.52,274,58.33,11,16.67,301,0.0,356,3.76,313,21.24,30,29.8,97,9.95,356,18.56,197,22.52,61,19.17,74,9.011587501,285.0,2026,57.89473684,71,32.60869565,173,75.0,89,9.090909091,193,41.55844156,32,45.83333333,351,81.81818182,342,12.28070175,273,44.66019417,103,38.4,152,60.41666667,69,64.81481481,321,0.05034613,348,0.158230693,349,,14.38460847,357,7.192304234,224,2.2,-13.871099999999998,0.9195402299999991,-17.980760580000002,-13.22463768,-0.107884563,-3.189792659
2026,Lehigh,66.3812,317,71.7557,159,78.1871,354,97.8163,332,108.422,193,108.064,204,-10.2472,295,2026,41.75257732,324,23.34996705,327,17.39130435,352,35.05154639,195,2026,50.90909091,186,19.58384333,120,35.82089552,268,40.90909091,227,2026,76.91,265,0.32,144,0.71,84,-1.13,312,-0.68,264,-1.69,320,0.52,108,1.23682,234,31.39,201,11.78,319,12.95,332,23.89,91,29.54,24,21.84,148,26.36,265,37.27,57,0.0,356,12.66,152,23.7,21,17.52,322,31.2,54,13.75,300,20.22,91,17.31,103,52.81512737,12.0,2026,39.3442623,338,30.55555556,217,67.64705882,232,8.571428571,210,50.0,146,35.0,221,71.11111111,183,11.47540984,247,37.11340206,228,36.36363636,111,37.14285714,342,51.02040816,153,0.112983712,108,0.180773938,358,,5.272573204,54,8.285472178,160,2.1,-10.247699999999995,-18.429591170000002,-3.7661237199999995,-4.444444440000002,-0.067790226,-2.903981268999999
2026,Liberty,65.1813,338,68.2638,345,136.822,6,114.776,51,110.085,202,104.427,127,10.3488,82,2026,66.23931624,6,10.73928469,17,25.86206897,274,25.64102564,312,2026,50.45454545,173,19.17729408,128,35.29411765,256,37.27272727,184,2026,75.05,362,-1.92,345,-1.28,318,-1.68,339,-3.82,362,-3.17,358,-1.6,347,2.73563,4,16.75,362,12.08,315,14.76,301,23.96,90,28.98,29,19.68,204,20.0,316,38.62,52,28.71,35,11.46,166,0.44,313,32.5,56,29.3,74,12.52,323,14.33,238,10.55,278,54.05015945,10.0,2026,61.66666667,38,47.36842105,8,76.66666667,69,6.849315068,257,49.31506849,136,35.13513514,228,78.04878049,301,8.333333333,142,48.71794872,45,33.63636364,61,53.125,175,44.89795918,77,0.099721929,173,0.046025506,14,,6.136734107,101,9.20510116,111,2.9,10.34899999999999,-9.432048679999998,8.43800939,12.23328591,0.053696423,-1.4840182650000004
2026,Lindenwood,78.8375,21,74.2252,41,79.8672,352,95.7583,352,131.19,345,110.474,273,-14.7152,338,2026,40.94827586,333,24.10020612,337,25.30120482,284,44.82758621,89,2026,61.15107914,331,17.12383066,198,43.58974359,341,38.84892086,205,2026,77.06,235,0.24,151,-0.05,186,-0.23,206,-0.66,257,-1.02,275,0.1,165,1.40892,183,37.47,84,22.13,89,15.55,288,24.01,87,23.89,105,14.42,319,46.51,50,18.19,286,8.09,305,15.81,108,11.4,110,30.06,91,31.31,53,17.0,230,6.95,350,14.69,165,27.04065442,153.0,2026,43.03797468,306,24.32432432,328,59.61538462,337,9.589041096,174,58.90410959,291,42.42424242,332,68.51851852,133,6.329113924,74,31.89655172,308,47.48201439,306,32.55813953,354,50.70422535,149,0.095132393,199,0.139527509,330,,10.14745521,290,7.610591406,198,2.8,-14.715699999999998,-18.28853877,-6.97637546,-18.0999181,-0.044395116,3.259927172000001
2026,Lipscomb,69.425,231,69.7127,301,97.4714,263,103.277,220,126.935,328,111.014,298,-7.73713,266,2026,44.08602151,296,18.72524307,204,32.17391304,152,23.65591398,326,2026,63.5359116,352,13.92389869,301,30.43478261,167,29.83425414,92,2026,77.36,185,0.99,70,-0.17,201,-0.27,216,-0.02,183,-0.8,254,0.41,118,0.825357,318,37.6,81,21.68,97,17.7,234,19.92,184,24.82,78,15.69,295,24.21,281,18.53,284,26.56,54,20.41,60,10.08,131,32.33,60,20.14,235,16.64,238,17.33,151,13.22,205,18.68365109,208.0,2026,47.42268041,258,26.96629213,289,86.36363636,5,5.309734513,300,59.2920354,300,47.05882353,354,66.66666667,85,13.40206186,303,47.84946237,59,37.56906077,137,64.28571429,41,54.54545455,206,0.081622854,258,0.124834954,292,,6.241747689,109,5.761613252,285,2.2,-7.736999999999995,1.739130430000003,-4.8013443800000015,-20.0925314,-0.0432121,-8.092327347
2026,Little Rock,68.1937,270,69.9981,283,88.4223,319,103.144,221,132.718,347,108.946,234,-5.80222,231,2026,48.14814815,220,25.66217579,351,28.78787879,226,25.92592593,308,2026,62.80991736,347,14.66410045,282,39.68253968,321,33.88429752,128,2026,78.51,38,-0.59,224,1.35,43,2.15,3,1.78,19,0.86,100,0.38,122,1.37648,193,37.75,76,10.26,338,25.15,58,21.61,138,24.84,76,18.14,242,44.61,67,34.13,90,15.38,194,4.02,307,1.86,292,21.67,252,22.73,192,20.37,142,16.29,184,18.95,77,34.17160809,102.0,2026,40.78947368,324,43.75,21,60.71428571,328,4.411764706,316,58.82352941,289,45.28301887,348,70.73170732,175,3.947368421,22,29.62962963,332,43.80165289,262,53.33333333,172,60.9375,288,0.073320502,285,0.153973055,348,,10.26487031,292,7.332050225,217,2.9,-5.8019999999999925,-10.894660889999997,-10.99807534,-1.5330188699999994,-0.080652553,0.4643962849999994
2026,LIU,75.5792,70,73.2638,82,104.267,186,99.7262,297,111.131,215,108.208,207,-8.48142,281,2026,53.10734463,125,23.37504824,328,40.54054054,36,49.71751412,50,2026,52.61780105,215,20.28777772,100,38.79310345,305,38.21989529,197,2026,77.68,138,-0.89,272,-1.43,337,-0.38,228,1.56,23,2.48,11,-1.17,325,1.00314,283,28.93,262,21.2,109,22.25,108,17.12,253,20.74,177,18.09,244,15.7,331,36.5,63,17.23,173,24.02,32,5.58,225,20.42,275,20.14,236,24.39,68,20.82,85,13.56,192,36.87020242,80.0,2026,50.72463768,201,41.02564103,41,55.68181818,354,14.65517241,45,49.13793103,132,38.66666667,290,68.49315068,131,5.797101449,59,22.03389831,360,39.26701571,168,48.8372093,233,55.81395349,231,0.123490821,71,0.132311594,316,,10.14388886,289,7.938695628,179,2.2,-8.481799999999993,1.7474370900000054,-3.0872705200000006,2.358974360000005,-0.008820773000000004,8.858070961
2026,Long Beach State,70.475,198,69.979,288,81.9906,345,99.518,306,107.739,184,106.985,174,-7.46688,259,2026,41.96428571,321,23.64904813,331,27.19298246,247,29.16666667,273,2026,52.13414634,204,22.23010524,53,35.0,249,46.95121951,291,2026,77.64,143,0.38,137,1.03,60,-0.71,277,-0.37,216,0.79,105,0.71,87,1.01102,279,39.53,52,13.47,293,18.91,202,20.97,159,25.19,67,21.13,170,25.43,273,39.72,43,25.67,65,3.59,319,5.0,240,10.97,356,29.78,65,26.78,36,19.31,111,12.75,217,5.169411749,311.0,2026,45.45454545,275,24.63768116,323,65.30612245,276,7.142857143,248,52.04081633,191,34.84848485,216,74.02597403,241,10.1010101,211,41.07142857,161,40.24390244,192,50.0,209,56.75675676,243,0.104055812,147,0.12770486,298,,10.87856214,316,11.82452406,27,2.2,-7.466999999999999,-7.80701754,-1.4189428900000003,-10.210803689999999,-0.023649048000000006,-2.9581529570000002
2026,Longwood,70.0625,214,72.2374,134,101.355,217,103.977,206,107.043,180,107.493,187,-3.51588,192,2026,37.6,354,9.991079393,12,29.21348315,216,44.8,90,2026,53.7037037,244,17.8412132,176,25.71428571,79,50.0,301,2026,76.99,251,-1.73,337,-0.4,236,-0.06,186,-0.19,199,0.31,154,-1.07,309,1.52343,155,37.03,90,19.75,145,21.57,127,21.47,143,15.92,291,20.69,177,28.99,240,18.85,279,22.93,99,14.08,130,14.47,68,21.34,258,16.42,301,20.54,135,15.0,220,26.04,11,38.96998465,64.0,2026,40.69767442,327,20.51282051,350,85.71428571,8,1.851851852,357,51.85185185,187,37.03703704,259,62.96296296,46,12.79069767,287,31.2,316,50.0,337,51.1627907,201,60.41666667,281,0.114183764,104,0.049955397,21,,4.995539697,44,6.422836753,252,2.2,-3.515999999999991,3.4991974399999997,7.850133806999999,-16.52421653,0.064228367,-10.938845818
2026,Louisiana,62.1333,362,67.5466,356,98.7381,244,101.849,254,103.093,153,107.757,196,-5.90843,232,2026,50.0,185,17.16738197,158,25.25252525,285,26.08695652,306,2026,49.27007299,159,17.16738197,196,26.88172043,100,62.77372263,354,2026,77.33,193,-0.94,279,-0.58,258,-0.38,228,0.23,158,1.25,67,-0.76,274,0.975341,287,33.78,150,7.13,356,15.73,285,30.59,8,27.02,50,19.24,217,34.32,171,10.19,351,22.34,103,16.38,100,16.19,53,27.15,144,16.68,294,21.55,117,13.87,246,20.31,49,11.95108294,263.0,2026,51.68539326,181,31.94444444,190,54.76190476,356,10.11235955,157,50.56179775,166,31.25,147,67.44186047,105,4.494382022,31,44.72049689,102,35.03649635,86,43.47826087,291,45.0,79,0.096566524,188,0.08583691,110,,8.583690987,208,7.510729614,205,2.5,-5.908000000000001,-1.62919518,0.0,0.6944444400000016,0.010729613999999998,5.617977528000001
2026,Louisiana Monroe,74.5125,88,72.4162,125,98.5845,248,98.4666,324,126.101,323,115.876,358,-17.4097,355,2026,52.60869565,134,18.78879383,208,19.71830986,344,33.91304348,211,2026,61.06870229,329,20.80187888,91,43.47826087,340,29.77099237,91,2026,76.56,310,-0.59,224,-1.73,346,-2.25,357,-0.49,242,0.79,105,-1.16,324,0.153341,362,27.55,294,20.99,114,15.85,278,18.98,212,27.82,38,15.93,289,43.37,76,31.89,116,12.96,236,11.11,173,0.0,317,14.34,348,22.26,203,24.75,63,9.52,320,28.72,6,5.734853074,306.0,2026,50.0,203,37.25490196,94,66.66666667,249,4.225352113,321,57.74647887,272,43.33333333,340,71.79487179,202,12.5,277,44.34782609,108,45.80152672,284,49.01960784,228,62.68656716,307,0.100654253,167,0.080523402,89,,10.73645362,312,10.73645362,60,2.5,-17.409400000000005,-23.759951009999998,2.013085050000001,-6.078431370000004,0.020130851000000005,-8.274647887
2026,Louisiana Tech,62.6875,358,68.9009,329,79.7607,353,102.448,240,122.832,306,105.691,147,-3.2435,182,2026,39.0,346,20.73778664,273,22.22222222,326,34.0,208,2026,50.0,164,15.95214357,243,48.57142857,357,50.0,301,2026,78.28,59,1.01,68,0.33,138,0.65,94,0.61,103,1.79,31,0.67,89,1.00887,281,40.0,43,30.0,10,12.0,342,9.5,354,22.79,134,25.71,67,28.57,244,14.29,321,25.0,71,32.14,12,0.0,317,30.77,79,15.38,322,23.08,86,12.09,275,18.68,80,25.86410344,162.0,2026,53.57142857,152,13.63636364,361,64.70588235,284,22.22222222,7,52.77777778,204,30.0,128,75.0,254,10.71428571,228,44.0,114,35.71428571,99,55.55555556,136,64.0,316,0.095712861,192,0.095712861,166,,11.1665005,325,6.380857428,257,3.2,-3.243000000000009,-26.349206350000003,-4.785643069999999,-16.36363636,0.0,11.507936509999999
2026,Louisville,78.4458,23,74.5497,25,130.065,18,124.235,2,86.9126,29,97.922,42,26.3129,9,2026,58.83838384,41,14.02241462,60,35.71428571,95,50.0,47,2026,43.88297872,64,21.67100441,67,25.0,65,28.72340426,79,2026,78.51,37,1.59,36,1.33,45,-0.34,224,0.56,106,2.35,14,1.46,31,2.18647,39,39.29,54,14.87,268,20.2,160,25.3,59,23.99,101,15.3,302,46.28,56,20.98,254,8.45,301,13.05,142,10.53,124,18.12,315,30.3,61,19.98,156,16.11,189,14.92,162,17.23460555,222.0,2026,68.8172043,6,33.33333333,150,73.73737374,124,7.407407407,242,41.66666667,34,31.25,147,70.37037037,170,12.90322581,292,53.03030303,14,42.55319149,236,67.67676768,26,41.42857143,37,0.144473363,29,0.067987465,52,,7.223668136,152,7.223668136,222,3.3,26.313000000000002,10.714285709999999,7.648589789999999,2.083333330000002,0.076485898,-5.495818403
2026,Loyola Chicago,68.375,266,70.8452,221,105.731,173,107.018,141,109.307,197,105.956,155,1.06116,140,2026,46.26436782,264,16.57525899,138,31.14754098,175,45.40229885,81,2026,48.5380117,144,18.52528946,151,39.21568627,312,41.52046784,236,2026,77.34,188,0.12,161,-0.37,219,0.43,129,-0.66,258,0.11,175,-0.13,199,1.83685,92,32.5,171,20.88,117,17.23,249,14.04,311,24.68,81,22.75,128,34.2,177,20.53,258,27.59,42,0.0,348,17.24,47,33.72,40,21.81,208,8.97,344,19.91,97,15.12,155,25.14913678,165.0,2026,47.05882353,261,30.33707865,221,72.15189873,160,15.74074074,31,46.2962963,91,34.92063492,220,83.09859155,349,23.52941176,362,51.14942529,25,36.84210526,128,70.14925373,10,56.94444444,247,0.073126143,286,0.087751371,118,,7.800121877,173,11.2126752,48,3.5,1.0619999999999976,-8.06814529,1.9500304700000015,-4.583556269999999,-0.01462522799999999,-7.788671019999999
2026,Loyola Marymount,68.075,273,69.0647,323,114.956,97,107.055,139,93.9315,71,102.814,105,4.24125,112,2026,59.41176471,35,18.60692863,202,30.52631579,189,31.76470588,246,2026,44.54022989,71,16.64830457,215,25.0,65,27.5862069,65,2026,78.78,20,1.93,23,0.17,157,0.62,95,2.56,3,1.62,51,1.05,53,1.49731,162,24.92,327,15.96,242,21.36,131,24.73,71,13.4,328,24.55,91,39.66,105,21.64,240,5.22,333,22.7,41,10.78,118,17.16,327,32.54,44,10.5,336,17.79,143,22.01,35,34.18962359,101.0,2026,54.32098765,136,42.69662921,31,61.11111111,324,5.691056911,294,42.27642276,41,33.33333333,182,77.08333333,293,4.938271605,38,52.35294118,18,29.31034483,19,63.41463415,48,52.17391304,172,0.083241523,250,0.097931203,181,,8.8138083,220,8.324152283,156,2.6,4.241000000000014,5.526315790000002,-1.9586240599999982,9.363295879999995,-0.014689679999999997,0.7527853060000007
2026,Loyola MD,66.5687,310,70.2193,267,90.0473,310,97.788,333,99.9535,124,109.567,255,-11.7793,310,2026,41.66666667,326,18.77757957,207,28.16901408,233,41.66666667,120,2026,43.36283186,49,17.2753732,194,35.21126761,254,38.9380531,206,2026,77.44,169,0.07,165,-0.96,294,-1.02,299,0.49,128,1.57,54,-0.44,239,1.37158,194,28.57,272,16.63,220,16.83,257,15.57,280,20.04,192,30.39,15,20.94,308,29.29,153,21.44,116,2.52,329,25.15,14,32.38,59,13.09,342,13.83,297,26.81,25,13.07,210,53.86878252,11.0,2026,49.18032787,228,21.27659574,342,66.66666667,249,11.25,123,46.25,90,24.24242424,46,79.54545455,320,6.557377049,84,43.51851852,120,29.20353982,18,42.5,304,35.55555556,13,0.097643414,184,0.097643414,175,,9.013238194,233,7.511031828,204,1.8,-11.778999999999996,-7.04225353,-1.5022063699999997,-2.965828499999997,0.0,4.692622951
2026,LSU,70.425,202,71.3285,186,134.392,10,115.563,42,83.9093,17,98.1892,47,17.3741,41,2026,62.39316239,17,16.32942847,126,43.85964912,19,48.71794872,56,2026,36.04651163,3,12.77955272,323,25.53191489,78,27.13178295,56,2026,78.54,35,0.41,124,2.14,9,1.81,14,1.87,16,-0.61,236,1.27,39,2.60292,8,39.54,51,32.28,4,17.51,242,15.65,275,17.25,261,16.66,273,43.22,78,15.26,315,38.24,12,2.24,332,0.0,317,25.85,161,25.41,127,26.11,46,8.64,330,13.34,201,10.70655659,273.0,2026,63.88888889,26,40.0,47,75.43859649,87,13.41463415,73,32.92682927,3,27.65957447,91,71.42857143,191,6.944444444,102,38.46153846,198,36.43410853,117,65.625,34,37.5,17,0.063897764,311,0.099396521,190,,6.389776358,114,6.389776358,255,3.6,17.373800000000003,18.32773423,-3.54987575,12.340425530000001,-0.035498757000000006,6.470189705999999
2026,Maine,66.9208,301,68.8125,332,83.2969,341,94.8329,358,104.762,166,104.795,132,-9.9618,290,2026,45.60810811,275,21.91644356,307,15.84158416,358,33.78378378,213,2026,48.5380117,144,18.92783762,138,37.73584906,295,40.35087719,223,2026,77.2,214,-0.14,189,0.13,164,-0.53,257,-0.14,195,-0.35,218,-0.01,183,1.5078,160,37.16,88,18.94,162,21.5,129,21.12,155,18.23,243,19.98,193,37.62,127,19.0,275,14.57,210,18.18,79,10.11,130,22.41,239,28.46,85,20.51,138,16.44,174,11.91,244,13.16279024,253.0,2026,46.15384615,267,29.8245614,230,64.0,296,8.928571429,198,55.35714286,242,23.72881356,35,63.76811594,58,10.98901099,236,38.51351351,197,34.50292398,76,45.76271186,275,52.63157895,174,0.109582218,125,0.104601208,212,,11.45632277,329,7.96961584,177,2.6,-9.962100000000007,-21.8942649,-2.988605940000003,6.095747840000001,0.004981009999999994,-2.060439561000001
2026,Manhattan,73.4812,119,71.8702,154,111.462,123,106.821,145,127.244,332,113.323,330,-6.50167,247,2026,50.43478261,180,16.33069661,127,30.0,201,48.69565217,57,2026,52.34899329,207,13.60891384,309,47.72727273,354,31.54362416,109,2026,75.58,359,-0.94,280,-1.04,298,-1.43,333,-2.84,359,-2.95,354,-0.99,297,1.52477,154,24.43,330,10.18,340,20.76,146,19.35,197,29.69,23,19.43,213,11.5,348,30.32,136,31.51,27,12.56,153,13.49,86,30.59,84,37.02,19,12.52,322,16.66,169,2.15,360,39.15559053,63.0,2026,50.0,203,34.14634146,142,82.14285714,21,6.796116505,259,52.42718447,198,34.7826087,215,70.21276596,165,9.459459459,186,35.65217391,250,30.87248322,42,35.29411765,348,50.0,130,0.102066854,160,0.095262397,162,,6.804456919,133,3.40222846,348,1.7,-6.501999999999995,-17.727272730000003,-2.721782770000001,-0.6362672399999951,0.006804457,-2.663342954
2026,Marist,70.1875,209,69.0263,326,97.3849,265,98.6054,323,87.3035,31,99.4598,61,-0.854451,154,2026,52.72727273,131,22.08370436,311,24.59016393,297,27.27272727,292,2026,39.21568627,16,22.08370436,56,28.37837838,123,58.82352941,345,2026,76.19,337,-1.34,316,-1.39,334,-0.87,287,-1.52,333,-1.01,272,-1.36,336,1.5869,137,28.9,263,18.49,173,12.16,338,21.5,141,14.45,313,33.1,8,13.91,337,8.12,355,41.6,6,13.17,139,23.2,24,12.67,354,22.86,185,17.49,220,25.03,41,21.75,38,55.72040677,8.0,2026,54.79452055,126,32.43243243,177,70.0,200,14.28571429,51,44.64285714,67,21.73913043,15,70.0,159,6.849315068,100,33.63636364,285,45.09803922,280,63.46153846,46,62.85714286,310,0.142475512,32,0.121104185,280,,9.973285841,284,7.836153161,182,2.3,-0.8543999999999983,-3.7882144500000017,0.0,10.693302,0.021371326999999996,7.4363992219999995
2026,Marquette,74.5312,87,73.3565,77,116.466,91,113.359,66,94.6221,78,97.6748,41,15.6846,51,2026,52.18253968,141,15.76519916,106,36.42384106,83,43.65079365,104,2026,45.3815261,82,21.46750524,73,32.0754717,193,32.12851406,112,2026,77.72,131,1.42,43,0.64,90,-0.15,196,1.02,69,-1.39,307,1.03,58,1.31841,213,44.6,10,16.73,218,20.58,149,21.49,142,23.27,118,17.86,250,31.29,214,26.56,178,18.1,155,22.09,46,1.63,296,40.06,10,17.82,279,11.1,334,16.34,180,14.42,174,50.34729838,17.0,2026,53.59477124,151,33.33333333,150,75.45454545,86,8.227848101,223,43.03797468,51,32.96703297,180,72.5,214,6.535947712,82,39.28571429,187,36.54618474,123,57.39130435,105,64.28571429,318,0.140880503,35,0.093920335,152,,6.373165618,113,7.379454927,213,3.6,15.68419999999999,4.3483693599999995,5.702306080000001,0.3663003600000039,0.046960168,1.6919003889999997
2026,Marshall,76.4583,55,74.3856,33,113.438,105,105.968,164,102.329,147,105.794,150,0.17377,145,2026,61.66666667,20,23.97820163,335,33.68421053,125,29.44444444,270,2026,48.14814815,136,19.18256131,126,31.70731707,189,40.74074074,225,2026,78.15,71,4.51,1,1.56,29,-1.26,319,-1.11,299,0.07,179,3.03,1,1.54835,145,30.0,236,19.1,157,29.64,14,13.64,314,18.81,226,18.81,222,33.04,194,29.42,150,11.71,254,20.54,59,5.28,233,27.16,143,22.84,187,11.78,329,25.86,35,12.37,229,21.0065037,195.0,2026,62.96296296,30,40.4040404,44,69.81132075,205,14.9122807,42,50.87719298,172,29.33333333,110,67.53246753,107,9.87654321,201,55.0,8,39.68253968,177,74.72527473,4,62.5,302,0.10027248,170,0.14386921,338,,9.591280654,270,9.155313351,113,3.1,0.1740000000000066,1.976893460000003,-4.79564032,11.070707070000001,-0.04359673,5.035737490000001
2026,Maryland,69.8042,225,70.5088,248,108.343,148,109.988,99,93.1603,68,95.826,19,14.1622,60,2026,47.2392638,246,20.05610935,254,35.23809524,101,54.60122699,23,2026,49.03846154,155,24.83137349,22,26.73267327,95,37.17948718,183,2026,76.96,257,-0.44,219,0.15,160,-0.57,263,0.01,182,-1.33,305,-0.14,205,1.93627,68,29.32,251,27.66,18,15.4,292,19.69,188,21.51,159,15.73,292,38.2,121,20.42,260,21.36,117,15.15,115,4.87,245,23.19,220,17.53,284,15.83,250,26.47,29,16.98,112,0.0,339.0,2026,51.76470588,178,28.20512821,268,82.02247191,23,6.382978723,271,47.87234043,109,33.87096774,197,72.4137931,213,20.0,353,47.85276074,58,39.74358974,179,51.51515152,196,53.03030303,181,0.095505283,195,0.095505283,163,,10.50558109,303,15.28084522,5,3.7,14.162000000000006,8.50542197,4.775264140000001,-5.665839529999996,0.0,-13.617021277
2026,Maryland Eastern Shore,67.6699,281,68.4068,340,62.7774,362,91.4716,363,103.439,156,108.456,217,-16.9848,351,2026,33.13609467,361,31.31301151,361,31.4516129,162,19.52662722,351,2026,43.40101523,50,14.23318705,293,37.79527559,297,32.99492386,118,2026,77.95,94,-0.59,224,0.75,80,1.85,12,1.82,17,-1.14,286,0.08,166,0.710966,336,56.25,1,34.58,2,18.84,204,15.24,286,15.35,302,15.43,298,21.42,302,28.54,164,23.53,86,25.81,27,0.0,317,23.01,225,25.62,124,12.62,320,23.92,49,14.41,175,17.30557531,220.0,2026,33.01886792,359,22.22222222,340,57.57575758,347,10.1010101,158,57.57575758,267,19.3877551,4,73.84615385,237,16.98113208,342,37.27810651,224,49.74619289,336,57.14285714,110,55.26315789,222,0.061677144,319,0.194520223,361,,11.86098921,339,8.06547266,169,3.1,-16.984400000000008,-6.343662690000002,-17.079824459999998,2.8344671199999993,-0.13284307899999998,-6.880121979999998
2026,Massachusetts,77.825,36,74.7222,22,100.153,230,101.602,262,89.6585,43,104.305,125,-2.70319,174,2026,49.13043478,200,21.20141343,285,32.87671233,139,57.39130435,10,2026,50.4587156,174,28.91101831,5,29.50819672,139,38.53211009,203,2026,76.97,256,-0.07,182,0.38,131,-1.2,315,-0.69,265,-0.6,232,0.16,156,2.00936,57,28.21,281,28.38,15,20.53,153,13.06,327,21.79,150,16.24,280,29.27,236,31.98,114,34.07,21,4.68,295,0.0,317,29.67,98,35.87,22,15.71,255,12.36,267,6.38,340,24.47140813,169.0,2026,54.05405405,142,26.82926829,293,63.63636364,298,3.773584906,331,58.49056604,287,28.57142857,100,71.42857143,191,6.756756757,95,35.65217391,250,51.37614679,346,64.70588235,39,72.34042553,353,0.128493415,54,0.128493415,302,,8.352071956,194,16.06167684,1,3.3,-2.703000000000003,3.3685156099999958,7.7096048800000005,-1.7421602799999967,0.0,-2.983171851
2026,McNeese,67.4,289,70.2819,260,99.4065,239,108.681,114,117.211,271,102.865,106,5.81581,103,2026,49.01960784,202,20.77151335,274,29.03225806,220,45.09803922,82,2026,48.48484848,143,22.25519288,52,56.81818182,361,37.87878788,188,2026,77.06,237,-0.67,245,-1.22,311,-0.78,280,0.41,137,0.54,133,-0.95,293,1.85909,84,37.5,83,16.79,215,15.24,295,28.74,26,22.81,132,16.42,276,34.26,174,22.15,230,27.19,47,8.47,231,7.94,169,7.6,362,62.99,1,8.96,346,4.48,360,15.97,136,21.73452079,190.0,2026,54.28571429,138,25.0,316,73.91304348,118,14.28571429,51,40.0,19,38.70967742,292,60.0,21,11.42857143,245,31.37254902,315,46.96969697,301,43.47826087,291,69.23076923,346,0.163204748,9,0.074183976,70,,13.35311573,351,5.934718101,275,2.5,5.8160000000000025,-27.78592376,1.4836795299999999,-13.709677419999998,0.08902077200000001,2.8571428599999997
2026,Memphis,71.1,179,73.5406,67,107.893,152,113.449,65,108.311,192,98.6136,52,14.8352,55,2026,49.6031746,196,14.76793249,77,34.21052632,115,36.50793651,180,2026,54.20560748,251,16.17440225,234,25.0,65,54.20560748,325,2026,77.33,191,2.57,13,0.47,120,-1.27,321,-0.44,227,-1.86,330,1.53,23,2.11244,46,37.84,72,13.96,287,18.33,221,21.37,147,26.1,61,19.43,212,46.5,51,12.69,333,34.1,20,0.0,348,5.56,226,14.94,343,16.41,302,22.39,98,26.45,30,18.87,78,0.0,339.0,2026,47.43589744,257,35.41666667,123,60.86956522,327,9.375,183,48.4375,121,41.86046512,325,63.79310345,60,8.974358974,169,38.0952381,206,40.18691589,191,68.51851852,20,59.18367347,270,0.147679325,25,0.098452883,185,,4.922644163,42,1.406469761,361,3.4,14.835399999999993,9.21052632,1.4064697600000002,-6.443798450000003,0.049226441999999995,0.4006410260000006
2026,Mercer,69.4,234,73.3695,76,110.449,132,104.563,191,110.247,205,107.654,189,-3.0907,179,2026,48.86363636,204,9.365994236,8,29.62962963,208,25.75757576,311,2026,53.90625,249,21.61383285,70,39.43661972,315,17.1875,10,2026,77.0,250,0.1,163,-1.22,310,-0.54,258,-0.37,215,0.02,187,-0.56,253,1.60386,130,19.49,356,21.62,100,10.43,349,22.56,117,25.18,68,20.21,185,31.58,208,29.52,149,21.23,120,17.67,86,0.0,317,24.17,195,24.31,155,31.79,8,15.19,213,4.55,352,12.60423511,255.0,2026,50.60240964,202,30.6122449,215,70.58823529,189,11.39240506,119,53.16455696,212,36.73469388,252,68.18181818,120,7.228915663,115,37.12121212,227,38.28125,151,49.12280702,227,70.0,349,0.172910663,5,0.057636888,31,,3.602305476,11,4.322766571,335,2.7,-3.090999999999994,-9.806990090000003,12.247838614,-6.1224489800000015,0.115273775,4.163489396999999
2026,Mercyhurst,65.5458,332,68.6144,338,89.0214,314,94.892,357,98.031,113,109.005,235,-14.1133,332,2026,42.81437126,311,17.29069989,162,23.76237624,311,25.1497006,317,2026,45.89041096,93,19.83344988,114,29.7029703,145,59.5890411,346,2026,75.12,361,-2.65,361,-2.37,360,-2.47,360,-1.95,348,-2.02,336,-2.52,364,0.740043,331,27.34,295,10.22,339,14.43,307,19.34,198,23.69,108,31.84,11,49.39,36,21.18,249,17.89,157,5.31,286,5.56,226,28.94,113,15.51,321,18.69,192,16.41,176,20.03,56,40.67545533,54.0,2026,48.59813084,235,21.66666667,341,76.19047619,73,13.63636364,68,48.86363636,127,27.5862069,89,67.81609195,112,12.14953271,270,35.92814371,247,39.7260274,178,56.92307692,116,61.01694915,289,0.116966499,92,0.086453499,113,,8.645349946,214,8.136799949,165,2.4,-14.113,-5.940594060000002,2.542749990000001,-5.919540229999999,0.030513,1.48683093
2026,Merrimack,70.4042,203,70.4067,257,87.6081,322,96.0572,349,116.995,267,107.228,179,-11.1711,304,2026,37.35294118,356,20.35864355,264,28.0,234,44.11764706,99,2026,51.42045455,195,18.46481624,153,47.05882353,352,50.0,301,2026,76.14,340,-2.29,356,-1.37,327,-1.58,336,-0.68,263,-0.44,225,-1.83,357,1.17244,249,28.57,272,12.23,310,21.71,122,27.51,32,19.55,203,18.7,228,34.28,172,11.53,342,12.24,243,8.86,224,32.59,3,29.81,96,24.79,139,14.24,288,16.45,173,14.14,180,13.19645792,252.0,2026,39.50617284,336,23.59550562,335,77.33333333,60,8.943089431,197,55.28455285,240,28.30188679,96,73.86363636,238,20.98765432,358,52.35294118,18,30.11363636,30,43.39622642,293,51.80722892,166,0.094691365,203,0.099425934,191,,10.41605019,298,8.995679706,122,1.9,-11.1708,-19.058823529999998,-1.893827309999999,-4.70638117,-0.004734568999999994,-12.044564889
2026,Miami FL,75.0667,76,72.9758,94,128.396,24,113.639,62,85.0175,20,99.5585,64,14.0804,61,2026,62.36263736,18,14.65364121,75,33.33333333,128,46.7032967,70,2026,43.09392265,42,19.09413854,133,22.76422764,34,32.59668508,116,2026,78.53,36,0.77,84,0.93,67,1.09,56,0.72,96,2.11,22,0.85,73,1.61384,128,36.86,93,16.43,225,26.34,37,17.6,246,14.94,310,24.55,90,31.6,207,21.82,235,25.66,66,6.7,258,13.92,78,32.16,62,14.83,330,18.62,195,19.48,107,14.55,170,0.0,339.0,2026,66.40625,11,35.18518519,129,72.94117647,141,11.34020619,120,46.39175258,92,26.19047619,66,59.3220339,18,8.59375,152,29.67032967,331,46.40883978,293,68.26923077,23,47.76119403,110,0.115452931,99,0.084369449,106,,6.21669627,106,7.548845471,201,2.9,14.0805,10.56910569,4.4404973299999995,8.994709,0.031083481999999996,2.74645619
2026,Miami OH,74.7125,81,73.4232,72,116.446,92,108.333,119,96.3694,98,105.148,139,3.18479,124,2026,56.03448276,72,16.06156935,118,25.0,288,46.55172414,71,2026,55.66037736,277,25.43081814,17,16.66666667,5,30.18867925,97,2026,77.23,210,-0.67,247,0.57,112,0.36,137,-0.75,270,-0.6,232,-0.05,188,1.92967,69,28.64,269,19.8,143,25.47,50,13.42,321,16.28,283,23.15,118,37.5,131,12.5,337,12.5,239,31.08,15,5.17,236,8.7,361,5.47,362,34.71,5,30.29,9,19.49,67,59.6154213,5.0,2026,64.70588235,22,29.16666667,243,81.48148148,26,12.5,90,50.0,146,42.85714286,334,81.25,337,8.823529412,160,41.37931034,158,39.62264151,174,37.93103448,339,52.0,169,0.12046177,81,0.066923206,45,,9.369248787,259,13.38464112,16,3.1,3.1850000000000023,8.333333329999999,9.36924879,-13.690476190000002,0.053538564,3.676470588000001
2026,Michigan,77.1694,44,74.115,47,127.175,29,118.103,22,98.9069,119,93.7875,10,24.3154,15,2026,64.01515152,11,15.25087693,89,31.14754098,175,37.87878788,157,2026,44.93243243,78,14.64084185,283,24.46808511,58,24.32432432,49,2026,78.85,16,3.58,4,1.56,28,0.79,83,1.05,67,0.25,160,2.57,5,2.09169,51,33.66,156,23.69,60,19.46,189,18.33,226,21.46,162,17.06,261,47.47,45,15.03,316,6.25,321,10.5,185,20.75,32,35.24,29,18.77,257,13.26,313,12.3,269,20.42,48,31.17650449,118.0,2026,69.44444444,3,38.33333333,80,74.0,113,17.04545455,23,39.77272727,17,35.0,221,80.55555556,330,4.166666667,26,45.45454545,88,40.54054054,195,69.8630137,12,50.0,130,0.067103858,301,0.091505262,132,,6.10035077,97,7.930456001,180,3.1,24.3155,6.679455869999998,-0.6100350800000012,3.333333330000002,-0.024401404,12.878787882999998
2026,Michigan State,68.675,259,70.0664,278,108.426,147,114.514,54,98.278,116,94.9688,14,19.5455,33,2026,44.21487603,295,17.47360757,168,47.5,5,52.0661157,31,2026,51.32743363,192,19.65780852,117,22.85714286,36,25.66371681,50,2026,78.75,22,1.13,60,2.04,12,1.55,31,1.12,62,0.93,93,1.59,21,1.43871,175,29.75,244,21.63,99,27.98,22,20.21,176,18.11,245,12.08,338,22.58,295,42.55,30,20.49,126,7.02,250,7.37,180,15.81,337,30.74,56,23.83,74,17.62,145,12.0,240,41.52103066,50.0,2026,50.0,203,20.0,352,66.66666667,249,12.5,90,55.35714286,242,31.57894737,154,65.51724138,73,9.302325581,180,28.92561983,340,50.44247788,340,72.0,7,61.2244898,292,0.109210047,126,0.123771387,289,,5.096468875,48,8.736803786,134,3.1,19.545199999999994,24.64285714,2.184200950000001,-11.578947370000002,-0.014561339999999992,3.197674419
2026,Middle Tennessee,71.2375,175,72.1504,140,108.089,151,105.373,176,101.07,137,105.586,144,-0.212567,146,2026,54.91803279,90,15.44130549,92,26.47058824,259,27.86885246,289,2026,50.92592593,187,16.84506054,209,18.75,7,44.44444444,270,2026,78.32,51,0.61,101,1.15,53,1.05,60,-0.09,192,1.79,31,0.88,71,1.9074,75,32.34,176,13.03,301,22.37,106,14.94,291,14.02,319,35.34,3,11.68,347,21.21,248,11.11,265,32.41,10,23.15,25,17.83,317,25.3,129,35.33,3,8.15,336,13.04,211,28.39362919,141.0,2026,65.71428571,15,26.92307692,291,58.82352941,342,2.5,353,57.5,265,21.42857143,13,70.83333333,177,2.857142857,8,42.62295082,134,25.92592593,6,36.66666667,343,50.0,130,0.098262853,180,0.098262853,183,,5.615020179,72,7.018775224,230,3.7,-0.21299999999999386,7.720588240000001,1.4037550499999991,5.494505489999998,0.0,-0.3571428569999999
2026,Milwaukee,73.475,120,73.6546,63,111.751,121,106.927,142,117.638,276,111.334,304,-4.40692,203,2026,52.78884462,129,14.29057503,63,32.46753247,145,40.6374502,133,2026,54.95867769,264,18.03334468,168,35.25179856,255,43.80165289,266,2026,76.96,258,-0.02,175,-0.44,243,-0.92,289,-0.42,225,-0.43,224,-0.23,215,1.23995,232,39.34,53,15.89,245,17.71,233,28.91,23,21.29,166,15.9,290,38.29,117,34.52,81,7.75,310,12.95,143,6.22,212,27.83,130,25.7,123,15.08,271,19.88,98,11.1,267,16.01279676,231.0,2026,50.95541401,194,37.23404255,95,61.76470588,318,8.441558442,215,51.2987013,179,40.90909091,317,74.52830189,250,8.917197452,168,37.4501992,222,36.36363636,111,47.82608696,249,58.26086957,264,0.091867982,211,0.074855393,72,,6.805035726,134,8.846546444,128,3.4,-4.4069999999999965,-2.7842660899999956,3.7427696499999996,-3.6750483600000052,0.017012588999999995,-0.4756390100000001
2026,Minnesota,67.8917,278,68.7294,336,117.961,76,112.571,71,96.4011,99,101.248,89,11.323,75,2026,53.55029586,117,18.16619615,184,44.55445545,15,49.70414201,51,2026,47.5308642,126,19.14815269,129,22.22222222,26,38.27160494,198,2026,77.73,129,-1.19,307,0.18,156,1.25,44,0.25,152,1.11,78,-0.5,247,2.2443,33,31.16,209,12.02,317,18.21,224,33.06,4,21.61,154,14.91,311,37.02,139,30.34,135,14.4,212,13.26,138,4.85,246,32.64,54,31.51,50,8.02,352,15.82,195,11.68,253,12.09369302,260.0,2026,59.63302752,55,28.33333333,264,72.61904762,150,9.734513274,171,41.59292035,33,40.81632653,316,62.90322581,43,15.59633028,330,35.50295858,255,30.24691358,35,68.29268293,22,49.25373134,128,0.10801522,131,0.093285872,145,,8.837608936,221,8.346630662,154,2.9,11.322999999999993,22.33223323,0.9819565399999988,-12.4829932,0.01472934799999999,-5.861817006000001
2026,Mississippi,69.425,231,70.2029,269,123.677,45,117.621,30,96.2508,94,96.9189,30,20.7024,29,2026,58.72093023,42,14.40403313,66,31.25,168,44.18604651,97,2026,46.80232558,112,16.80470532,210,23.93162393,50,36.04651163,172,2026,77.83,114,0.06,168,0.86,73,-0.38,228,1.56,23,0.04,183,0.46,114,1.59725,132,35.47,118,14.82,269,15.03,298,20.08,181,30.11,20,19.89,197,36.49,150,44.96,24,11.36,258,6.82,255,0.0,317,27.9,128,27.13,104,16.83,236,14.38,236,13.47,196,15.3829217,242.0,2026,53.84615385,144,44.11764706,18,72.36842105,154,14.13043478,57,46.73913043,100,31.25,147,62.90322581,43,3.846153846,20,39.53488372,181,46.51162791,295,60.46511628,67,67.64705882,341,0.100828232,166,0.096026888,169,,4.801344376,40,6.721882127,241,2.8,20.7021,7.318376069999999,2.40067219,12.867647060000003,0.004801343999999999,10.284280934
2026,Mississippi State,73.6562,110,72.2304,135,112.894,111,117.718,28,106.682,179,98.7757,54,18.9425,36,2026,53.87596899,109,22.40135766,313,45.33333333,11,29.45736434,269,2026,48.88888889,153,14.93423844,275,31.70731707,189,27.40740741,62,2026,77.52,158,1.23,51,1.45,34,0.26,147,-1.44,327,-0.95,269,1.33,37,1.8447,89,39.95,45,12.61,305,16.56,263,18.28,228,17.48,256,34.46,5,12.73,341,43.66,27,39.57,7,2.55,328,0.67,310,26.35,153,39.76,11,12.97,315,10.59,303,9.17,297,28.21370065,142.0,2026,54.66666667,129,35.18518519,129,71.05263158,182,9.574468085,176,51.06382979,175,29.26829268,109,70.27027027,166,17.33333333,345,41.86046512,145,30.37037037,38,48.33333333,240,46.66666667,96,0.088247773,228,0.115400933,256,,10.86126432,315,6.109461179,268,3.8,18.942300000000003,13.626016260000004,-7.467119219999999,5.91689251,-0.027153159999999996,-7.758865244999999
2026,Mississippi Valley State,76.225,60,71.265,191,75.5422,358,85.1135,365,132.307,346,120.502,365,-35.3887,365,2026,35.63218391,358,25.36350716,347,23.96694215,307,31.6091954,247,2026,57.41626794,294,10.49524434,349,40.33613445,327,43.54066986,263,2026,77.36,183,-0.1,184,0.63,91,0.55,117,-1.06,292,-0.21,204,0.27,139,0.202577,360,34.12,139,18.74,167,20.53,151,17.88,238,12.99,336,29.85,18,17.25,324,35.05,73,25.18,69,9.48,209,13.04,93,23.91,201,30.62,57,19.3,175,12.94,260,13.24,204,5.672807246,307.0,2026,33.60655738,358,26.92307692,291,85.45454545,9,9.401709402,182,58.97435897,293,36.95652174,256,68.13186813,119,4.098360656,24,29.88505747,330,44.01913876,266,43.63636364,290,62.13592233,300,0.091833388,212,0.14430961,339,,10.93254619,319,1.311905543,362,2.5,-35.38849999999999,-16.3691923,-14.868262820000002,-10.03344482,-0.052476222,5.303348746
2026,Missouri,71.6219,165,71.4961,174,128.065,27,120.814,11,97.2568,110,100.049,71,20.7649,28,2026,65.06550218,8,19.19804529,221,37.5,61,46.72489083,69,2026,48.09322034,134,19.89615603,111,29.60526316,144,31.3559322,108,2026,78.96,11,1.75,31,2.49,4,1.55,30,0.23,157,1.79,31,2.12,11,2.47241,15,33.92,145,12.66,304,20.29,157,23.02,104,23.79,106,20.25,183,30.28,222,23.47,215,27.19,48,14.54,123,4.52,251,25.58,165,23.34,180,25.93,48,14.98,222,10.18,286,32.29060173,113.0,2026,64.47368421,24,44.15584416,17,63.55140187,303,11.60714286,111,46.42857143,93,33.06451613,181,70.27027027,166,2.631578947,3,33.62445415,286,52.54237288,354,48.48484848,239,55.91397849,232,0.125659933,62,0.09424495,155,,9.773550329,276,7.330162747,218,3.6,20.764999999999986,7.89473684,0.6981107400000006,11.09132803,0.03141498300000001,8.975563913
2026,Missouri State,79.675,13,71.0856,204,106.683,161,103.102,223,107.938,189,106.16,160,-3.05753,178,2026,51.78571429,153,15.06118607,85,21.21212121,339,66.07142857,4,2026,48.46153846,142,20.08158142,107,35.8974359,270,44.61538462,272,2026,76.69,291,-0.59,224,-2.5,362,-1.78,345,-0.44,227,1.79,31,-1.55,344,0.741987,330,25.0,324,21.22,108,31.46,10,9.03,358,15.78,294,22.51,130,38.86,113,46.86,15,10.39,278,3.9,309,0.0,317,27.0,147,40.59,9,7.41,357,3.83,361,21.17,42,31.07989132,120.0,2026,57.14285714,81,28.57142857,254,72.97297297,139,6.976744186,254,55.81395349,250,22.72727273,24,79.31034483,315,5.714285714,53,37.5,217,33.84615385,64,53.84615385,162,37.93103448,21,0.087856919,231,0.07530593,73,,7.530593034,165,11.29588955,45,3.2,-3.0579999999999927,-14.685314689999998,5.020395349999999,5.844155839999999,0.012550989000000012,1.2624584720000005
2026,Monmouth,66.1875,321,71.2688,190,90.6516,307,102.201,243,110.293,207,108.237,208,-6.0356,235,2026,47.11538462,249,24.17374882,340,32.35294118,147,32.69230769,229,2026,41.93548387,30,18.13031161,165,45.45454545,349,45.16129032,277,2026,79.16,6,1.15,57,1.37,40,1.62,20,2.17,8,2.35,14,1.26,41,1.91399,73,20.41,354,18.68,169,25.67,44,26.42,45,16.15,286,12.71,333,33.99,181,43.17,28,7.6,313,11.01,178,3.61,270,9.67,359,24.45,151,26.25,44,26.6,28,12.5,225,43.30499172,37.0,2026,54.83870968,124,23.80952381,332,64.70588235,284,25.0,4,38.63636364,11,33.33333333,182,75.0,254,0.0,1,40.38461538,170,29.03225806,15,59.09090909,81,73.91304348,356,0.090651558,219,0.135977337,322,,10.57601511,309,9.065155807,119,3.1,-6.036000000000001,-13.101604269999996,-6.0434372100000004,-9.52380952,-0.04532577900000001,25.0
2026,Montana,77.7125,37,72.8448,100,108.676,145,108.216,120,118.524,283,109.228,245,-1.01163,157,2026,56.03448276,72,21.23210552,286,25.86206897,274,37.93103448,156,2026,53.37837838,235,9.650957053,355,31.39534884,185,28.37837838,74,2026,77.26,204,-1.76,340,-0.66,271,-0.18,200,0.56,106,1.28,65,-1.21,329,1.10294,267,22.88,342,20.86,119,17.94,228,13.71,313,28.31,34,18.35,236,33.52,187,15.8,310,0.0,356,22.86,40,27.14,8,29.29,105,16.34,304,25.69,52,14.68,226,12.77,216,28.18551362,143.0,2026,58.75,61,33.33333333,150,90.90909091,2,4.301075269,318,59.13978495,294,29.09090909,107,61.9047619,32,10.0,204,31.03448276,319,37.16216216,130,47.45762712,256,47.88732394,111,0.038603828,359,0.14154737,333,,7.077368506,143,5.790574232,282,2.9,-1.0120000000000005,-5.533279870000001,-11.581148467,4.242424240000002,-0.102943542,-5.698924731
2026,Montana State,69.1375,245,70.1133,274,106.184,167,104.292,199,114.155,246,110.692,281,-6.40037,244,2026,55.42857143,84,16.87458567,150,22.10526316,330,21.14285714,342,2026,55.32544379,269,16.87458567,206,31.86813187,192,41.42011834,234,2026,77.49,165,-0.38,215,0.6,109,0.47,125,-1.03,289,0.79,105,0.11,163,0.697087,339,26.0,307,15.23,261,18.46,216,25.74,53,24.08,98,16.48,275,23.48,285,10.49,349,17.85,159,31.46,14,16.73,49,21.68,251,22.52,195,12.9,317,26.17,33,16.73,117,21.07941359,194.0,2026,61.53846154,39,30.98591549,206,67.56756757,234,3.90625,329,57.8125,274,31.70731707,162,70.0,159,8.653846154,155,40.57142857,169,24.26035503,3,30.23255814,359,45.97701149,86,0.081962273,254,0.077140963,78,,9.160489363,241,8.678358344,137,3.0,-6.3999999999999915,-9.76286871,0.0,-0.7214015799999984,0.004821309999999995,-4.747596154
2026,Morehead State,73.1583,130,70.7655,229,92.1493,294,100.122,290,130.138,341,110.22,268,-10.0976,291,2026,41.95979899,322,20.95910696,281,37.87878788,59,24.12060302,323,2026,56.28019324,283,15.03588108,270,45.0,346,35.74879227,160,2026,76.79,276,-1.2,310,0.09,168,-0.33,223,-0.46,239,-1.21,290,-0.56,252,0.686832,340,36.84,95,19.53,149,14.48,305,21.39,146,22.54,142,21.31,163,26.71,262,34.94,77,10.98,266,17.54,90,8.89,155,20.9,268,29.62,69,20.54,137,16.1,190,11.96,242,18.98328811,206.0,2026,44.06779661,291,25.92592593,311,72.91666667,142,10.34482759,148,55.17241379,238,38.46153846,286,68.91891892,141,16.10169492,336,40.70351759,165,43.96135266,264,41.09589041,316,63.63636364,312,0.09568288,193,0.141246156,332,,6.8344914,135,5.46759312,302,2.9,-10.097999999999999,-7.121212120000003,-5.92322588,-12.535612530000002,-0.045563276000000014,-5.75686733
2026,Morgan State,73.625,111,73.9631,50,101.404,214,96.3146,346,114.061,243,113.456,331,-17.1409,353,2026,47.65625,237,16.97792869,155,32.05128205,154,28.90625,280,2026,54.8245614,260,16.97792869,203,30.76923077,174,55.26315789,333,2026,76.67,294,0.91,75,-0.64,265,-1.08,308,-1.19,310,-1.75,323,0.14,159,1.10794,265,29.8,243,18.47,174,15.83,279,24.78,70,20.15,190,20.64,178,22.85,294,47.97,12,18.92,142,8.49,229,1.34,304,33.02,48,15.88,317,9.77,342,8.7,329,32.01,3,15.97518325,232.0,2026,40.65934066,328,43.24324324,26,72.97297297,139,12.5,90,67.1875,349,26.0,62,68.25396825,121,16.48351648,338,28.90625,341,43.85964912,263,41.50943396,311,53.57142857,192,0.054329372,339,0.101867572,200,,6.791171477,131,11.54499151,35,2.8,-17.141400000000004,1.2820512799999975,0.0,17.243243239999998,-0.0475382,-3.9835164799999987
2026,Mount State Mary's,67.2583,291,70.442,255,94.0593,280,98.8384,320,103.726,160,107.423,184,-8.58483,282,2026,51.00671141,168,25.27567835,346,27.65957447,240,41.61073826,121,2026,46.19883041,101,11.89443687,337,26.4957265,88,44.44444444,270,2026,77.17,219,0.18,155,-0.44,245,-0.65,269,-1.04,290,0.79,105,-0.13,200,1.69755,116,29.17,254,23.2,74,21.25,137,21.18,153,17.58,253,16.79,266,27.03,258,19.29,271,28.68,37,8.47,230,16.53,52,25.23,174,17.23,288,14.91,275,22.51,62,20.12,54,22.35826105,183.0,2026,55.84415584,104,30.55555556,217,61.29032258,323,4.807692308,311,47.11538462,103,29.85074627,126,67.10526316,98,9.090909091,171,48.32214765,51,39.18128655,164,66.15384615,31,43.47826087,65,0.059472184,330,0.128856399,305,,12.39003841,342,5.947218436,272,2.1,-8.584600000000009,1.163847969999999,-13.38124148,0.70480929,-0.06938421500000001,-4.283216783
2026,Murray State,79.2875,15,74.5497,26,119.609,61,108.64,116,100.082,129,105.547,143,3.09367,125,2026,54.75,94,14.29397236,64,32.45614035,146,41.0,131,2026,46.21212121,102,21.44095854,74,35.59322034,265,34.84848485,146,2026,77.93,101,0.65,96,1.63,20,1.91,8,0.24,156,-1.85,329,1.14,46,1.3064,218,40.61,32,20.83,120,21.75,120,16.77,261,27.15,45,13.37,329,37.52,130,23.99,206,14.59,209,3.1,325,20.38,33,38.29,13,24.57,149,10.18,338,12.59,266,14.1,182,0.0,339.0,2026,60.60606061,47,32.67326733,171,79.26829268,39,6.451612903,267,44.51612903,64,34.88372093,218,81.15942029,335,10.1010101,211,50.5,32,21.71717172,1,61.29032258,61,34.52380952,8,0.100898628,165,0.092490409,137,,5.04493142,46,11.3510957,44,2.9,3.0930000000000035,-3.1370799900000037,7.146986180000001,-2.210453600000001,0.008408219000000008,-3.649397197
2026,NC Stateate,73.8417,102,71.9143,151,143.662,1,118.934,18,90.2802,50,97.0883,33,21.8461,24,2026,67.61658031,1,12.1882406,26,36.17021277,90,38.86010363,147,2026,44.27710843,67,21.6679833,68,26.8907563,101,50.0,301,2026,78.23,65,-0.04,178,-0.17,202,0.62,95,2.04,11,1.68,49,-0.1,195,1.97939,60,36.69,98,16.14,234,19.21,198,19.43,195,28.34,33,16.68,272,45.88,58,17.42,297,13.11,235,15.7,111,7.36,181,29.32,103,17.86,278,21.66,113,20.62,88,10.23,284,3.392238915,319.0,2026,69.23076923,4,44.11764706,18,76.0,78,8.24742268,222,49.48453608,141,24.63768116,48,63.85542169,61,5.494505495,48,52.84974093,15,41.56626506,215,58.33333333,90,46.15384615,87,0.130910732,47,0.090283264,129,,3.159914231,7,8.576910055,142,3.4,21.845699999999994,9.27945647,9.4797427,19.479965900000003,0.040627468,2.7529171849999994
2026,Navy,69.5458,228,71.4185,179,103.799,191,105.104,182,110.091,203,107.342,181,-2.23771,169,2026,51.88679245,149,20.60990953,271,26.13636364,266,41.50943396,124,2026,52.55681818,211,16.29620754,227,32.35294118,197,35.79545455,162,2026,75.82,355,0.31,145,-2.21,355,-1.9,349,-1.97,349,-2.13,339,-0.95,294,2.31301,27,22.54,344,18.5,172,20.18,163,20.94,160,21.6,155,18.78,224,25.56,271,25.84,189,39.17,8,9.43,211,0.0,317,28.89,114,29.35,73,21.15,123,11.71,285,8.89,303,80.23279309,1.0,2026,53.09734513,159,32.60869565,173,75.75757576,83,6.363636364,272,55.45454545,245,31.81818182,164,74.6031746,252,11.50442478,249,28.93081761,339,37.5,136,57.33333333,108,50.0,130,0.119825055,84,0.143790067,337,,6.230902882,108,4.313701995,336,1.6,-2.2379999999999995,-6.216577540000003,-4.313701989999998,0.7905138300000019,-0.023965011999999994,-5.140788416
2026,Nebraska,71.4208,171,72.2099,138,116.674,90,114.561,53,78.5949,8,98.1623,46,16.399,46,2026,55.98958333,76,14.46823406,68,31.81818182,157,26.5625,303,2026,37.88659794,9,22.40242693,49,30.23255814,161,14.43298969,8,2026,78.09,80,1.13,61,0.84,75,1.24,46,0.37,142,-0.24,214,0.98,61,2.33454,25,40.92,28,21.01,113,25.03,59,21.99,130,16.59,274,14.58,315,34.39,168,28.2,168,18.45,149,6.75,257,11.01,114,24.06,196,24.94,134,14.93,274,12.19,272,23.29,25,32.46493042,112.0,2026,61.70212766,37,33.67346939,149,70.58823529,189,7.2,247,38.4,10,24.63768116,48,78.57142857,308,12.76595745,285,51.04166667,26,35.56701031,97,69.23076923,14,46.15384615,87,0.130680824,48,0.084009101,104,,6.06732396,93,9.334344554,108,3.3,16.398700000000005,1.5856236800000012,7.93419287,9.035788230000001,0.046671723,-5.56595745
2026,Nebraska Omaha,71.1208,178,71.1599,201,104.534,183,106.567,151,120.596,295,111.156,300,-4.58879,206,2026,52.08333333,143,18.74743687,205,25.0,288,38.0952381,153,2026,53.55029586,240,18.27875095,162,38.29787234,301,51.47928994,313,2026,76.91,263,-0.45,220,-0.64,267,-1.07,307,-0.48,241,0.12,172,-0.55,251,1.63912,125,31.05,211,16.7,219,13.28,323,23.59,97,27.94,37,17.81,253,40.33,100,32.11,111,15.83,189,10.44,189,0.0,317,23.81,203,24.7,143,17.77,212,23.92,48,9.04,299,48.09969664,22.0,2026,52.47524752,167,34.32835821,141,73.4375,131,6.896551724,255,57.47126437,264,32.92682927,179,85.05747126,358,7.920792079,134,39.88095238,177,48.52071006,321,39.47368421,333,57.14285714,250,0.126545199,59,0.089050325,126,,9.842404359,278,5.624231062,294,3.5,-4.589000000000013,-13.297872339999998,-0.4686859200000022,1.4015289399999986,0.037494874,-1.0242403549999999
2026,Nevada,66.6634,306,68.733,334,115.976,95,109.986,100,99.007,121,101.438,92,8.54744,93,2026,44.79166667,287,11.01862387,21,38.68613139,50,52.08333333,30,2026,48.0,133,13.89304749,303,21.18644068,20,34.85714286,147,2026,77.24,207,0.46,117,0.64,89,-0.48,252,-0.66,260,-0.84,258,0.55,104,1.9706,63,33.71,153,17.93,191,15.86,277,20.74,164,23.08,122,21.89,146,36.01,154,24.71,198,20.26,127,15.77,109,2.53,286,31.62,69,21.48,213,12.9,318,18.71,126,14.63,167,17.27633327,221.0,2026,47.58064516,250,26.47058824,301,69.0,214,14.5631068,48,49.51456311,142,30.55555556,138,65.57377049,74,9.677419355,195,35.41666667,256,41.14285714,204,57.14285714,110,54.79452055,213,0.081442003,259,0.04790706,18,,6.227917839,107,5.748847236,287,3.9,8.548000000000002,17.49969071,2.87442362,-4.084967319999997,0.033534943,4.885687445
2026,New Hampshire,69.7625,226,72.2681,132,80.8443,349,97.0807,340,124.721,315,115.276,353,-18.1948,358,2026,42.37288136,319,19.35137072,227,17.10526316,353,16.10169492,359,2026,60.28037383,320,10.75076151,348,21.42857143,23,55.14018692,332,2026,76.74,285,-0.93,277,-0.53,254,-1.42,332,-0.44,227,0.02,186,-0.73,270,0.82084,319,31.54,194,26.44,27,15.45,291,9.33,357,24.51,89,24.27,97,42.35,84,39.06,49,11.98,249,6.61,265,0.0,317,50.31,1,24.31,156,10.9,335,6.05,354,8.43,310,19.23400015,204.0,2026,42.64705882,310,28.0,270,68.42105263,219,2.857142857,348,60.0,311,40.54054054,311,76.27118644,276,10.29411765,216,42.37288136,137,34.57943925,78,44.18604651,285,49.12280702,125,0.078838918,271,0.078838918,85,,11.46747895,330,2.866869737,357,2.4,-18.195300000000003,-4.323308270000002,-8.600609209999998,-12.540540540000002,0.0,-7.436974793000001
2026,New Haven,65.7188,330,68.5251,339,84.7789,335,93.027,362,116.143,265,113.514,333,-20.4871,361,2026,45.23809524,280,21.30290062,292,20.58823529,341,25.23809524,316,2026,54.93273543,263,17.49881122,187,34.12698413,234,34.52914798,144,2026,77.17,218,-0.59,224,1.0,61,-1.04,303,-0.65,255,0.11,173,0.2,150,0.176106,361,23.16,340,13.23,298,17.32,246,24.4,77,21.66,152,23.02,120,26.32,266,21.8,236,17.76,161,15.99,105,17.59,43,26.9,148,24.72,141,13.78,298,18.35,134,15.8,140,,,2026,48.22695035,240,26.08695652,307,64.1509434,293,6.71641791,261,54.47761194,232,37.07865169,261,76.62337662,283,9.219858156,175,32.85714286,294,39.9103139,185,36.04651163,345,46.22641509,91,0.095102235,200,0.110318592,233,,10.27104137,294,7.988587732,174,2.2,-20.486999999999995,-13.538748839999997,-3.8040893999999987,-10.99169517,-0.015216357,-2.503440246000001
2026,New Mexico,71.9375,155,71.3859,183,108.1,150,106.587,148,83.2606,16,98.31,49,8.27744,96,2026,50.54644809,178,14.82768607,80,27.77777778,236,36.61202186,178,2026,43.29268293,48,26.875181,11,27.77777778,113,29.26829268,84,2026,78.08,81,0.35,140,0.72,83,1.1,53,0.73,94,0.51,139,0.53,107,1.06973,272,36.47,102,22.81,79,16.43,269,14.06,309,24.79,79,21.91,145,62.84,6,17.85,292,11.18,264,0.99,340,7.14,186,29.84,95,14.35,335,18.86,187,20.04,94,16.91,114,0.0,339.0,2026,53.78151261,147,29.6875,233,70.14925373,199,12.82051282,85,48.71794872,125,25.58139535,58,75.0,254,6.722689076,93,34.9726776,266,52.43902439,353,49.39759036,224,43.33333333,62,0.152910513,18,0.064871127,42,,8.340573414,193,11.58412974,31,4.3,8.277000000000001,0.0,12.047494930000001,4.106104649999999,0.088039386,6.097823743999999
2026,New Mexico State,0.0,363,70.1165,273,0.0,363,104.72,188,200.0,363,103.948,120,0.772525,142,2026,0.0,363,100.0,363,0.0,363,0.0,363,2026,100.0,363,0.0,363,100.0,363,100.0,363,2026,0.0,363,-99.0,363,-99.0,363,-99.0,363,-99.0,363,-99.0,363,0.0,179,0.0,363,0.0,363,0.0,363,0.0,363,0.0,363,0.0,363,0.0,363,0.0,362,0.0,362,0.0,356,0.0,348,0.0,317,0.0,363,0.0,363,0.0,363,0.0,363,0.0,363,0.0,339.0,2026,0.0,363,0.0,363,0.0,363,0.0,361,100.0,363,100.0,363,100.0,362,100.0,363,0.0,363,100.0,363,0.0,363,100.0,363,0.0,363,1.0,363,,100.0,363,0.0,363,3.6,0.7720000000000056,-100.0,-100.0,-100.0,-1.0,-100.0
2026,New Orleans,74.1875,92,73.3987,74,91.4245,301,101.511,264,112.858,230,108.764,228,-7.25287,257,2026,43.9516129,299,18.87110362,215,29.87012987,203,29.03225806,277,2026,46.01449275,96,11.45745577,341,37.03703704,279,39.13043478,209,2026,78.14,75,0.95,74,1.24,49,1.66,19,-1.06,295,0.79,105,1.09,49,1.43554,176,34.53,135,18.91,164,17.39,244,19.57,191,16.47,278,27.67,46,31.31,213,30.67,131,9.45,290,19.41,69,9.16,148,23.96,199,25.27,130,23.35,81,10.34,308,16.77,116,8.752800524,286.0,2026,43.20987654,304,30.23255814,224,75.0,89,8.333333333,217,52.38095238,197,24.07407407,44,74.07407407,242,11.11111111,239,34.67741935,270,39.13043478,162,43.75,288,59.64912281,273,0.080876158,263,0.094355518,156,,9.435551811,263,3.369839933,349,2.4,-7.253,-7.166907170000002,-7.41364785,6.1584840699999965,-0.013479359999999996,-2.777777776999999
2026,Niagara,64.8208,343,67.8719,351,102.573,200,98.8302,321,101.638,142,110.851,286,-12.0206,314,2026,50.64935065,176,16.9698528,153,21.05263158,340,37.66233766,161,2026,50.60606061,180,17.48409076,188,26.53061224,89,27.27272727,59,2026,75.87,351,-1.33,315,-0.51,252,-0.67,272,-1.81,340,-3.34,360,-0.92,290,0.787987,326,32.33,177,14.0,286,18.67,211,24.07,82,16.39,281,26.87,55,25.0,275,32.02,113,9.47,288,18.05,81,15.46,60,20.86,269,23.24,182,16.01,249,21.36,77,18.53,85,20.11118382,200.0,2026,51.0,192,33.33333333,150,72.4137931,151,11.42857143,116,49.52380952,143,35.0,221,71.11111111,183,12.0,261,35.06493506,264,36.36363636,111,53.62318841,168,52.05479452,170,0.097705213,183,0.082278074,95,,8.742045382,216,7.713569454,191,2.5,-12.020799999999994,-5.47798066,0.5142379599999991,-1.666666669999998,0.015427138999999992,-0.5714285700000001
2026,Nicholls,67.6,284,69.9488,289,84.8306,334,98.152,330,103.684,158,105.97,156,-7.81786,268,2026,40.0,341,18.24457594,186,23.52941176,314,37.57575758,165,2026,47.60479042,129,18.73767258,147,34.54545455,240,44.31137725,268,2026,77.71,132,-0.69,250,0.6,110,1.62,20,0.76,88,-0.8,255,-0.05,186,1.84452,90,31.14,210,18.0,189,19.67,179,19.02,210,18.16,244,24.53,92,18.46,320,21.62,241,27.36,43,19.56,67,12.11,102,31.19,75,24.43,152,22.63,95,11.78,284,8.99,302,29.51072156,131.0,2026,42.35294118,316,25.0,316,62.90322581,311,9.433962264,180,48.11320755,113,31.14754098,145,68.91891892,141,12.94117647,293,48.48484848,49,36.52694611,121,46.42857143,267,67.14285714,336,0.093688363,206,0.088757396,125,,9.368836292,258,9.368836292,106,2.7,-7.817999999999998,-11.016042790000004,0.493096640000001,-6.147540979999999,0.0049309669999999944,-3.5072142060000004
2026,NJIT,69.2167,241,70.6794,234,93.0371,289,93.5156,361,95.7134,86,109.164,241,-15.6489,345,2026,45.14285714,284,19.26318324,225,25.43859649,281,26.28571429,304,2026,41.88481675,29,18.30002408,160,39.23076923,313,32.46073298,114,2026,76.66,295,0.79,83,-0.37,219,-1.14,314,-1.98,350,-1.07,279,0.21,149,0.81038,322,31.35,203,13.81,291,26.0,40,21.4,144,16.99,264,21.49,158,43.38,75,45.33,22,7.04,317,3.26,322,0.0,317,20.35,276,29.29,76,24.25,69,7.29,346,18.39,92,34.64978039,96.0,2026,42.57425743,312,32.43243243,177,71.73913043,166,7.56302521,238,44.53781513,66,25.0,50,62.90322581,43,12.87128713,289,42.28571429,139,37.69633508,139,41.79104478,310,45.07042254,82,0.081868529,255,0.115579099,258,,7.705273296,169,10.1131712,76,2.3,-15.648399999999995,-13.792172740000002,-0.96315916,7.432432429999999,-0.03371057000000001,-5.3082619200000005
2026,Norfolk State,68.2688,269,69.5067,313,98.5093,251,101.187,274,102.976,152,107.745,194,-6.55874,248,2026,46.92982456,253,22.70438524,317,36.70886076,79,38.59649123,149,2026,49.51923077,162,19.04238762,134,30.15873016,157,50.96153846,311,2026,76.65,297,-1.05,293,-1.26,315,-1.94,352,-0.44,227,0.89,98,-1.15,322,1.57126,141,29.02,259,12.05,316,26.13,39,12.56,331,26.36,58,22.81,126,36.87,141,26.27,183,9.32,293,12.05,159,14.86,64,16.78,331,18.07,273,20.85,129,28.24,16,15.77,141,2.729310095,322.0,2026,44.28571429,284,34.09090909,143,63.63636364,298,13.20754717,77,60.37735849,316,25.49019608,56,71.69811321,201,10.0,204,38.59649123,195,49.03846154,327,56.52173913,121,60.0,275,0.095211938,197,0.117183924,267,,10.98599286,322,9.521193811,96,3.3,-6.558000000000007,6.550130599999999,-3.661997620000001,8.600713009999996,-0.021971986,3.20754717
2026,North Alabama,68.9639,250,71.0619,205,101.579,211,103.504,216,115.672,261,109.692,260,-6.18821,238,2026,47.56097561,238,17.78081723,176,31.25,168,39.83739837,141,2026,50.78740157,185,12.30979655,326,33.78378378,226,41.73228346,240,2026,77.65,141,-0.76,255,-0.37,219,1.43,36,0.5,127,0.4,146,-0.57,256,1.38954,189,21.39,350,24.67,45,10.14,352,14.52,301,22.75,135,27.59,47,61.1,7,4.18,360,29.16,32,4.76,293,0.0,317,35.09,31,18.64,260,28.62,26,10.62,302,6.57,336,37.59064078,75.0,2026,44.82758621,281,36.11111111,113,65.30612245,276,14.11764706,58,52.94117647,208,30.95238095,142,75.47169811,267,9.195402299,174,29.26829268,337,33.07086614,57,40.38461538,321,46.55172414,95,0.102581638,154,0.129936741,308,,4.787143101,39,2.051632758,360,2.8,-6.187999999999988,-2.5337837800000003,-5.4710206800000005,5.158730160000005,-0.02735510299999999,4.922244761
2026,North Carolina,75.8208,65,74.9606,17,119.054,69,118.054,23,89.089,37,97.0115,32,21.0425,27,2026,53.57142857,115,14.94751882,84,40.0,37,44.89795918,87,2026,43.48958333,55,18.46458207,154,25.0,65,28.64583333,78,2026,79.2,5,1.96,22,2.63,3,1.97,6,1.27,55,1.09,81,2.29,9,1.29536,221,33.9,146,21.5,103,19.73,178,22.94,107,17.49,255,17.6,256,32.34,200,38.36,53,16.44,182,10.08,194,1.69,294,23.52,208,21.33,215,14.84,278,21.57,74,17.84,96,11.02478877,269.0,2026,60.55045872,48,29.88505747,229,68.18181818,223,8.333333333,217,39.81481481,18,32.14285714,168,63.63636364,55,6.422018349,79,44.3877551,107,43.75,259,58.69565217,86,41.42857143,37,0.127493543,58,0.09232291,135,,5.715227785,80,5.715227785,289,3.4,21.042500000000004,15.0,3.517063249999998,-2.257799669999997,0.03517063299999999,1.9113149840000005
2026,North Carolina AandT,78.35,26,74.6058,23,100.026,231,96.8368,342,98.3733,118,110.756,283,-13.9193,331,2026,47.95081967,225,19.78302489,244,28.20512821,232,45.08196721,83,2026,52.54237288,210,23.61199745,34,28.94736842,132,41.52542373,237,2026,77.78,124,-0.01,174,-0.34,217,-0.27,215,1.01,70,1.42,57,-0.17,209,0.535086,349,37.84,72,20.24,129,22.95,93,22.65,116,19.34,210,13.63,327,57.06,14,16.03,306,10.57,274,9.81,201,5.07,238,37.51,16,21.95,206,13.89,296,11.8,283,13.61,189,9.836591035,280.0,2026,49.45054945,222,29.03225806,247,72.72727273,146,11.26760563,121,45.07042254,71,42.55319149,333,59.18367347,16,6.593406593,88,25.40983607,354,39.83050847,182,50.0,209,67.30769231,340,0.146777281,26,0.089342693,127,,10.84875558,314,8.934269304,124,3.5,-13.919200000000004,-0.7422402099999985,3.8289725600000004,-13.520933430000003,0.05743458800000001,4.674199037
2026,North Carolina Central,66.55,311,70.1394,271,91.2364,304,99.2071,313,134.751,350,115.28,354,-16.0728,347,2026,40.18987342,339,19.03330829,218,26.31578947,261,44.30379747,95,2026,60.89385475,325,14.52541948,284,44.11764706,345,43.57541899,264,2026,76.27,331,-0.79,256,-0.87,286,-1.05,305,-1.43,325,-1.59,314,-0.83,280,1.15917,254,29.05,258,27.09,22,11.71,343,15.55,281,32.57,10,12.45,335,48.19,43,21.0,252,10.25,281,4.66,296,14.87,63,33.58,42,14.63,332,19.37,172,11.62,289,20.0,57,12.52800375,256.0,2026,36.53846154,349,31.48148148,197,78.57142857,45,6.493506494,266,63.63636364,337,39.21568627,298,67.94871795,116,15.38461538,323,34.17721519,279,56.98324022,357,56.36363636,122,71.91011236,351,0.095166541,198,0.115201603,255,,7.513148009,164,5.008765339,316,3.5,-16.072900000000004,-17.801857590000004,-4.507888810000001,-7.73420479,-0.020035062000000006,-8.891108886
2026,North Dakota,73.4625,121,71.4726,176,98.3577,254,101.444,268,116.835,266,114.951,352,-13.5068,324,2026,48.65591398,211,12.70489479,33,21.31147541,336,34.40860215,200,2026,60.86956522,324,22.68731212,45,33.72093023,225,52.79503106,319,2026,76.71,289,-0.26,204,-0.71,277,-1.84,347,-0.8,273,0.09,176,-0.48,242,0.992993,285,29.55,247,17.69,197,12.71,333,17.93,235,24.26,94,27.08,51,64.35,5,7.51,358,1.64,353,11.99,161,13.64,81,22.36,240,23.6,175,13.28,310,26.87,24,13.52,193,22.93480635,181.0,2026,54.38596491,135,26.38888889,302,56.25,351,6.862745098,256,66.66666667,346,33.89830508,199,72.94117647,219,10.52631579,224,38.70967742,193,36.64596273,124,55.55555556,136,65.90909091,328,0.145198798,28,0.072599399,64,,5.444954909,62,8.167432363,163,2.8,-13.50699999999999,-12.40945482,9.98241733,-7.50941619,0.072599399,-3.6635706919999995
2026,North Dakota State,71.7083,161,70.7112,231,103.129,198,104.966,184,100.838,136,108.26,209,-3.29445,184,2026,42.95774648,309,13.48053457,45,38.28125,56,23.94366197,325,2026,52.74390244,218,23.24230099,39,29.89690722,153,35.97560976,169,2026,76.22,334,-0.15,191,-1.48,339,-2.24,356,-1.44,327,-0.57,231,-0.81,279,1.34782,204,30.08,234,22.49,82,28.42,18,11.66,344,16.28,282,21.15,169,29.88,226,22.62,222,37.72,14,3.77,312,6.01,217,32.65,53,14.97,328,19.74,165,17.65,144,14.99,159,19.56504285,203.0,2026,54.31034483,137,19.58762887,358,78.43137255,49,12.96296296,81,50.92592593,173,37.5,270,71.18644068,187,5.172413793,41,45.5399061,86,34.14634146,71,51.2195122,200,51.31578947,157,0.125508425,63,0.088320744,122,,4.648460198,36,10.69145845,61,2.7,-3.294000000000011,8.38434278,9.76176642,-17.91237113,0.037187681,7.790549167000001
2026,North Florida,77.9625,32,74.3436,36,83.4551,340,101.32,271,130.19,342,116.405,360,-15.0848,340,2026,41.66666667,326,21.16402116,284,22.09302326,331,26.98412698,295,2026,55.26315789,266,17.95735129,170,62.82051282,362,34.21052632,134,2026,77.14,223,-1.77,341,-0.54,255,-0.24,209,0.08,173,1.12,77,-1.16,323,0.791559,324,32.32,179,22.16,88,11.34,347,15.19,287,24.05,99,26.65,57,46.42,54,12.5,336,22.56,102,10.51,184,6.67,202,14.01,351,27.66,98,26.28,43,16.95,161,14.61,169,15.90499431,234.0,2026,42.85714286,308,26.98412698,288,73.52941176,129,1.075268817,359,67.74193548,353,23.72881356,35,67.30769231,102,22.22222222,361,50.0,35,38.81578947,158,34.09090909,351,62.33766234,301,0.096200096,190,0.115440115,257,,9.62000962,275,8.337341671,155,2.5,-15.085000000000008,-40.727489559999995,-3.2066698700000025,3.2553134200000002,-0.019240018999999997,-21.146953402999998
2026,North Texas,62.6208,359,67.6261,355,111.416,125,107.516,128,96.2425,92,98.1407,45,9.37494,86,2026,51.27388535,163,19.69525584,239,39.78494624,42,41.40127389,125,2026,41.4893617,26,20.22756005,101,30.76923077,174,60.9929078,351,2026,77.36,184,-0.68,248,0.05,173,-0.36,226,-0.22,205,0.97,89,-0.31,226,1.62543,126,30.74,220,21.9,93,8.3,359,15.69,274,28.51,32,25.41,75,29.17,238,35.98,66,20.11,129,12.78,146,1.73,293,24.96,179,17.5,285,22.3,99,16.65,170,18.08,95,0.0,339.0,2026,47.57281553,251,38.88888889,68,72.30769231,155,25.67567568,2,40.54054054,23,28.35820896,99,74.41860465,249,8.737864078,158,34.39490446,276,47.5177305,308,50.0,209,57.14285714,250,0.106460842,139,0.085168674,108,,11.17838845,326,9.581475813,93,3.1,9.37530000000001,9.015715469999996,0.5323042099999995,10.530679929999998,0.021292168,16.937811602000004
2026,Northeastern,66.6852,305,70.0236,280,105.805,172,103.903,209,96.2647,95,105.132,138,-1.22939,158,2026,47.48603352,241,13.44053762,42,29.05982906,219,41.34078212,126,2026,46.06060606,97,21.60086403,71,29.7029703,145,36.36363636,178,2026,77.83,116,-0.65,244,0.39,130,-0.26,212,0.87,78,1.79,31,-0.13,202,1.36885,197,29.3,252,24.31,48,17.63,237,22.95,106,19.18,214,15.88,291,49.27,37,30.42,133,5.46,331,0.57,344,13.22,91,25.4,168,35.2,24,13.95,294,10.5,306,14.62,168,39.68215883,59.0,2026,50.0,203,28.57142857,254,67.56756757,234,9.183673469,191,53.06122449,210,23.88059701,40,78.33333333,303,12.06896552,264,35.19553073,260,40.60606061,197,51.31578947,198,52.94117647,178,0.129605184,51,0.09600384,168,,3.840153606,15,8.640345614,138,2.1,-1.2289999999999992,-0.6431412400000021,8.16032641,4.6908315599999995,0.03360134400000002,-2.8852920510000004
2026,Northern Arizona,70.1125,213,70.5503,245,85.8277,329,101.701,258,114.767,251,110.479,274,-8.77791,284,2026,40.0,341,16.40221073,131,28.26086957,231,14.07407407,361,2026,53.33333333,233,17.11535033,199,35.71428571,266,35.83333333,164,2026,77.09,228,-0.93,278,0.18,154,0.7,90,0.2,160,-1.79,324,-0.38,230,1.22633,239,34.76,131,35.53,1,14.0,312,20.17,177,20.96,172,8.61,357,34.22,175,33.4,95,16.29,185,11.09,174,4.0,259,20.1,279,13.95,337,26.59,40,22.69,59,16.22,128,17.88721979,212.0,2026,34.73684211,355,35.0,134,63.15789474,309,4.166666667,324,51.38888889,181,37.5,270,76.74418605,285,14.73684211,313,29.62962963,332,40.0,186,53.19148936,174,63.63636364,312,0.114102336,105,0.085576752,109,,7.844535568,176,5.705116777,290,2.9,-8.778000000000006,-7.453416139999998,0.7131395999999981,-2.5,0.028525583999999993,-10.570175443
2026,Northern Colorado,0.0,363,72.9298,98,0.0,363,106.595,147,200.0,363,110.244,269,-3.64847,193,2026,0.0,363,100.0,363,0.0,363,0.0,363,2026,100.0,363,0.0,363,100.0,363,100.0,363,2026,0.0,363,-99.0,363,-99.0,363,-99.0,363,-99.0,363,-99.0,363,0.0,179,0.0,363,0.0,363,0.0,363,0.0,363,0.0,363,0.0,363,0.0,363,0.0,362,0.0,362,0.0,356,0.0,348,0.0,317,0.0,363,0.0,363,0.0,363,0.0,363,0.0,363,0.0,339.0,2026,0.0,363,0.0,363,0.0,363,0.0,361,100.0,363,100.0,363,100.0,362,100.0,363,0.0,363,100.0,363,0.0,363,100.0,363,0.0,363,1.0,363,,100.0,363,0.0,363,2.7,-3.649000000000001,-100.0,-100.0,-100.0,-1.0,-100.0
2026,Northern Illinois,73.5167,116,72.7801,103,105.295,175,102.173,245,121.135,300,113.32,329,-11.1463,302,2026,54.65838509,96,25.39106779,348,34.48275862,109,48.44720497,59,2026,57.58426966,296,16.77624122,211,37.6344086,292,43.82022472,267,2026,76.89,267,-0.34,213,-0.16,199,-0.5,254,-0.76,272,-0.84,257,-0.25,220,0.842155,314,38.59,64,25.18,41,16.48,267,14.29,305,22.73,136,21.1,171,51.53,29,9.15,352,10.72,273,24.0,33,4.0,259,20.78,270,18.99,254,19.37,173,25.08,40,15.63,145,0.0,339.0,2026,52.12765957,170,38.80597015,72,73.07692308,135,4.95049505,308,61.38613861,325,35.06493506,226,79.48717949,319,9.574468085,189,41.61490683,152,43.25842697,251,56.0,128,50.56179775,146,0.063477669,314,0.113352981,250,,14.05576967,355,10.42847427,68,2.2,-11.146999999999991,-3.151649980000002,-8.614826570000002,3.741035089999997,-0.049875312000000005,-4.623973035
2026,Northern Iowa,67.7063,280,68.7824,333,110.978,129,107.818,125,85.2883,21,101.284,90,6.53389,101,2026,58.92857143,38,15.50816948,95,16.92307692,354,26.78571429,297,2026,43.2038835,46,27.32391766,9,33.82352941,227,35.9223301,167,2026,77.53,156,-1.4,321,-0.31,212,0.09,171,0.82,81,1.46,55,-0.86,286,1.8294,94,27.59,291,16.52,223,19.18,199,27.17,37,21.42,163,15.71,294,7.2,358,29.6,146,42.36,5,9.33,214,11.51,109,32.78,52,13.29,340,13.28,311,19.86,99,20.79,47,61.46983504,4.0,2026,59.01639344,58,39.21568627,61,63.33333333,305,16.66666667,25,46.66666667,96,25.58139535,58,70.27027027,166,6.557377049,84,45.53571429,87,41.74757282,223,66.07142857,32,46.15384615,87,0.118157482,88,0.073848426,66,,8.123326872,186,15.50816948,3,3.3,6.533999999999992,-16.90045249,11.81574818,13.634290919999998,0.044309056,10.109289621000002
2026,Northern Kentucky,70.9187,188,71.1159,203,83.836,338,99.4156,309,120.159,292,109.575,256,-10.1597,294,2026,42.97520661,307,23.26606151,326,29.41176471,213,22.31404959,335,2026,62.3853211,340,21.15096501,82,35.18518519,253,42.20183486,244,2026,76.94,260,-1.44,324,-0.84,285,-0.9,288,-0.19,199,1.03,83,-1.14,320,1.16077,252,30.23,232,6.1,359,20.26,158,24.89,67,21.15,170,27.44,48,37.42,133,32.36,109,12.23,244,10.21,192,7.3,183,25.86,160,42.86,5,7.5,355,10.21,310,13.43,198,20.39464414,198.0,2026,45.90163934,268,26.66666667,295,55.55555556,355,7.042253521,251,61.97183099,328,42.10526316,327,73.91304348,239,9.836065574,198,49.58677686,37,34.86238532,82,50.0,209,61.66666667,294,0.148056755,23,0.162157398,352,,7.050321671,142,6.345289504,259,2.9,-10.159400000000005,-5.773420479999999,-2.1150965,-15.438596489999998,-0.014100642999999996,-2.793812052999999
2026,Northwestern,67.225,293,69.5959,307,126.233,34,113.791,61,80.3907,13,96.3196,23,17.4716,40,2026,56.94444444,64,11.9003347,23,37.37373737,66,40.55555556,134,2026,39.88764045,18,20.82558572,90,27.86885246,115,18.53932584,18,2026,77.52,159,0.53,112,0.09,168,0.8,82,0.56,106,-1.48,308,0.3,133,1.59514,133,41.6,24,22.03,91,25.16,57,22.82,111,15.46,299,13.69,326,31.57,209,21.15,250,26.11,61,12.5,154,7.63,175,33.9,39,23.56,176,19.91,159,10.16,311,11.68,255,38.89922202,66.0,2026,56.19834711,98,38.98305085,66,69.8630137,204,11.11111111,126,37.96296296,7,28.57142857,100,60.60606061,28,5.785123967,58,32.77777778,296,39.3258427,169,64.83516484,38,65.57377049,327,0.119003347,85,0.059501673,35,,5.950167348,89,8.925251023,126,2.8,17.471400000000003,9.504884910000001,8.92525102,10.41162228,0.059501674,5.325987143
2026,Northwestern State,66.9884,299,68.7295,335,96.9653,268,102.409,241,127.223,331,112.828,322,-10.4191,298,2026,47.07792208,252,20.54835434,268,26.80412371,256,50.0,47,2026,58.37988827,305,17.2032734,195,43.0,339,45.81005587,288,2026,76.16,339,-0.62,240,-2.18,354,-1.58,337,-1.23,312,-0.67,243,-1.4,340,1.23624,235,40.3,36,11.17,329,16.47,268,15.09,289,20.89,173,36.18,2,34.39,167,25.0,194,10.0,283,15.0,118,15.0,61,23.4,211,25.73,121,25.91,50,15.48,207,8.65,307,32.56786168,110.0,2026,45.63106796,273,33.33333333,150,76.62337662,70,8.181818182,224,58.18181818,281,39.13043478,297,68.29268293,123,15.53398058,329,33.11688312,291,38.54748603,154,50.0,209,56.04395604,233,0.124245863,67,0.143360612,336,,6.212293172,104,4.778687056,323,2.3,-10.418999999999997,-16.19587629,-3.345080939999999,-5.7971014499999995,-0.019114749,-7.352162397999999
2026,Notre Dame,69.3333,237,68.9593,327,129.154,22,114.207,58,93.8619,70,101.362,91,12.8453,70,2026,60.05434783,27,17.30769231,164,44.11764706,17,36.41304348,182,2026,45.73863636,89,18.75,146,26.95652174,102,30.11363636,96,2026,77.83,118,0.75,90,0.18,153,0.47,126,0.72,97,-0.02,192,0.47,113,2.01711,54,39.76,48,18.12,184,19.8,176,17.43,251,16.15,285,28.36,30,29.88,227,45.71,19,14.73,207,6.93,254,2.56,285,29.96,93,34.7,29,15.53,261,13.04,255,6.59,334,44.47515905,32.0,2026,56.70103093,86,42.52873563,32,71.64179104,168,3.738317757,332,45.79439252,82,30.43478261,136,64.1509434,64,7.216494845,113,47.2826087,67,39.20454545,166,51.08695652,205,50.0,130,0.091346154,214,0.081730769,92,,9.134615385,240,9.615384615,90,2.8,12.844999999999999,17.161125320000004,1.4423076899999998,12.09395302,0.009615385000000004,-3.478177088
2026,Oakland,69.8417,220,70.4685,251,94.4043,277,107.18,134,135.384,352,110.473,272,-3.29295,183,2026,45.90163934,268,15.74991051,104,23.47826087,317,22.95081967,331,2026,61.96172249,337,9.068130295,359,34.65346535,243,17.22488038,11,2026,77.41,171,-1.31,314,0.34,135,0.62,95,2.14,10,-1.82,327,-0.48,242,1.02742,277,18.36,359,17.5,201,25.45,53,20.02,183,21.58,156,14.89,312,24.72,278,34.66,79,13.45,231,26.38,24,0.0,317,25.24,173,11.33,352,17.95,208,31.13,6,13.71,187,21.91594243,188.0,2026,43.22033898,303,33.84615385,146,76.19047619,73,3.703703704,333,62.96296296,330,40.59405941,313,75.0,254,16.94915254,341,35.51912568,254,48.32535885,318,42.46575342,305,66.97247706,335,0.062045102,318,0.076363202,76,,8.113590264,185,2.863620093,358,2.5,-3.292999999999992,-11.175204479999998,-6.681780215,-6.7479055599999995,-0.014318100000000007,-13.245448836
2026,Ohio,71.5958,166,72.9909,92,100.687,222,105.677,172,114.964,253,108.314,210,-2.63675,173,2026,49.72527473,193,14.89844614,83,21.9047619,333,30.76923077,253,2026,55.27777778,268,17.69190479,180,34.65346535,243,33.88888889,129,2026,76.87,271,-1.13,299,0.05,174,-0.35,225,-1.17,306,-0.06,196,-0.54,250,2.16173,42,27.56,293,26.05,33,28.62,17,9.86,353,25.18,69,10.3,349,16.21,326,33.2,100,27.89,41,11.53,165,11.17,111,27.29,140,19.35,248,19.5,168,8.39,335,25.47,13,38.63417804,69.0,2026,54.83870968,124,25.86206897,312,64.28571429,289,6.666666667,262,53.33333333,214,38.66666667,290,78.68852459,312,8.870967742,166,31.86813187,309,41.66666667,219,43.37349398,296,54.11764706,199,0.046557644,354,0.074492231,71,,7.449223069,161,13.03614037,19,3.6,-2.6369999999999862,-12.748703449999997,2.793458649999998,-12.804597699999999,-0.027934587000000004,-2.204301074999999
2026,Ohio State,73.3208,127,71.7782,158,129.617,19,120.435,14,99.5466,122,101.15,87,19.2851,34,2026,66.35220126,4,18.18491788,185,36.48648649,82,61.63522013,7,2026,50.52356021,177,15.91180315,246,23.21428571,42,23.56020942,38,2026,77.83,117,2.66,12,0.55,115,-0.46,249,-1.44,327,0.79,105,1.6,20,2.40634,19,29.93,240,21.51,101,16.64,262,14.61,295,16.88,267,30.04,17,26.05,269,37.66,55,23.81,83,11.28,168,0.72,309,27.63,131,24.3,157,16.5,240,13.97,243,16.98,113,41.72070026,49.0,2026,71.95121951,1,40.25974026,45,77.55102041,57,1.886792453,356,55.66037736,247,29.41176471,114,66.66666667,85,3.658536585,16,48.42767296,50,44.5026178,271,62.22222222,56,46.42857143,93,0.063647213,313,0.077285901,82,,10.45632778,301,9.547081889,95,3.5,19.284999999999997,13.272200779999999,-2.2731147299999996,10.847975550000001,-0.01363868800000001,-1.7717441319999998
2026,Oklahoma,72.6,145,71.2598,193,121.922,52,115.102,47,100.083,130,101.029,86,14.0729,62,2026,55.8974359,77,16.52892562,136,38.31775701,54,30.76923077,253,2026,46.63461538,110,16.52892562,219,34.375,235,17.30769231,12,2026,77.37,180,0.09,164,1.48,31,1.59,29,-1.41,324,-1.99,335,0.79,82,2.24716,32,31.82,189,16.28,233,18.31,223,14.3,304,23.59,114,27.08,50,34.35,169,52.71,7,9.55,285,0.05,347,2.94,281,25.28,172,23.69,170,25.45,55,11.47,290,13.51,194,11.15469262,268.0,2026,61.46788991,41,32.55813953,175,78.33333333,51,10.41666667,145,48.61111111,123,28.125,95,66.66666667,85,6.422018349,79,44.1025641,111,30.76923077,41,46.31578947,269,50.0,130,0.101010101,164,0.110192837,232,,5.509641873,66,6.427915519,251,4.1,14.073000000000008,3.942757010000001,0.0,4.433139529999998,-0.009182735999999997,3.9946483209999997
2026,Oklahoma State,78.95,19,75.5552,8,116.777,88,113.245,69,84.975,19,97.6642,40,15.5811,52,2026,51.65876777,156,16.04390965,117,37.39837398,64,37.44075829,166,2026,42.05128205,31,18.15495039,163,22.72727273,33,27.17948718,57,2026,77.7,133,0.7,93,0.7,85,0.3,144,0.37,141,-0.63,238,0.7,88,1.55032,143,45.62,7,20.94,116,20.11,166,17.52,249,24.61,84,16.15,284,44.36,70,21.99,233,15.54,190,10.48,188,6.8,198,18.29,314,24.59,147,25.22,58,10.1,312,21.22,41,7.152453065,296.0,2026,54.07407407,141,31.57894737,195,73.41772152,132,11.2244898,125,43.87755102,56,26.80412371,76,69.81132075,158,17.77777778,346,36.01895735,243,49.74358974,335,49.48453608,222,55.07246377,219,0.1139962,106,0.054887059,29,,10.55520372,306,6.755330378,239,3.8,15.58080000000001,14.671101250000003,2.11104074,4.774823660000003,0.059109141000000004,-6.55328798
2026,Old Dominion,67.1562,296,69.4531,314,98.5203,250,103.972,207,106.042,175,108.5,220,-4.52823,204,2026,50.48076923,179,20.84690554,277,23.33333333,319,33.65384615,214,2026,48.68421053,148,17.86877617,175,33.82352941,227,35.0877193,151,2026,77.26,202,1.24,50,-0.93,290,-1.05,304,-0.86,280,0.79,105,0.15,158,1.58537,138,25.06,323,14.98,263,17.12,252,24.04,85,16.67,272,26.18,60,41.72,89,11.78,340,26.29,57,17.73,85,1.01,307,24.92,180,18.51,264,9.08,343,24.27,45,22.22,32,19.15885955,205.0,2026,55.93220339,102,28.88888889,249,77.14285714,62,9.589041096,174,53.42465753,216,26.82926829,77,82.5,346,11.86440678,257,43.26923077,127,35.96491228,105,50.0,209,42.0,43,0.089343881,223,0.104234528,210,,10.42345277,299,8.934388087,123,3.1,-4.528000000000006,-10.49019608,-2.9781293700000013,2.059620599999999,-0.014890647000000007,-2.2753656839999987
2026,Oral Roberts,79.075,17,73.7217,62,101.346,218,103.786,213,116.093,263,113.641,340,-9.85522,288,2026,50.3875969,183,16.44008852,132,21.25,338,32.55813953,230,2026,51.96850394,201,17.07239962,200,35.52631579,262,51.96850394,314,2026,76.79,277,-0.96,282,-1.05,301,-0.28,218,-0.44,227,-0.39,220,-1.01,300,1.10541,266,30.1,233,16.34,232,20.13,165,18.26,229,24.56,87,20.22,184,39.66,106,26.33,181,10.26,280,6.96,253,16.12,55,30.57,86,18.2,272,13.63,303,24.85,44,11.92,243,5.596618727,309.0,2026,55.17241379,120,30.98591549,206,66.66666667,249,21.51898734,9,49.36708861,137,37.5,270,77.27272727,295,5.172413793,41,55.03875969,7,37.79527559,144,51.85185185,188,57.89473684,258,0.088523554,226,0.082200443,94,,8.220044262,189,8.220044262,162,3.2,-9.855000000000004,-14.276315789999998,0.632311099999999,-6.51408451,0.006323111000000006,16.346573547
2026,Oregon,70.9833,183,71.8634,155,99.1131,243,110.22,95,90.0642,46,95.7529,18,14.4675,58,2026,45.34883721,278,20.19253346,256,35.65217391,96,46.51162791,72,2026,43.5483871,56,20.19253346,103,29.50819672,139,23.65591398,40,2026,78.93,13,2.08,20,2.06,11,1.26,43,1.46,47,0.74,117,2.07,13,1.73699,109,34.28,136,26.94,23,19.94,170,11.09,347,22.66,138,18.85,220,35.08,161,31.18,123,21.63,114,8.76,225,2.85,282,38.65,12,22.02,205,18.89,185,8.98,322,10.81,272,34.06454623,103.0,2026,47.72727273,244,28.57142857,254,67.5,238,17.75700935,20,42.05607477,38,30.37974684,135,65.90909091,79,7.954545455,136,48.8372093,44,42.47311828,235,56.06060606,127,39.13043478,24,0.108006574,132,0.11739845,269,,8.452688425,200,9.391876027,104,3.3,14.467100000000002,6.143977190000001,0.0,-1.808318270000001,-0.009391876000000007,9.802463895
2026,Oregon State,65.8875,325,68.074,348,105.651,174,108.658,115,102.128,146,106.829,170,1.82905,138,2026,51.76056338,154,21.24833997,287,29.54545455,209,55.63380282,20,2026,47.42857143,124,17.70694998,179,32.35294118,197,27.42857143,63,2026,78.3,53,1.93,24,2.33,7,0.42,130,-1.04,290,0.79,105,2.13,10,1.22771,238,33.94,142,22.64,80,19.5,187,19.2,205,16.41,279,22.04,143,20.89,309,39.42,45,19.41,138,10.48,187,9.4,144,22.15,245,20.97,221,17.74,213,12.16,274,26.92,9,21.79805487,189.0,2026,52.94117647,161,33.78378378,147,78.48101266,47,6.315789474,275,52.63157895,201,27.5,87,75.0,254,8.823529412,160,52.11267606,21,45.71428571,283,62.29508197,53,54.16666667,200,0.091064314,216,0.126478214,294,,8.600518561,210,8.600518561,141,3.3,1.8290000000000077,-2.807486630000003,-3.541389989999999,6.28378378,-0.03541390000000001,-2.5077399379999994
2026,Pacific,67.9688,274,70.8164,222,107.468,154,107.553,127,106.024,174,108.459,218,-0.90606,155,2026,51.35135135,161,17.65517241,173,26.66666667,258,40.54054054,135,2026,47.36842105,120,16.18390805,233,34.11764706,232,52.63157895,318,2026,76.72,286,0.04,170,-0.37,219,-1.77,343,-1.37,322,-0.02,191,-0.17,208,2.09679,50,25.69,313,19.07,158,24.89,62,16.66,262,27.1,47,11.72,341,44.67,65,21.74,238,6.67,318,23.44,37,3.23,277,19.94,284,29.2,78,15.64,258,19.84,101,14.52,172,16.09342545,229.0,2026,51.72413793,180,33.96226415,144,71.11111111,179,8.0,229,48.0,110,30.76923077,141,60.0,21,18.96551724,350,47.74774775,61,34.21052632,72,60.41666667,69,41.66666667,42,0.073563218,283,0.132413793,317,,4.413793103,28,8.827586207,130,2.5,-0.9060000000000059,-7.450980390000002,-1.4712643599999993,3.193033380000003,-0.058850575,-10.96551724
2026,Penn,78.1125,29,74.7282,20,101.769,209,104.327,196,121.452,301,114.221,345,-9.89428,289,2026,47.13114754,248,17.92286766,180,24.3902439,300,45.90163934,77,2026,59.23076923,317,17.92286766,173,34.7826087,245,35.38461538,156,2026,77.98,90,-0.59,224,1.09,56,0.06,175,1.51,42,0.81,103,0.25,141,1.35548,200,25.83,311,9.47,346,16.78,260,21.55,140,35.17,5,16.92,263,66.7,4,21.47,243,5.11,334,6.0,275,0.0,317,33.62,41,31.83,48,20.78,131,8.49,334,4.76,350,37.09751666,78.0,2026,35.61643836,353,42.85714286,29,78.57142857,45,8.571428571,210,62.85714286,329,36.66666667,250,78.26086957,302,8.219178082,140,40.16393443,172,46.15384615,289,57.44680851,103,53.03030303,181,0.083213314,251,0.083213314,100,,9.601536246,273,9.601536246,92,2.3,-9.894000000000005,-10.392364799999996,0.0,6.190476190000005,0.0,0.35225048899999933
2026,Penn State,66.625,308,70.8051,224,122.172,51,110.527,91,90.358,51,101.202,88,9.32423,87,2026,56.42458101,69,11.0068793,20,31.25,168,32.96089385,225,2026,46.15384615,99,21.01313321,86,25.0,65,18.34319527,16,2026,78.74,23,1.18,55,0.89,69,0.76,85,1.56,23,2.28,16,1.04,56,0.707367,337,37.42,85,14.66,272,15.48,290,22.86,109,22.05,145,24.77,85,28.43,245,25.34,192,10.48,276,17.63,88,17.92,42,21.72,250,20.09,237,22.97,87,13.29,251,21.89,37,15.59028924,239.0,2026,58.11965812,70,35.48387097,121,69.49152542,210,3.0,345,54.0,225,23.1884058,27,83.87096774,355,4.273504274,27,34.63687151,271,40.82840237,201,46.66666667,261,51.42857143,160,0.130081301,50,0.070043777,58,,4.002501563,18,8.005003127,172,3.4,9.325000000000003,6.25,10.00625391,12.295465169999996,0.06003752400000001,-1.2735042740000004
2026,Pepperdine,62.7625,357,70.9591,213,100.378,225,103.46,217,117.905,277,108.388,213,-4.92812,212,2026,40.98360656,332,19.11969727,219,41.66666667,29,21.31147541,341,2026,52.88461538,224,15.93308106,245,40.625,328,50.0,301,2026,78.56,34,0.99,72,2.02,13,0.57,115,0.98,73,1.0,86,1.5,26,1.15398,257,28.87,264,14.07,283,10.37,350,17.85,239,37.26,4,18.68,229,21.79,301,7.69,357,11.19,263,30.72,17,26.63,10,19.12,299,12.28,347,19.0,182,28.67,12,18.22,94,10.43474749,274.0,2026,40.625,329,27.5862069,279,100.0,1,9.677419355,173,64.51612903,339,23.80952381,38,73.07692308,221,15.625,331,47.54098361,64,40.38461538,194,52.38095238,182,44.0,70,0.095598486,194,0.111531567,241,,7.96654053,179,6.373232424,258,2.1,-4.9280000000000115,1.041666669999998,-3.1866162100000004,3.776683089999999,-0.015933081,-5.947580645
2026,Pittsburgh,68.3792,265,69.5196,312,112.137,117,112.173,74,90.1954,49,98.5868,51,13.586,63,2026,52.7607362,130,19.49911645,232,36.2745098,86,52.14723926,29,2026,40.76086957,20,14.13685942,296,24.0,52,23.91304348,45,2026,77.39,177,0.41,124,0.25,143,-0.15,197,0.16,164,-0.78,251,0.33,130,1.89714,78,27.24,296,17.63,199,19.61,182,18.39,225,21.28,168,22.97,123,38.51,116,34.04,91,12.0,248,5.09,291,9.9,137,32.04,64,23.65,172,18.65,193,5.86,356,19.53,65,24.24563617,173.0,2026,51.02040816,190,36.92307692,99,68.23529412,222,12.82051282,85,41.02564103,26,26.86567164,80,79.54545455,320,11.2244898,241,39.87730061,178,36.41304348,116,55.40540541,141,40.90909091,31,0.082871245,253,0.092620803,139,,10.23703613,291,5.849734934,278,3.1,13.586200000000005,12.274509799999997,-5.3622570299999985,10.057405280000001,-0.009749558000000005,1.5960230199999987
2026,Portland,76.0188,63,73.4307,71,98.4795,253,101.361,269,90.1491,47,109.277,247,-7.91643,271,2026,48.2300885,218,23.67836882,332,27.77777778,236,47.78761062,62,2026,42.79661017,38,23.02063636,41,30.76923077,174,36.44067797,181,2026,78.56,33,1.14,58,0.63,92,1.85,13,1.97,14,0.24,162,0.89,69,0.585132,345,32.5,170,26.92,24,18.79,205,9.38,356,18.83,224,26.08,63,45.75,59,33.35,96,11.67,255,3.67,316,5.56,226,27.41,137,18.89,255,23.14,84,12.24,270,18.32,93,12.08388433,261.0,2026,54.6875,127,26.53061224,300,75.92592593,80,10.0,159,46.66666667,96,25.86206897,61,83.72093023,353,6.25,68,43.36283186,125,49.15254237,328,68.75,15,62.79069767,309,0.092082545,209,0.105237195,214,,13.15464935,349,13.81238181,11,1.8,-7.915999999999997,-2.991452989999999,-0.6577324599999983,0.6685432700000007,-0.013154650000000004,3.75
2026,Portland State,74.4375,90,73.384,75,100.236,228,103.791,212,113.756,238,105.819,151,-2.02811,167,2026,51.2,165,22.8379513,319,29.87012987,203,23.2,329,2026,52.5862069,213,18.8077246,144,36.23188406,273,52.5862069,317,2026,77.73,130,-0.19,195,0.63,92,-0.07,188,0.47,131,0.71,118,0.22,147,1.26768,226,24.55,329,17.57,200,15.62,286,17.62,245,28.71,31,20.01,189,46.39,55,19.63,268,18.43,150,12.29,158,2.08,289,36.77,21,20.08,238,20.03,153,12.61,265,9.83,289,42.64932573,43.0,2026,44.28571429,284,40.0,47,72.4137931,151,2.702702703,350,50.0,146,38.0952381,282,77.04918033,292,7.142857143,109,44.0,114,36.20689655,109,62.26415094,54,43.39622642,63,0.047019312,352,0.094038623,153,,13.434089,352,14.10579345,10,2.9,-2.028000000000006,-6.361754189999999,-4.0302267,1.904761899999997,-0.047019311,-4.44015444
2026,Prairie View AandM,78.0625,30,74.4323,32,82.5966,343,96.2733,348,127.597,333,111.471,306,-15.1979,342,2026,40.24390244,338,18.57485989,201,20.48192771,342,34.14634146,206,2026,55.59701493,273,15.37229784,260,41.7721519,331,50.74626866,310,2026,76.06,342,-1.65,335,-0.46,246,-1.92,350,-1.85,345,-0.94,267,-1.05,305,1.34472,205,23.06,341,21.34,106,20.86,142,22.55,118,14.44,314,19.82,200,12.47,345,32.47,107,11.54,257,12.91,144,29.8,5,21.09,263,32.87,40,23.11,85,13.92,244,8.27,314,9.258888662,283.0,2026,39.75903614,333,27.5,280,71.42857143,169,10.46511628,141,53.48837209,218,39.58333333,306,73.52941176,230,13.25301205,299,32.5203252,302,35.82089552,102,40.90909091,318,49.23076923,127,0.051240993,346,0.102481986,204,,8.326661329,192,10.24819856,74,2.4,-15.197699999999998,-21.290224189999996,-3.202562049999999,-12.083333330000002,-0.051240993,-2.7878957700000004
2026,Presbyterian,63.4313,354,66.6602,364,97.4921,262,99.641,303,110.968,213,110.309,271,-10.6676,300,2026,46.53465347,260,21.67701251,302,34.375,111,43.06930693,111,2026,47.9638009,132,14.18859001,294,35.76642336,267,42.98642534,257,2026,77.85,110,0.02,172,0.29,139,0.62,95,0.79,84,0.52,137,0.16,157,1.04635,276,29.09,256,28.64,13,16.54,264,14.33,303,18.35,239,21.88,147,51.68,27,24.24,203,12.06,247,3.84,310,7.72,173,31.48,71,39.54,13,8.05,351,7.31,344,13.34,202,35.39906144,91.0,2026,49.64539007,217,26.2295082,305,67.81609195,230,12.03007519,103,50.37593985,162,29.54545455,117,73.68421053,233,7.092198582,108,30.1980198,327,39.81900452,181,55.81395349,134,52.68817204,175,0.067001675,302,0.106414425,216,,11.03557001,324,7.488422505,206,2.3,-10.667999999999992,-1.3914233599999974,-7.4884225,-3.3159463499999973,-0.03941275000000001,4.937876608
2026,Princeton,72.8063,142,71.3678,184,98.0495,256,102.878,232,113.394,235,108.32,211,-5.44249,224,2026,46.61016949,258,18.54236415,199,26.19047619,263,41.52542373,123,2026,55.32786885,270,13.73508456,305,24.28571429,55,34.42622951,141,2026,77.01,245,-1.19,306,0.18,154,0.1,168,-0.27,208,-0.86,261,-0.5,246,0.892795,305,32.41,174,17.9,193,12.7,334,23.59,96,16.62,273,28.43,29,15.02,332,20.87,257,20.15,128,27.79,19,15.52,59,26.36,152,26.5,118,13.9,295,21.88,71,10.7,274,39.55159783,60.0,2026,43.10344828,305,33.33333333,150,65.30612245,276,9.230769231,187,55.38461538,244,36.84210526,253,76.19047619,274,8.620689655,154,50.84745763,28,46.72131148,298,48.88888889,231,57.89473684,258,0.048072796,350,0.130483303,311,,5.494033823,65,8.927804962,125,2.1,-5.441999999999993,1.904761899999997,-4.80727959,-3.5087719299999947,-0.082410507,0.6100795760000004
2026,Providence,78.7727,22,73.9024,55,120.476,58,115.2,44,107.913,188,102.204,99,12.9956,69,2026,56.82926829,65,15.83917149,108,30.90909091,180,36.58536585,179,2026,51.1682243,190,13.80850848,304,24.81203008,64,31.30841121,106,2026,77.79,123,-0.43,217,-0.09,192,0.98,67,1.11,63,0.31,155,-0.26,221,2.03162,53,38.4,67,12.17,312,20.37,156,21.86,132,23.61,112,21.73,153,20.86,310,34.13,89,27.16,49,11.71,162,5.78,224,32.9,50,15.14,326,26.45,41,13.17,253,11.71,250,30.82404137,123.0,2026,60.34482759,50,34.83146067,138,84.0,16,12.8,87,45.6,78,39.3258427,303,71.64179104,197,10.34482759,219,43.41463415,123,41.58878505,216,49.5049505,221,51.08695652,156,0.093410499,207,0.101533151,199,,5.685856432,77,4.467458625,332,3.2,12.99600000000001,6.09706083,-2.0306630099999996,-4.494382030000004,-0.008122652000000008,2.455172410000001
2026,Purdue,65.8313,328,69.0513,324,128.617,23,125.299,1,96.3644,97,98.1372,44,27.1613,7,2026,57.48031496,55,9.114212475,5,32.85714286,140,24.40944882,319,2026,42.39130435,32,14.43083642,285,37.20930233,285,11.5942029,2,2026,77.66,139,3.43,5,-0.64,265,-0.59,264,-0.32,212,-0.75,247,1.4,35,2.31605,26,31.66,191,21.03,112,21.3,134,29.81,13,9.44,359,17.76,254,66.9,2,15.58,311,5.47,330,5.26,287,5.26,234,33.17,45,25.07,132,8.68,348,12.75,263,19.24,71,49.18042719,21.0,2026,53.96825397,143,40.625,43,74.19354839,108,14.1025641,59,46.15384615,86,25.0,50,68.75,135,6.349206349,76,50.39370079,33,43.47826087,255,73.33333333,6,52.94117647,178,0.060761417,324,0.045571062,13,,4.557106238,34,8.354694769,153,3.5,27.1618,-4.352159469999997,5.316623945,15.625,0.015190354999999996,7.753357751
2026,Purdue Fort Wayne,74.5375,86,73.3443,79,93.9104,281,101.646,261,119.547,288,109.161,240,-7.51546,261,2026,45.64102564,274,15.6520767,103,21.95121951,332,22.05128205,337,2026,63.8121547,353,21.91290737,60,34.52380952,239,26.51933702,54,2026,76.37,325,-0.99,285,0.63,92,-1.78,346,-1.81,341,-1.21,290,-0.18,211,1.84927,87,25.98,309,10.66,335,13.72,316,27.31,36,23.67,109,24.63,88,37.56,128,36.91,58,7.34,315,4.55,299,13.64,81,31.26,73,15.88,316,13.96,293,15.69,199,23.2,26,28.46166193,139.0,2026,53.33333333,155,24.44444444,325,74.41860465,105,10.0,159,63.0,331,43.20987654,339,75.0,254,5.714285714,53,46.15384615,78,44.75138122,273,50.0,209,59.18367347,270,0.125216614,64,0.071552351,61,,8.496841635,202,9.391246017,105,2.8,-7.515000000000001,-12.572590009999999,6.260830669999999,-18.7654321,0.053664263000000004,4.285714286
2026,Queens,72.2926,148,72.5903,113,101.712,210,106.324,156,117.04,268,110.879,289,-4.55488,205,2026,50.83333333,171,21.63952526,300,28.97196262,222,32.77777778,228,2026,50.75376884,183,15.01518079,272,38.84297521,306,43.2160804,260,2026,78.21,66,-0.28,207,0.86,72,0.69,91,1.56,23,1.18,73,0.29,136,1.39276,188,28.62,271,22.62,81,11.55,346,24.07,83,23.34,116,18.17,240,23.0,291,20.9,256,5.57,329,40.22,2,10.21,127,20.24,277,26.8,111,18.05,206,17.41,149,17.24,106,36.60753667,82.0,2026,56.43564356,90,29.11392405,244,77.96610169,55,5.303030303,301,58.33333333,283,23.88059701,40,69.76744186,156,7.920792079,134,43.88888889,117,33.66834171,62,47.5,255,49.46236559,129,0.066243445,306,0.12365443,288,,9.274082252,251,8.390836323,151,2.8,-4.555000000000007,-9.87101259,-6.624344469999999,5.2333270400000025,-0.057410985,-2.617761776
2026,Quinnipiac,74.6708,82,74.2164,42,91.8122,298,101.076,276,112.005,222,107.422,183,-6.34566,242,2026,45.22613065,281,19.64176106,235,31.30434783,166,18.59296482,354,2026,53.53535354,239,16.07053178,238,37.73584906,295,31.31313131,107,2026,78.11,77,0.87,78,0.2,151,0.7,89,0.91,77,0.79,105,0.53,106,1.32264,211,31.46,198,12.15,314,24.09,68,29.58,16,13.69,322,20.0,191,34.14,179,15.91,309,8.95,296,36.72,4,3.57,271,39.91,11,24.22,160,20.37,141,6.67,352,8.06,321,30.42286336,126.0,2026,45.80152672,272,29.41176471,239,67.56756757,234,12.31884058,96,52.89855072,207,36.66666667,250,67.74193548,111,9.160305344,173,34.17085427,280,30.3030303,36,36.25,344,56.84210526,244,0.120528988,80,0.093744769,150,,10.26728419,293,4.017632945,342,2.3,-6.346000000000004,-6.4315012299999985,-3.5712292800000007,-7.254901959999998,0.026784218999999998,3.1585352360000005
2026,Radford,71.8063,159,70.7985,225,109.798,137,108.789,111,114.976,255,108.565,222,0.223744,144,2026,47.52066116,239,12.53372791,30,33.33333333,128,51.23966942,42,2026,48.38709677,140,15.31900078,263,41.7721519,331,55.64516129,334,2026,77.05,239,-0.45,221,0.26,141,-0.43,245,-0.44,227,-0.75,247,-0.1,194,1.48587,165,30.3,230,13.38,295,20.85,144,18.94,213,29.26,27,17.4,257,30.02,223,15.36,314,26.18,59,21.61,49,6.0,218,30.23,90,27.69,97,18.99,183,13.05,254,9.0,301,0.0,339.0,2026,55.07246377,121,25.0,316,62.90322581,311,10.66666667,135,52.0,190,28.57142857,100,63.76811594,58,8.695652174,156,42.97520661,130,39.51612903,173,35.29411765,348,37.73584906,20,0.076595004,277,0.069631822,56,,5.570545739,69,7.659500392,196,2.3,0.22400000000000375,-8.438818569999995,2.78527287,-3.5714285699999984,0.006963181999999998,1.9710144960000004
2026,Rhode Island,70.1167,212,71.6949,165,112.606,114,107.293,131,96.5512,104,103.803,118,3.48993,122,2026,54.38596491,100,19.49132398,231,36.95652174,76,38.01169591,155,2026,49.37888199,160,26.14689803,14,33.64485981,223,41.61490683,239,2026,76.9,266,-0.59,224,-0.06,187,-0.97,295,-0.69,267,-0.21,204,-0.32,227,2.68123,6,33.62,157,15.97,239,19.81,175,26.01,50,22.64,139,15.08,307,48.28,42,22.19,229,18.23,153,7.09,249,3.32,274,29.38,102,13.75,338,27.09,35,14.08,242,15.08,157,0.0,339.0,2026,61.11111111,43,28.57142857,254,80.0,33,8.139534884,225,45.34883721,75,36.0,241,62.68656716,37,5.555555556,50,36.84210526,232,46.58385093,297,47.61904762,252,62.12121212,299,0.19491324,2,0.095079629,161,,9.983361065,285,6.655574043,242,2.7,3.490000000000009,3.3116619299999996,6.6555740499999985,-7.428571430000002,0.09983361099999999,2.583979328
2026,Rice,67.0875,297,69.5208,311,98.3534,255,106.094,160,110.239,204,108.692,225,-2.59755,172,2026,42.43697479,316,16.39649711,130,34.11764706,120,37.81512605,160,2026,49.06542056,156,16.39649711,223,33.33333333,214,57.00934579,337,2026,77.32,195,0.55,110,-0.01,180,-1.38,329,0.09,170,0.26,158,0.27,138,2.19969,37,33.33,159,17.45,204,14.34,309,30.0,11,26.57,56,10.54,348,43.24,77,42.35,33,4.05,342,0.0,348,9.09,151,23.92,200,22.39,197,17.25,225,17.61,147,17.81,97,29.32607532,134.0,2026,32.05128205,360,41.46341463,39,68.88888889,215,14.28571429,51,48.21428571,117,33.33333333,182,70.49180328,172,16.66666667,339,34.45378151,274,47.6635514,312,47.61904762,252,54.54545455,206,0.089435439,222,0.104341345,211,,5.962362586,91,7.452953233,210,2.4,-2.597999999999999,0.7843137300000009,0.0,8.1300813,-0.014905905999999997,-2.380952380000002
2026,Richmond,75.6,69,70.8091,223,117.078,84,109.407,105,104.343,162,105.202,140,4.20532,113,2026,49.56140351,197,17.1957672,161,34.21052632,115,71.92982456,1,2026,47.43589744,125,13.22751323,319,22.07792208,25,52.99145299,320,2026,76.58,308,0.58,105,-0.59,260,-0.23,206,-1.18,307,-2.83,353,-0.01,182,2.13361,44,43.86,14,21.09,110,17.02,254,20.54,166,18.7,229,21.97,144,58.21,12,22.05,231,10.77,270,0.81,342,6.88,195,27.62,132,34.72,28,17.23,226,7.32,343,12.03,239,44.39310431,33.0,2026,56.66666667,87,27.77777778,276,78.04878049,53,3.333333333,340,55.0,237,26.31578947,67,75.80645161,271,8.333333333,142,47.36842105,65,48.71794872,323,57.14285714,110,50.0,130,0.079365079,269,0.092592593,138,,7.936507937,178,5.291005291,310,2.8,4.204999999999998,12.13260424,-3.9682539699999992,1.4619883100000024,-0.013227513999999996,-5.0
2026,Rider,65.2875,334,69.2859,317,81.2129,348,98.8739,319,128.808,336,112.015,314,-13.1415,323,2026,32.01754386,362,21.44361478,297,38.63636364,52,41.22807018,127,2026,50.0,164,9.955964005,354,48.8372093,358,52.34375,316,2026,77.6,147,0.65,97,0.15,159,-0.38,228,0.79,85,-0.33,216,0.4,120,0.739761,332,40.2,40,13.92,288,13.16,327,26.33,46,25.42,65,20.63,179,30.61,220,12.78,331,36.12,19,6.53,267,12.7,96,30.59,85,9.15,359,30.22,16,22.25,66,6.67,333,26.25555098,158.0,2026,35.36585366,354,15.625,360,70.21276596,197,4.225352113,321,52.11267606,194,31.57894737,154,59.70149254,20,17.07317073,344,28.07017544,343,44.53125,272,32.35294118,355,47.27272727,103,0.053609037,341,0.122534942,284,,9.19012062,243,4.59506031,328,2.0,-13.141099999999994,-10.200845659999999,-11.487650775,-15.953947370000002,-0.068925905,-12.847818617000001
2026,Robert Morris,67.4486,287,71.1869,199,104.599,182,104.092,203,126.555,326,108.772,229,-4.68059,207,2026,56.03448276,72,27.93783831,358,41.53846154,30,25.86206897,309,2026,53.125,229,13.2704732,318,35.29411765,256,67.85714286,359,2026,77.32,194,0.19,154,0.55,114,0.32,141,0.08,174,-1.6,319,0.37,123,1.07269,271,31.63,193,27.21,21,21.71,123,15.76,270,15.09,305,19.96,194,36.84,143,31.4,119,17.65,163,9.56,206,4.17,256,43.48,3,22.64,193,10.48,337,15.71,196,7.14,329,11.65260151,266.0,2026,53.03030303,160,40.0,47,66.66666667,249,8.108108108,226,54.05405405,226,34.21052632,208,80.26315789,327,12.12121212,266,43.10344828,128,33.92857143,67,58.18181818,94,56.60377358,241,0.069844596,296,0.146673651,344,,13.2704732,350,6.28601362,262,2.8,-4.680000000000007,6.244343890000003,-14.66736511,5.78947368,-0.076829055,-4.013104011999999
2026,Rutgers,65.2937,333,70.6377,239,117.071,85,108.967,108,86.6756,27,99.1752,59,9.79216,84,2026,50.0,185,16.08117163,119,44.73684211,14,54.38596491,24,2026,40.99099099,22,24.50464248,25,35.06493506,251,27.92792793,69,2026,77.81,120,0.07,167,0.63,92,1.96,7,-0.65,256,-0.08,198,0.34,125,1.44019,174,32.03,184,5.44,362,25.51,47,26.76,41,17.26,260,24.33,96,37.04,138,21.3,247,14.26,215,19.66,65,7.35,182,35.21,30,35.64,23,8.97,345,5.43,357,13.46,197,20.64792812,196.0,2026,44.11764706,288,39.13043478,63,62.90322581,311,9.85915493,166,40.84507042,24,27.5,87,70.96774194,180,7.352941176,120,40.35087719,171,36.03603604,107,54.16666667,158,45.0,79,0.130180913,49,0.107207811,218,,5.360390543,56,11.48655116,37,3.9,9.791799999999995,9.671907049999994,8.423470850000001,11.630434780000002,0.02297310200000001,2.506213754000001
2026,Sacramento State,73.4,124,72.0579,142,118.529,74,102.97,230,125.341,320,110.947,292,-7.97606,272,2026,61.01694915,22,16.34877384,129,23.52941176,314,38.98305085,146,2026,57.93650794,301,10.89918256,347,28.57142857,124,39.68253968,218,2026,77.82,119,1.25,49,0.42,123,-0.61,266,-0.44,227,1.33,63,0.84,75,1.18781,244,18.78,357,22.38,84,13.14,328,17.89,237,27.01,51,18.57,232,14.67,336,26.07,186,31.35,28,19.96,63,6.73,199,25.4,169,17.39,287,16.92,233,24.22,46,15.38,147,0.0,339.0,2026,55.26315789,118,47.61904762,6,65.2173913,280,16.66666667,25,47.22222222,104,48.14814815,356,76.0,272,2.631578947,3,35.59322034,253,42.85714286,241,58.06451613,95,60.0,275,0.081743869,257,0.122615804,285,,4.08719346,21,2.72479564,359,2.5,-7.977000000000004,-5.04201681,-5.44959128,-0.5291005299999938,-0.040871935,14.035087723000002
2026,Sacred Heart,69.9125,218,72.5184,119,99.623,237,105.083,183,133.61,348,113.514,334,-8.43188,279,2026,47.76785714,232,20.02503129,253,32.0,156,43.75,103,2026,60.9375,326,14.30359378,289,39.7260274,322,35.15625,153,2026,77.28,198,-0.29,209,0.04,175,-0.19,201,-0.38,219,0.13,169,-0.12,197,1.76869,105,35.43,119,22.04,90,18.11,226,16.78,259,22.88,130,19.42,214,20.66,313,14.82,319,25.99,62,22.02,47,15.62,58,20.17,278,20.38,231,15.8,251,23.94,47,18.59,84,40.68050981,53.0,2026,48.07692308,242,31.66666667,194,67.34693878,244,6.0,283,66.0,345,38.46153846,286,66.66666667,85,7.692307692,124,53.57142857,10,60.9375,359,56.81818182,117,74.6031746,358,0.078669766,273,0.107276953,219,,9.297335956,253,6.4366172,250,2.3,-8.430999999999997,-7.7260273999999995,-5.721437510000001,-6.794871789999998,-0.028607186999999992,-1.692307692
2026,Saint Francis,73.5917,112,72.4516,123,88.6011,318,95.5035,353,126.264,325,113.641,339,-18.137,357,2026,43.81443299,300,18.57094327,200,27.5,243,17.5257732,357,2026,63.10160428,349,19.0238931,136,37.11340206,282,34.22459893,135,2026,76.7,290,-2.02,350,-1.37,328,0.21,159,-0.44,227,0.13,170,-1.69,353,1.29336,222,34.75,133,11.79,318,27.1,30,24.01,88,18.92,222,18.19,238,21.24,305,28.04,169,18.79,144,19.89,64,12.04,103,13.32,352,24.25,158,27.25,31,19.09,116,16.08,134,8.019132167,294.0,2026,42.63565891,311,30.76923077,209,73.52941176,129,5.319148936,299,68.08510638,356,38.70967742,292,68.75,135,15.50387597,327,33.50515464,288,49.73262032,334,56.0,128,65.0,322,0.099648964,175,0.086060469,111,,9.964896388,283,9.058996716,120,2.4,-18.137500000000003,-9.613402059999999,0.4529498299999979,-7.940446649999998,0.013588495000000006,-10.184727033999998
2026,Saint Joseph's,72.0583,153,72.1098,141,102.102,207,105.322,177,108.484,195,103.439,112,1.88284,137,2026,44.76439791,288,16.65317451,140,34.21052632,115,29.84293194,266,2026,50.24271845,170,12.95246906,322,33.33333333,214,23.78640777,42,2026,77.47,166,0.27,149,0.0,178,0.52,119,-0.12,194,-0.39,222,0.13,160,1.54285,148,31.51,196,17.07,209,21.26,136,20.09,180,17.13,262,23.74,105,29.67,230,18.55,282,21.76,113,18.07,80,10.55,123,14.23,349,19.6,247,17.59,218,31.32,5,16.53,123,44.51510906,31.0,2026,50.0,203,23.94366197,330,85.96491228,7,9.77443609,169,49.62406015,145,34.24657534,209,57.14285714,8,6.666666667,90,37.17277487,226,35.4368932,92,45.45454545,278,46.15384615,87,0.060136464,327,0.115647045,259,,5.08846999,47,6.938822713,232,3.1,1.8830000000000098,0.8771929899999975,-3.700705449999999,-10.302913369999999,-0.055510581,3.1077694229999997
2026,Saint Louis,81.2833,4,75.3427,12,126.61,32,113.549,63,89.5607,42,100.224,76,13.3241,67,2026,64.51612903,10,20.50440845,267,36.7816092,78,45.69892473,78,2026,43.44262295,53,19.68423211,116,23.01587302,39,47.54098361,295,2026,77.86,108,0.45,118,-0.11,196,0.32,139,1.47,46,0.14,167,0.17,155,2.16745,41,42.74,19,18.2,183,16.23,273,26.12,49,20.33,184,18.76,225,29.14,239,21.35,245,20.1,130,13.07,141,15.8,57,19.98,282,16.68,295,21.51,118,17.15,156,24.39,18,22.94501364,180.0,2026,69.23076923,4,39.02439024,65,81.17647059,29,8.59375,209,44.53125,65,27.27272727,84,68.96551724,144,5.769230769,57,44.08602151,112,30.05464481,29,42.30769231,308,37.5,17,0.110723806,117,0.110723806,235,,9.432027886,262,8.611851548,140,4.0,13.325000000000003,13.765736179999998,-0.8201763399999997,11.751662970000002,0.0,2.824519231
2026,Saint Mary's,67.225,293,67.3081,358,129.414,20,115.152,45,91.2597,58,96.6012,28,18.5503,37,2026,61.58536585,21,16.85880749,148,36.58536585,81,42.68292683,115,2026,47.33727811,119,18.34634932,158,20.38834951,14,21.30177515,27,2026,78.67,26,3.89,2,0.36,134,0.16,163,0.09,171,1.79,31,2.12,12,0.734493,333,32.94,163,13.4,294,24.21,66,11.99,341,30.98,14,18.76,226,53.54,21,18.92,277,20.0,131,4.47,301,2.2,288,25.99,159,30.26,62,13.64,302,15.28,211,13.99,184,30.20221591,129.0,2026,56.0,100,46.875,9,84.28571429,14,11.65048544,109,51.45631068,184,27.27272727,84,66.66666667,85,6.0,63,39.02439024,188,39.05325444,161,69.76744186,13,56.33802817,237,0.084294037,245,0.079335565,86,,8.925251023,227,9.916945581,82,2.7,18.550799999999995,16.19701634,1.4875418300000014,19.60227273,0.004958472000000005,5.650485440000001
2026,Saint Peter's,67.5875,285,68.0497,349,99.2109,242,99.6504,302,117.941,278,110.131,267,-10.4802,299,2026,43.10344828,304,19.72751372,240,37.06896552,74,39.08045977,144,2026,56.62251656,287,21.20707725,81,37.23404255,286,60.26490066,348,2026,77.07,232,-0.92,275,-0.4,235,-0.43,244,-0.11,193,0.21,163,-0.66,262,1.00744,282,41.5,25,15.36,256,14.15,310,10.4,350,34.86,6,25.22,80,28.57,242,31.71,118,8.29,303,16.86,96,14.57,66,31.13,76,23.77,167,7.6,354,18.97,121,18.52,86,30.37,127.0,2026,41.58415842,321,30.1369863,225,79.41176471,37,10.84337349,133,54.21686747,228,39.70588235,307,73.62637363,232,14.85148515,314,41.95402299,144,45.03311258,278,51.5625,195,66.66666667,332,0.138092596,39,0.098637569,186,,9.863756858,280,7.397817644,212,2.6,-10.480599999999995,-0.16507702999999907,1.47956353,-9.568896050000003,0.03945502700000002,-4.008111660000001
2026,Sam Houston State,70.4625,200,71.8403,157,109.278,143,106.315,157,139.081,357,109.181,243,-2.86662,175,2026,48.46153846,214,19.8687245,250,45.0,13,30.76923077,253,2026,60.34482759,321,15.61114068,254,50.0,360,74.13793103,362,2026,76.95,259,0.46,116,-0.02,182,-1.02,299,-0.96,284,-0.93,265,0.21,148,1.12933,263,37.69,79,24.96,42,12.34,336,10.71,348,24.98,72,25.48,72,41.82,88,12.64,334,0.0,356,35.71,5,7.14,188,18.1,316,28.05,93,8.82,347,37.82,1,5.88,343,3.507154435,318.0,2026,46.66666667,264,35.0,134,70.0,200,10.0,159,56.66666667,259,42.85714286,334,65.11627907,69,4.444444444,30,30.76923077,320,48.27586207,316,39.28571429,334,55.17241379,220,0.07095973,290,0.127727515,299,,7.095973035,146,8.515167642,143,2.9,-2.8659999999999997,-5.0,-4.257583819999999,-7.857142860000003,-0.056767785000000015,5.555555556
2026,Samford,68.6736,260,69.9036,293,114.815,98,108.096,122,115.551,259,112.26,317,-4.16333,199,2026,53.50877193,118,14.44379732,67,27.82608696,235,57.30994152,11,2026,58.85714286,312,12.58008154,325,15.05376344,3,29.71428571,89,2026,75.93,349,-0.65,243,-1.46,338,-1.93,351,-2.14,357,-1.21,290,-1.06,306,1.18171,245,28.78,265,23.15,76,7.65,360,17.0,256,30.79,16,21.22,166,31.55,210,23.5,213,28.16,40,11.06,176,5.39,231,18.55,307,24.64,146,14.93,273,17.8,142,23.51,22,2.000320144,330.0,2026,50.0,203,37.93103448,87,65.30612245,276,6.779661017,260,51.69491525,185,49.12280702,359,78.84615385,313,13.0952381,295,50.87719298,27,32.57142857,54,57.33333333,108,35.95505618,15,0.060570763,325,0.093185789,143,,5.125218404,49,6.523005242,247,2.9,-4.1640000000000015,12.77232352,-1.8637157799999997,-11.191772540000002,-0.032615026000000005,-6.315577083
2026,San Diego,65.1937,337,72.0385,146,111.846,120,105.817,169,111.232,217,109.64,258,-3.82317,196,2026,56.08695652,70,17.63972773,172,31.25,168,21.73913043,339,2026,49.13793103,158,19.94056179,109,46.37681159,351,37.93103448,192,2026,76.42,320,-1.11,298,-1.15,306,-0.32,222,-1.11,302,-1.21,290,-1.13,317,2.11018,47,37.97,70,16.11,235,15.81,281,14.53,298,24.31,93,29.23,22,32.92,196,20.92,255,15.38,195,30.77,16,0.0,317,29.62,99,16.84,293,16.31,243,12.82,261,24.41,17,0.0,339.0,2026,46.47887324,266,47.72727273,5,68.0,224,13.43283582,72,49.25373134,135,32.65306122,173,70.45454545,171,11.26760563,242,38.26086957,204,42.24137931,231,55.55555556,136,48.97959184,120,0.115041703,101,0.092033362,134,,8.436391525,199,8.436391525,149,2.1,-3.8230000000000075,-15.126811590000003,2.3008340599999997,15.074211510000005,0.023008341,2.165230189999999
2026,San Diego State,66.4375,313,69.9947,284,113.254,107,113.303,67,77.8111,7,93.1136,7,20.1893,30,2026,58.25688073,44,20.31984948,262,30.35714286,195,28.44036697,284,2026,43.26923077,47,30.10348071,2,32.8125,207,18.26923077,15,2026,77.6,145,-0.63,241,-0.7,276,0.28,145,1.56,23,0.4,147,-0.67,263,1.9189,71,43.22,15,21.83,95,27.38,27,19.26,201,23.78,107,7.14,359,30.83,218,47.36,14,5.98,326,6.67,260,6.67,202,24.55,186,16.33,306,30.24,15,15.53,205,12.72,219,47.26690054,24.0,2026,55.07246377,121,42.5,33,74.19354839,108,15.25423729,37,45.76271186,81,26.66666667,73,63.15789474,50,4.347826087,28,36.69724771,238,43.26923077,252,60.0,75,66.66666667,332,0.165569144,8,0.097836312,177,,10.53621825,304,13.54656632,14,3.6,20.189399999999992,-2.4553571400000003,9.783631230000001,15.833333329999999,0.067732832,10.906411203000001
2026,San Francisco,71.5687,167,71.3083,189,105.282,176,110.597,89,102.006,144,100.934,84,9.66268,85,2026,50.87719298,169,18.8629814,214,34.28571429,112,43.85964912,101,2026,46.59090909,109,18.8629814,141,37.64705882,293,29.54545455,85,2026,77.69,136,0.61,101,-0.59,259,0.62,95,1.68,20,-0.86,262,0.01,175,1.895,80,30.75,217,19.58,148,17.58,239,26.47,44,14.81,311,21.56,155,40.23,102,17.99,289,24.15,79,16.08,102,1.55,302,23.89,202,33.54,36,20.56,133,7.82,340,14.2,178,38.64905536,68.0,2026,47.45762712,255,36.36363636,105,68.0,224,10.38961039,146,42.85714286,47,34.54545455,213,58.97435897,14,6.779661017,97,48.24561404,52,41.66666667,219,54.16666667,158,65.38461538,325,0.097808052,182,0.11876692,274,,6.986289407,141,9.082176229,116,2.6,9.662999999999997,-3.3613445299999967,0.0,1.8181818099999987,-0.02095886799999999,3.609949373
2026,San Jose State,66.3938,316,69.1889,321,112.552,115,107.241,132,127.755,334,109.082,239,-1.84168,166,2026,53.47826087,119,18.82707333,211,36.92307692,77,33.91304348,211,2026,62.71929825,345,16.56782453,217,38.33333333,302,33.33333333,119,2026,75.94,347,-0.71,251,-2.06,351,-1.64,338,-1.82,343,-1.05,277,-1.38,338,1.28984,223,31.5,197,16.78,216,10.26,351,20.36,173,16.06,288,36.54,1,52.08,25,34.42,84,7.94,307,0.0,348,5.56,226,46.53,2,16.17,310,13.52,304,8.83,325,14.95,161,17.58173555,217.0,2026,57.69230769,73,29.72972973,231,66.66666667,249,2.985074627,346,59.70149254,308,44.68085106,346,68.42105263,126,6.41025641,78,32.17391304,305,41.22807018,206,25.0,362,60.6557377,286,0.090369952,220,0.097900781,180,,9.036995199,235,7.530829333,202,3.0,-1.840999999999994,-1.4102564100000023,-2.2592488000000017,-14.951121330000003,-0.007530829000000003,-3.4251817829999998
2026,Santa Clara,69.5062,230,71.8881,152,119.349,65,113.29,68,97.181,109,101.913,97,11.3763,74,2026,53.46153846,120,18.70335401,203,48.68421053,4,32.30769231,239,2026,43.45794393,54,19.42271378,123,29.72972973,147,53.27102804,322,2026,78.29,55,0.41,124,1.36,42,1.87,10,0.66,101,0.04,182,0.88,70,0.970628,288,33.83,147,16.53,222,13.09,329,25.73,54,20.81,176,23.1,119,40.62,99,23.12,217,13.84,221,7.1,248,14.41,70,29.04,110,22.63,194,12.2,325,23.73,52,11.69,252,29.43914831,133.0,2026,51.1627907,189,38.63636364,74,64.28571429,289,20.54794521,13,45.20547945,73,26.47058824,70,73.68421053,233,11.62790698,253,33.84615385,281,31.77570093,50,57.37704918,106,64.28571429,318,0.107903965,134,0.122291161,283,,6.474237928,118,8.632317238,139,2.4,11.37700000000001,18.954480800000002,0.719359769999997,12.165775399999998,-0.014387195999999991,8.920038230000001
2026,Seattle,75.5542,71,72.3824,127,110.047,135,104.174,201,93.9373,72,100.32,77,3.85424,116,2026,59.4972067,34,19.85330613,248,27.27272727,245,33.51955307,218,2026,47.38372093,121,24.70633651,23,30.18867925,158,38.95348837,207,2026,77.01,247,0.75,88,0.23,145,-1.08,309,-1.11,299,-0.85,260,0.49,111,1.33803,210,33.45,158,16.41,227,22.53,102,17.76,243,13.01,335,29.64,19,74.97,1,3.52,361,6.08,324,11.33,167,3.37,273,19.81,287,23.86,166,16.33,242,18.46,129,20.84,46,40.85624814,52.0,2026,59.45945946,56,39.70588235,55,60.0,334,16.32653061,30,44.89795918,68,33.78378378,195,74.62686567,253,6.306306306,72,37.98882682,207,43.02325581,246,47.31182796,258,42.02898551,44,0.105884299,140,0.088236916,120,,11.02961451,323,14.11790658,9,2.9,3.8540000000000134,-2.915951979999999,4.85303038,5.922098570000003,0.017647383000000003,10.020224304
2026,Seton Hall,64.4792,347,68.3206,343,117.535,81,107.423,130,87.8146,33,98.2237,48,9.19941,89,2026,47.09302326,251,13.44103393,43,42.34234234,26,51.1627907,43,2026,43.66666667,58,26.88206785,10,33.01886792,211,38.0,193,2026,76.43,318,-0.27,206,-1.03,297,-1.06,306,-0.06,188,-2.42,345,-0.65,261,2.27502,31,42.86,17,23.09,77,23.37,84,19.09,209,17.73,250,16.71,271,49.06,40,24.75,197,10.37,279,6.98,252,8.84,157,25.16,175,16.33,305,18.52,199,25.86,34,14.13,181,6.777386367,299.0,2026,47.5,253,30.76923077,209,73.86363636,122,37.97468354,1,31.64556962,1,38.02816901,281,68.42105263,126,5.833333333,61,30.23255814,325,47.33333333,305,53.42465753,171,51.92307692,167,0.155088853,16,0.082714055,96,,5.169628433,52,11.37318255,42,3.1,9.199300000000008,9.323474420000004,13.441033919999999,-7.258938239999999,0.072374798,32.141350207
2026,Siena,65.8208,329,69.5721,310,106.307,163,104.326,197,94.959,81,104.848,134,-0.521915,151,2026,45.76271186,271,17.72488447,175,43.63636364,20,37.28813559,171,2026,46.53179191,108,24.30841299,28,37.5,289,21.38728324,28,2026,77.1,227,0.45,119,-0.37,219,0.46,127,0.16,165,-2.21,341,0.04,171,1.14114,260,28.67,268,21.7,96,19.28,194,20.87,161,22.88,129,15.27,303,49.16,38,10.92,345,17.6,166,20.72,57,1.59,299,35.03,32,24.02,163,19.22,177,15.68,200,6.04,342,47.34630287,23.0,2026,47.72727273,244,26.66666667,295,72.72727273,146,5.042016807,307,46.21848739,88,31.48148148,153,70.27027027,166,12.87878788,291,25.42372881,353,31.21387283,44,54.66666667,150,50.0,130,0.136734823,40,0.116477812,263,,6.077103247,94,10.63493068,63,2.7,-0.5220000000000056,6.136363639999999,6.5835285200000015,-4.814814809999998,0.020257011000000005,-7.836771073
2026,SIUE,71.8938,157,70.5537,243,91.649,300,97.9543,331,86.278,24,102.155,98,-4.20071,200,2026,44.67213115,290,20.16865166,255,32.91139241,137,31.96721311,244,2026,37.40458015,8,18.08223942,167,32.9787234,209,29.00763359,83,2026,77.98,91,1.61,34,1.39,37,1.06,58,-0.07,190,-1.24,303,1.5,27,1.35055,203,32.74,165,9.89,343,31.75,9,22.49,123,13.58,327,21.25,164,16.97,325,44.61,26,19.89,132,6.55,266,10.53,125,14.87,344,16.55,300,24.06,72,26.66,26,16.61,121,45.22435963,29.0,2026,44.08602151,290,31.03448276,205,58.97435897,341,11.11111111,126,38.88888889,13,23.72881356,35,68.42105263,126,7.52688172,122,23.7704918,358,45.03816794,279,32.0,356,50.0,130,0.118230027,87,0.132139442,315,,6.954707468,137,6.259236721,263,2.8,-4.200699999999998,-0.06733099000000209,-2.086412239999998,7.3056692000000005,-0.013909414999999994,3.584229389999999
2026,SMU,74.3458,91,73.0344,91,119.141,68,116.174,39,100.153,131,100.745,81,15.4284,53,2026,50.81967213,172,13.89900801,54,34.54545455,107,54.64480874,22,2026,46.36871508,107,18.38255899,156,28.81355932,130,43.01675978,258,2026,77.95,95,3.66,3,-0.32,214,-0.12,192,0.18,162,-0.73,245,1.67,19,2.75906,3,20.3,355,16.91,211,14.6,304,19.22,204,22.64,140,26.49,59,43.09,79,25.17,193,17.46,169,6.46,269,7.44,178,22.96,227,16.18,309,25.87,51,19.1,115,15.7,142,37.52025962,76.0,2026,49.62406015,218,36.0,116,81.0,31,10.37735849,147,44.33962264,62,32.87671233,178,76.62337662,283,6.766917293,96,27.32240437,350,40.78212291,200,53.57142857,169,60.56338028,284,0.089671019,221,0.058286163,32,,8.07039175,184,9.415457042,103,3.2,15.429000000000002,5.731895230000003,4.48355098,3.1232876700000034,0.031384856,3.610441197000001
2026,South Alabama,67.875,279,68.8877,330,112.391,116,103.598,215,106.656,178,106.561,166,-2.96262,177,2026,59.00900901,37,18.41620626,192,32.20338983,150,36.03603604,185,2026,58.18181818,303,21.36279926,75,21.31147541,22,18.18181818,14,2026,77.08,229,-1.71,336,-0.66,270,0.04,176,0.56,106,0.12,171,-1.18,327,0.893638,304,20.66,352,23.4,68,31.97,8,12.43,334,12.23,346,19.47,210,13.03,339,45.44,21,21.93,111,19.26,70,0.0,317,8.73,360,17.77,280,23.34,82,37.15,2,12.73,218,24.59423244,168.0,2026,61.25,42,35.48387097,121,52.5,358,2.43902439,355,53.65853659,219,40.57971014,312,80.0,322,5.0,39,27.92792793,344,62.72727273,361,46.66666667,261,70.0,349,0.103130755,151,0.11786372,270,,6.629834254,127,11.04972376,53,2.5,-2.963000000000008,10.891914419999999,2.946593,-5.095839170000005,-0.014732965,-2.56097561
2026,South Carolina,69.069,247,69.6512,304,118.6,73,111.066,82,98.1761,115,103.197,109,7.86871,97,2026,53.80434783,110,15.7745172,107,31.25,168,40.2173913,137,2026,45.43010753,84,14.38264803,288,29.56521739,142,33.87096774,127,2026,77.83,115,0.69,94,0.52,118,1.01,65,0.5,126,-0.6,235,0.6,96,2.30622,29,35.78,111,20.31,128,18.38,218,14.83,293,20.65,179,25.6,71,23.45,287,18.58,281,37.93,13,13.46,137,6.45,207,21.38,257,21.09,220,22.77,90,15.97,192,18.51,87,8.509103954,289.0,2026,50.0,203,38.0,86,77.02702703,64,4.827586207,310,48.96551724,129,21.95121951,18,68.25396825,121,8.333333333,142,54.34782609,9,22.04301075,2,70.0,11,47.5,107,0.055674767,336,0.092791278,140,,6.495389433,120,8.815171374,131,3.3,7.869,1.6847826099999992,-1.3918691699999997,16.04878049,-0.037116511000000005,-3.505747126
2026,South Carolina State,78.2042,27,74.5814,24,77.2136,356,94.5257,359,115.418,258,110.618,278,-16.0923,348,2026,39.34911243,344,26.42655442,355,24.79338843,294,40.23668639,136,2026,55.64971751,276,19.60679844,118,33.33333333,214,58.1920904,341,2026,77.89,104,0.88,77,0.24,144,0.62,95,1.34,52,-0.71,244,0.56,102,0.449043,354,48.07,3,8.1,349,25.48,48,22.83,110,25.02,71,18.39,235,22.48,296,32.03,112,18.76,145,22.12,45,3.89,265,20.94,267,24.72,142,25.36,56,15.68,201,13.08,208,27.22451389,150.0,2026,38.59649123,341,27.27272727,284,67.64705882,232,12.0,104,58.0,276,35.06493506,226,71.84466019,206,11.40350877,244,32.5443787,301,43.50282486,257,47.45762712,256,64.70588235,320,0.093771645,205,0.13639512,325,,12.78704246,347,10.22963397,75,3.0,-16.092299999999994,-8.539944900000002,-6.81975598,-7.792207790000003,-0.04262347500000001,0.5964912299999998
2026,South Dakota,76.6481,52,76.1533,5,102.108,206,102.355,242,104.26,161,111.502,308,-9.14782,285,2026,43.40101523,302,18.82057716,210,37.5,61,48.22335025,60,2026,48.32535885,139,17.98410707,169,33.61344538,222,27.27272727,59,2026,77.35,187,0.56,108,-1.72,344,-0.52,255,0.52,124,0.84,101,-0.58,258,0.942393,295,40.26,38,16.49,224,19.53,185,28.27,28,17.35,259,18.18,239,32.44,199,12.01,339,14.09,217,32.09,13,9.1,149,24.48,188,24.5,150,16.68,237,22.29,65,11.85,246,28.16723585,144.0,2026,45.85987261,269,22.5,339,76.84210526,67,10.52631579,138,53.38345865,215,26.31578947,67,78.94736842,314,9.554140127,188,20.30456853,361,36.36363636,111,30.86419753,358,48.35164835,116,0.079464659,268,0.08364701,103,,10.4558762,300,10.03764115,77,3.0,-9.146999999999991,3.8865546199999983,-0.8364700899999988,-3.8157894699999986,-0.004182350999999987,0.9721756629999998
2026,South Dakota State,68.0958,272,70.8739,219,98.6463,247,106.324,155,104.644,164,107.92,201,-1.59572,161,2026,49.10179641,201,20.55926085,269,32.35294118,147,32.33532934,237,2026,50.5988024,179,15.66419874,251,20.95238095,17,37.7245509,187,2026,76.58,307,0.28,146,0.06,171,-2.38,358,-0.87,281,-1.21,290,0.17,153,1.39907,186,29.58,246,20.82,121,15.73,284,24.22,79,19.43,206,19.8,202,36.34,151,35.81,67,9.49,287,11.21,171,7.14,186,26.85,149,19.96,241,15.7,256,18.84,124,18.64,82,54.08568382,9.0,2026,50.98039216,193,30.76923077,209,70.37037037,195,7.5,240,51.25,177,33.33333333,182,71.42857143,191,13.7254902,305,38.92215569,190,52.09580838,351,48.61111111,236,54.28571429,202,0.073425932,284,0.112586428,248,,9.300618002,254,8.32160558,157,3.5,-1.5960000000000036,11.400560230000004,-4.895062110000001,-2.564102560000002,-0.039160496,-6.225490199999999
2026,South Florida,77.9458,34,74.9811,16,128.215,26,111.272,80,90.95,54,102.375,100,8.89675,92,2026,54.22885572,102,15.39530657,91,46.08695652,8,51.74129353,35,2026,45.78313253,90,25.65884428,15,30.63063063,171,53.61445783,323,2026,77.19,217,-0.04,177,-1.1,303,-0.38,228,-0.27,209,0.67,120,-0.57,257,1.68922,117,35.23,121,17.87,194,17.6,238,24.45,76,17.86,247,21.45,159,35.59,158,19.89,266,18.66,147,16.02,104,8.89,156,37.4,17,15.56,319,22.67,93,12.98,258,10.56,277,10.0192368,278.0,2026,65.68627451,16,28.28282828,266,75.96153846,79,13.88888889,61,48.14814815,115,27.5862069,89,71.91011236,208,8.823529412,160,49.25373134,41,34.93975904,84,54.73684211,148,54.41176471,205,0.15822954,15,0.089805955,128,,6.414711071,115,9.835890308,83,2.7,8.897000000000006,15.456325890000002,10.26353771,0.6966213799999998,0.068423585,5.065359478000001
2026,Southeast Missouri,77.2562,41,73.9427,51,97.7135,259,101.734,256,117.145,270,106.526,164,-4.79217,210,2026,46.4,262,16.17992072,121,24.69135802,295,37.6,164,2026,59.91735537,319,22.00469218,58,35.38461538,258,42.97520661,256,2026,76.28,330,-0.24,203,-2.37,360,-1.31,326,-0.56,247,-1.21,290,-1.32,332,1.27809,225,30.08,235,15.98,238,17.91,229,23.39,99,28.01,36,13.73,325,36.67,148,24.03,205,3.0,350,21.43,51,14.29,72,20.97,265,26.88,108,26.07,47,19.53,105,5.13,347,51.56365633,15.0,2026,49.33333333,226,28.0,270,74.46808511,103,5.194805195,303,64.93506494,341,34.09090909,205,69.23076923,147,9.333333333,181,40.0,173,36.36363636,111,41.17647059,315,35.38461538,12,0.110023461,123,0.103551493,208,,5.824771459,85,11.00234609,54,3.2,-4.792000000000002,-10.69325736,5.824771460000001,-6.090909089999997,0.0064719680000000085,-4.138528138000001
2026,Southeastern Louisiana,67.0042,298,70.0868,275,85.0552,333,98.3825,326,107.887,187,106.511,163,-8.12884,275,2026,39.55696203,343,21.889186,305,26.44628099,260,44.93670886,86,2026,55.36912752,271,20.894223,89,30.48780488,168,45.63758389,285,2026,76.6,304,-1.46,325,-0.59,261,-0.79,281,0.37,140,-1.59,313,-1.02,302,1.3929,187,37.77,75,14.91,267,21.15,139,19.37,196,26.41,57,18.16,241,36.88,140,18.98,276,10.53,275,20.6,58,12.86,95,19.1,300,15.24,324,22.17,102,26.91,22,16.46,125,28.4040004,140.0,2026,39.53488372,335,26.38888889,302,63.38028169,304,3.06122449,342,58.16326531,280,33.33333333,182,75.0,254,16.27906977,337,45.56962025,85,34.22818792,73,60.37735849,71,50.0,130,0.114420745,102,0.094521485,157,,12.4370375,343,9.452148498,101,2.2,-8.128500000000003,-4.041523889999997,-0.9949629999999985,-6.944444440000002,0.019899260000000002,-13.217845279999999
2026,Southern,80.1125,12,74.1897,43,99.2881,241,103.39,218,130.393,343,105.929,154,-2.53952,171,2026,47.7443609,233,15.6030582,99,27.71084337,238,39.84962406,140,2026,58.74125874,309,11.2342019,343,31.16883117,183,34.26573427,138,2026,76.69,292,-0.69,249,-1.24,312,-1.34,327,-0.62,252,0.26,158,-0.96,295,0.88151,307,41.41,26,17.08,208,18.35,219,14.55,297,16.84,269,32.85,9,37.48,132,34.32,85,19.34,140,3.83,311,4.25,255,30.88,78,12.7,345,14.34,286,18.32,135,23.17,27,38.95477951,65.0,2026,42.69662921,309,38.63636364,74,60.37735849,332,6.329113924,274,60.75949367,319,37.5,270,83.67346939,351,10.11235955,213,33.08270677,292,44.75524476,274,40.0,323,58.33333333,265,0.062412233,317,0.112342019,247,,4.368856296,27,4.992978624,317,3.2,-2.5390000000000015,-3.4579878000000015,-4.368856299999999,1.136363639999999,-0.049929786000000004,-3.783245626000001
2026,Southern Illinois,73.0576,134,73.1779,87,117.772,79,108.363,118,105.844,173,104.872,135,3.49125,121,2026,57.87401575,51,12.91468238,38,26.76056338,257,43.30708661,108,2026,42.85714286,40,10.3317459,351,32.69230769,205,38.0952381,195,2026,76.84,273,0.43,121,-0.73,281,-0.81,282,-0.94,283,-0.84,259,-0.15,206,1.70028,115,34.95,126,19.95,139,22.69,98,16.78,260,14.4,315,25.63,70,40.05,103,45.75,18,2.17,352,9.33,213,1.58,301,35.24,28,24.91,136,12.2,326,14.64,229,12.23,232,39.72213268,58.0,2026,61.8556701,36,30.0,226,63.63636364,298,4.301075269,318,41.93548387,37,29.62962963,119,67.85714286,113,4.12371134,25,23.62204724,359,36.73469388,126,44.92753623,281,49.09090909,123,0.058116071,333,0.064573412,41,,6.45734119,117,4.520138833,330,3.0,3.4909999999999997,-5.931744309999999,-2.5829364800000008,0.37037036999999984,-0.006457340999999998,0.1773639290000002
2026,Southern Indiana,78.9833,18,73.835,56,86.7698,324,97.784,334,107.789,185,109.72,261,-11.9358,311,2026,38.30845771,351,16.03713864,116,24.28571429,302,33.33333333,219,2026,47.40932642,123,17.30322853,191,33.85826772,230,50.25906736,306,2026,75.94,348,-0.67,245,-1.04,298,-2.64,361,-2.44,358,-0.49,227,-0.85,285,1.34455,206,33.83,148,15.65,249,19.34,191,14.53,299,27.48,41,23.01,121,29.62,232,31.22,122,21.31,118,14.29,125,3.57,271,33.25,44,31.35,52,10.08,340,10.07,314,15.25,152,5.741167068,305.0,2026,39.49579832,337,24.3902439,327,77.6119403,56,14.07407407,60,46.66666667,96,32.75862069,177,74.22680412,247,10.92436975,233,40.7960199,163,30.05181347,28,47.76119403,250,54.87804878,214,0.088626292,225,0.084405993,107,,7.596539354,167,8.440599283,148,2.8,-11.935999999999993,-9.57255343,1.26608989,-8.36837679,0.004220298999999997,3.1497043199999997
2026,Southern Miss,66.2222,320,71.4592,177,112.715,113,104.048,205,119.941,290,110.548,276,-6.49956,246,2026,52.56410256,135,16.33812822,128,31.25,168,35.04273504,196,2026,53.84615385,248,16.33812822,225,32.46753247,202,48.71794872,298,2026,78.06,83,-0.09,183,-0.4,234,0.31,143,1.49,44,1.91,29,-0.24,219,0.848456,313,38.72,62,7.71,353,23.55,79,33.22,3,11.8,350,23.72,106,34.34,170,19.17,273,22.75,101,9.8,202,13.73,80,24.27,194,26.89,107,15.34,267,16.08,191,17.02,111,2.501999959,324.0,2026,58.44155844,65,27.5,280,85.36585366,10,13.63636364,68,47.72727273,108,38.35616438,285,73.68421053,233,7.792207792,129,34.18803419,278,62.39316239,360,48.21428571,244,69.3877551,347,0.099449476,176,0.092345942,136,,7.103534008,147,6.393180607,254,2.9,-6.5,-1.2175324700000019,0.0,-10.856164380000003,0.007103533999999995,5.844155848000001
2026,Southern Utah,72.925,138,72.2878,131,93.2271,286,99.7054,298,120.637,296,111.228,301,-11.5224,307,2026,42.96296296,308,18.51217004,198,32.18390805,151,20.0,348,2026,58.88888889,313,17.82653411,177,37.83783784,298,18.51851852,17,2026,78.34,50,1.0,69,1.09,57,1.09,55,1.1,66,0.3,156,1.04,54,1.11653,264,33.77,151,23.15,75,25.16,56,14.19,307,22.82,131,14.45,318,24.2,282,39.87,42,15.87,187,6.78,256,12.27,101,30.51,88,27.29,102,15.31,268,11.36,294,15.04,158,5.751955509,304.0,2026,47.61904762,248,23.52941176,336,74.07407407,111,17.85714286,18,50.0,146,49.01960784,358,68.0,117,14.28571429,310,37.77777778,212,37.77777778,143,48.07692308,247,55.2238806,221,0.075419952,279,0.09598903,167,,8.913267055,224,10.28453891,73,2.9,-11.522599999999997,-5.653929789999999,-0.6856359300000001,-25.49019608,-0.020569078000000005,3.57142857
2026,State Bonaventure,64.7333,344,68.2813,344,120.176,59,109.93,102,102.558,149,104.795,133,5.13476,107,2026,52.40641711,137,16.99279094,156,46.15384615,7,26.73796791,300,2026,50.0,164,17.507724,186,28.125,118,33.75,126,2026,76.59,306,0.11,162,0.36,133,-1.7,341,-1.1,297,-1.75,322,0.24,143,1.40996,182,20.47,353,16.81,214,23.63,76,20.24,174,12.32,345,26.88,54,22.31,298,39.47,44,22.28,104,12.77,147,3.06,279,25.3,171,26.72,116,14.12,290,18.51,128,15.14,154,4.606552795,315.0,2026,51.90839695,173,35.71428571,118,74.0,113,19.23076923,15,48.07692308,112,35.71428571,238,72.22222222,212,5.34351145,46,29.94652406,329,35.0,85,51.13636364,203,48.57142857,118,0.123583934,70,0.077239959,80,,9.268795057,250,5.149330587,313,3.9,5.135000000000005,18.02884615,0.5149330600000006,0.0,0.04634397500000001,13.887257779999999
2026,State John's,83.9062,2,75.4367,10,121.593,55,118.669,19,105.411,170,96.511,26,22.1583,22,2026,58.33333333,43,15.49348231,94,34.21052632,115,56.06060606,17,2026,50.67567568,181,17.28119181,193,31.46067416,187,27.7027027,68,2026,78.37,46,-0.12,187,0.27,140,0.58,113,1.56,23,2.48,10,0.07,167,2.12029,45,33.93,143,26.82,25,18.68,210,21.26,151,19.05,217,13.75,324,41.59,92,23.67,210,4.31,341,0.0,348,30.0,4,24.84,182,16.65,296,18.75,189,19.65,103,19.51,66,21.61859423,192.0,2026,58.33333333,67,38.88888889,68,67.56756757,234,7.368421053,245,50.52631579,163,33.96226415,204,65.85365854,78,11.45833333,246,27.27272727,351,35.81081081,101,61.42857143,60,34.84848485,10,0.095344507,196,0.119180633,275,,3.575418994,10,7.746741155,188,3.3,22.158,2.7498521599999997,1.7877095,4.926624739999994,-0.023836126,-4.089912277000001
2026,State Thomas,67.4167,288,69.8048,297,104.53,184,106.716,146,119.352,286,110.935,291,-4.21886,201,2026,53.61445783,113,12.85537701,36,15.30612245,360,30.72289157,257,2026,57.80346821,300,18.29419036,161,32.60869565,204,28.32369942,73,2026,77.15,220,-1.18,305,-1.01,295,-0.38,228,0.76,90,0.55,130,-1.1,312,0.92946,296,31.3,205,15.82,246,12.68,335,25.0,61,31.1,13,15.39,300,27.27,257,10.42,350,7.77,309,0.0,348,54.55,1,24.34,192,22.3,202,22.05,106,18.44,130,12.87,214,41.38000011,51.0,2026,64.83516484,21,26.66666667,295,66.66666667,249,9.195402299,190,59.77011494,309,37.20930233,266,83.67346939,351,5.494505495,48,45.18072289,90,49.71098266,333,55.69620253,135,54.76190476,212,0.12855377,53,0.074165637,69,,5.43881335,59,5.43881335,303,3.3,-4.219000000000008,-17.3025732,5.438813350000002,-10.542635659999998,0.054388133000000005,3.700896803999999
2026,Stateanford,76.5083,54,73.0841,89,112.0,118,108.759,112,93.552,69,99.738,66,9.021,90,2026,51.26262626,164,14.81320118,78,30.43478261,192,36.36363636,184,2026,53.57142857,241,24.83389609,21,19.3877551,10,27.38095238,61,2026,77.33,190,0.2,153,1.07,58,0.41,133,-1.81,342,-0.21,204,0.63,92,1.17961,246,27.59,292,15.97,241,22.08,112,15.7,273,26.78,53,19.47,211,34.21,176,29.89,142,23.04,95,4.58,298,8.29,164,24.42,189,23.44,178,19.17,179,19.61,104,13.36,200,32.48393536,111.0,2026,52.63157895,164,32.30769231,182,75.0,89,13.26530612,76,52.04081633,191,37.14285714,262,76.08695652,273,3.759398496,18,32.82828283,295,41.66666667,219,39.56043956,331,44.15584416,71,0.126347892,60,0.043568239,10,,10.4563773,302,12.19910685,23,3.3,9.021,11.04702751,10.02069491,-4.8351648299999965,0.08277965299999998,9.505907623999999
2026,Stateephen F Austin,70.6937,195,71.2425,197,120.901,56,104.077,204,95.0909,84,103.39,111,0.687126,143,2026,57.6,53,16.97462647,154,37.14285714,71,33.6,216,2026,38.28828829,10,15.56007426,255,29.76190476,148,60.36036036,349,2026,75.78,356,-1.07,296,-2.16,353,-2.95,362,-1.76,338,-0.21,204,-1.61,349,1.4477,171,28.01,285,10.09,341,8.38,357,29.37,20,17.97,246,33.61,7,41.39,93,47.52,13,4.96,335,0.0,348,5.26,234,35.68,26,21.23,217,16.4,241,7.63,341,18.48,89,27.06345916,152.0,2026,56.52173913,88,39.28571429,60,64.28571429,289,17.14285714,22,37.14285714,5,26.82926829,77,73.13432836,224,8.695652174,156,44.8,99,36.93693694,129,42.62295082,303,51.35135135,158,0.077800371,274,0.120236937,276,,4.95093272,43,7.780037132,185,3.2,0.6869999999999976,7.3809523799999965,-1.41455221,12.456446,-0.04243656600000001,8.447204966000001
2026,Stateetson,76.6375,53,72.7553,105,80.3717,350,97.3811,338,127.174,330,115.606,357,-18.2252,359,2026,42.85714286,310,24.13961833,339,23.17073171,320,42.85714286,113,2026,60.76923077,322,16.96297504,204,40.0,323,38.46153846,201,2026,76.65,298,0.75,87,-0.13,198,-0.47,250,-0.75,270,-3.29,359,0.32,132,0.503261,353,39.69,50,18.91,163,17.31,247,24.64,72,23.13,121,15.1,305,21.24,306,14.29,320,32.86,23,23.67,36,7.14,188,36.07,23,14.44,334,17.56,219,14.61,232,16.17,129,18.14197302,211.0,2026,41.37931034,323,29.62962963,235,56.25,351,8.641975309,207,67.90123457,355,32.65306122,173,74.0,240,5.172413793,41,48.21428571,54,37.69230769,138,57.5,101,66.1971831,331,0.091339096,215,0.176153972,356,,6.524221171,123,7.829065405,183,2.2,-18.22489999999999,-16.82926829,-7.176643290000001,-3.0234315899999977,-0.084814876,3.4695615159999997
2026,Stateonehill,73.5437,114,71.4321,178,82.1957,344,96.3425,345,103.616,157,109.892,264,-13.5495,326,2026,44.49541284,292,25.15509476,345,24.0,305,33.02752294,224,2026,46.31147541,105,12.23761367,328,24.65753425,61,46.72131148,290,2026,77.24,206,-0.03,176,-0.74,282,-1.25,318,0.21,159,0.96,92,-0.39,234,1.78866,100,25.58,315,11.14,331,14.43,306,27.68,31,30.45,17,16.04,286,45.97,57,24.59,199,9.33,292,14.6,122,4.64,248,17.48,323,33.98,34,21.02,127,15.61,204,11.27,265,28.698349,136.0,2026,39.65517241,334,33.33333333,150,66.66666667,249,10.12658228,154,54.43037975,230,20.93023256,8,68.42105263,126,15.51724138,328,46.78899083,71,35.24590164,89,67.5,27,42.30769231,47,0.061188068,322,0.183564205,359,,6.798674259,132,6.118806833,267,2.3,-13.549499999999995,-0.6575342500000012,-12.91748109,12.403100770000002,-0.12237613700000001,-5.390659100000001
2026,Stateony Brook,69.9,219,70.5535,244,101.574,212,102.199,244,85.8369,23,109.816,262,-7.61688,262,2026,45.16129032,283,11.44492132,22,24.3902439,300,37.09677419,173,2026,44.11764706,66,15.73676681,248,13.51351351,1,49.01960784,299,2026,77.74,128,0.15,157,-0.2,205,-0.3,221,0.43,134,1.43,56,-0.02,184,1.73142,110,23.35,338,17.06,210,15.26,294,29.52,17,24.0,100,13.38,328,38.54,115,32.55,103,3.12,349,4.17,303,20.83,31,27.85,129,24.86,137,19.36,174,15.12,216,12.07,236,17.43429601,219.0,2026,52.38095238,168,20.0,352,65.2173913,280,11.11111111,126,50.0,146,20.0,5,60.0,21,7.142857143,109,32.25806452,304,29.41176471,22,53.84615385,162,23.80952381,2,0.042918455,356,0.028612303,5,,8.583690987,207,11.44492132,39,2.5,-7.617000000000004,10.876730390000002,4.29184549,0.0,0.014306152000000003,3.968253967
2026,Syracuse,70.275,205,72.5124,120,119.594,62,113.904,60,64.1051,1,99.6499,65,14.254,59,2026,60.33057851,25,13.51832088,46,29.50819672,210,30.5785124,259,2026,27.27272727,1,26.32515119,12,28.23529412,121,35.45454545,157,2026,78.58,32,-0.59,224,1.57,26,1.03,61,1.56,23,2.26,17,0.49,110,1.35238,201,36.64,99,14.05,284,33.37,4,12.83,328,21.35,164,17.96,245,37.78,126,39.97,41,6.22,322,0.0,348,14.29,72,24.02,197,28.86,80,17.67,216,15.01,219,13.57,191,5.999399349,303.0,2026,69.62025316,2,28.57142857,254,59.45945946,339,20.48192771,14,32.53012048,2,7.407407407,1,76.92307692,287,3.797468354,19,34.7107438,269,24.54545455,4,58.20895522,93,48.27586207,113,0.14941302,19,0.04980434,20,,8.537886873,205,11.38384916,41,3.2,14.254099999999994,1.2729026000000019,12.80683031,21.164021162999997,0.09960868,16.684459356
2026,Tarleton State,70.9406,186,70.702,232,104.631,181,101.702,257,117.06,269,109.181,242,-7.47853,260,2026,47.92626728,226,19.02999868,217,32.8358209,141,52.99539171,27,2026,56.36792453,284,21.49685036,72,36.8,277,58.49056604,343,2026,75.78,357,-1.93,346,-2.27,358,-1.0,297,-1.45,331,-1.51,311,-2.1,363,1.5687,142,39.77,47,20.99,115,16.23,274,19.88,185,20.51,181,22.07,141,35.9,155,21.51,242,18.24,152,17.52,91,6.25,210,35.75,24,21.19,219,15.48,262,18.08,138,9.25,296,24.47008491,170.0,2026,45.03311258,280,36.36363636,105,77.39130435,59,11.81102362,105,59.84251969,310,34.11764706,207,74.19354839,244,8.609271523,153,30.41474654,324,40.09433962,188,46.73913043,260,53.33333333,190,0.102198141,158,0.07400555,68,,11.62944364,333,11.27703625,46,3.2,-7.478999999999999,-3.9641790999999955,2.4668516800000013,2.245989299999998,0.028192591000000003,3.201752097
2026,TCU,72.6042,144,71.719,163,117.557,80,109.972,101,94.9881,82,100.977,85,8.99501,91,2026,53.24324324,124,17.44619799,166,39.21568627,46,42.16216216,118,2026,49.44444444,161,20.20086083,102,26.53061224,89,20.55555556,22,2026,76.48,315,-1.6,334,-0.41,240,0.16,164,-1.59,334,-1.21,290,-1.01,299,1.65506,121,32.17,182,18.84,166,21.32,133,26.22,48,24.64,82,8.7,356,35.35,159,17.97,291,24.14,80,15.76,110,6.49,206,21.01,264,29.37,72,32.88,7,8.54,332,7.52,328,24.61464554,167.0,2026,60.37735849,49,29.11392405,244,75.64102564,85,12.29508197,97,45.90163934,83,37.93103448,278,75.67567568,269,9.433962264,184,42.7027027,132,32.22222222,52,56.32183908,123,58.97435897,268,0.110186514,121,0.096413199,171,,7.804878049,174,9.182209469,112,4.5,8.99499999999999,12.68507403,2.754662839999998,-8.81711043,0.013773314999999994,2.861119706
2026,Temple,66.4187,314,70.9124,216,130.226,17,110.677,88,96.361,96,105.708,148,4.96908,109,2026,60.0,28,10.53919262,16,37.31343284,69,28.8,281,2026,45.83333333,92,19.5727863,121,25.75757576,82,34.25925926,137,2026,77.14,221,-0.92,276,-1.24,313,-0.56,262,-0.44,227,1.79,31,-1.08,311,1.99343,59,21.93,347,8.89,348,28.01,21,23.87,92,14.98,307,23.78,104,39.08,111,19.62,269,12.22,245,7.14,247,20.0,34,23.13,222,26.91,106,19.44,171,19.32,110,10.23,285,17.60564744,216.0,2026,56.25,94,44.44444444,14,63.88888889,297,15.18987342,38,41.7721519,35,37.93103448,278,78.37837838,304,10.0,204,36.0,244,26.85185185,7,53.84615385,162,38.63636364,23,0.097863931,181,0.067751953,49,,3.763997365,13,9.78639315,87,2.9,4.969000000000008,11.555857079999996,9.033593680000001,6.513409959999997,0.030111977999999998,5.18987342
2026,Tennessee,71.9,156,70.0342,279,125.055,39,116.281,38,84.7751,18,91.6989,4,24.5824,13,2026,58.12182741,46,20.86230876,278,53.06122449,1,29.44162437,271,2026,41.31578947,24,17.15345387,197,25.73529412,80,24.21052632,48,2026,78.41,45,1.37,47,2.32,8,1.91,8,-0.4,222,-0.21,204,1.85,15,1.46434,168,42.64,20,25.3,39,26.61,32,14.58,296,11.65,351,21.78,151,42.29,85,24.55,200,28.19,39,3.24,323,1.59,300,23.08,224,23.87,164,29.11,23,15.5,206,8.21,317,18.4446007,210.0,2026,59.67741935,53,36.98630137,98,70.68965517,187,13.54166667,71,42.70833333,45,26.59574468,72,56.52173913,7,4.838709677,34,37.05583756,229,49.47368421,330,68.31683168,21,46.96969697,99,0.097357441,186,0.152990264,347,,5.563282337,68,7.417709782,211,3.6,24.58210000000001,27.325930370000002,-3.7088548900000013,10.39055669,-0.055632822999999984,8.702956993
2026,Tennessee Martin,76.7562,51,72.9499,97,106.812,160,100.544,284,96.1936,90,106.564,168,-6.01977,234,2026,60.0,28,24.1022718,338,27.27272727,245,61.9047619,6,2026,44.55445545,72,23.45085905,37,28.16901408,120,73.26732673,361,2026,78.14,73,-0.91,273,-0.21,206,1.16,49,2.01,13,1.67,50,-0.56,254,0.742647,329,25.38,317,22.86,78,18.7,208,29.95,12,19.04,219,9.46,353,38.21,119,18.21,285,23.27,93,13.16,140,7.14,188,21.56,254,22.4,196,21.61,115,26.44,31,7.99,322,32.14550316,114.0,2026,58.82352941,59,40.74074074,42,58.46153846,345,10.34482759,148,51.72413793,186,23.25581395,28,78.37837838,304,9.803921569,197,51.42857143,23,42.57425743,238,67.30769231,30,65.0,322,0.123768423,69,0.162853188,353,,7.816953017,175,11.07401677,51,2.6,-6.019999999999996,-0.8962868099999994,-0.6514127500000022,17.48492679,-0.03908476500000001,0.5409060209999996
2026,Tennessee State,81.0875,6,74.0286,49,97.4256,264,101.477,265,107.292,183,107.217,178,-5.74025,229,2026,40.25974026,337,16.03206413,115,35.8490566,94,25.97402597,307,2026,57.01754386,290,20.96500694,87,24.24242424,53,57.89473684,340,2026,76.83,274,-1.19,308,-1.02,296,0.37,136,-0.34,213,-0.81,256,-1.11,315,1.62291,127,28.36,278,10.0,342,22.61,101,19.29,199,20.07,191,28.03,35,49.64,35,16.32,305,17.37,170,8.5,228,8.16,165,34.12,36,20.07,239,6.45,360,4.96,358,33.93,1,38.05102408,73.0,2026,38.0,345,29.62962963,235,85.0,11,8.108108108,226,67.56756757,350,25.0,50,66.66666667,85,12.0,261,35.06493506,264,35.0877193,87,33.33333333,353,60.0,275,0.147988284,24,0.073994142,67,,8.632649915,212,6.166178511,266,3.5,-5.739999999999995,11.606632359999999,4.93294281,4.62962963,0.073994142,-3.8918918920000003
2026,Tennessee Tech,70.925,187,71.6508,166,95.4311,273,98.1667,329,107.115,181,111.765,312,-13.5985,328,2026,53.66972477,111,24.67395136,343,28.57142857,228,33.94495413,209,2026,50.4587156,174,21.14910116,83,34.84848485,246,50.4587156,308,2026,76.51,312,-1.77,341,-1.48,340,-1.26,320,0.44,133,-0.44,225,-1.62,350,0.804966,323,39.85,46,24.02,54,9.92,353,31.46,6,23.65,110,9.73,352,37.78,125,15.0,317,6.67,318,40.0,3,0.0,317,20.01,281,20.79,223,17.3,223,19.85,100,21.12,43,15.57473838,240.0,2026,54.54545455,131,34.88372093,137,48.64864865,361,11.68831169,108,48.05194805,111,37.5,270,76.36363636,277,12.12121212,266,39.44954128,183,29.35779817,21,52.94117647,177,48.97959184,120,0.077546704,275,0.140994008,331,,10.57455058,308,13.39443074,15,2.8,-13.598299999999995,-6.27705628,-3.5248501999999995,-2.6162790699999974,-0.06344730400000001,-0.43290042999999834
2026,Texas,69.5583,227,71.3514,185,119.318,66,114.839,50,92.9868,67,96.4238,25,18.4151,38,2026,51.3368984,162,16.29327902,124,43.10344828,23,45.98930481,76,2026,43.67816092,59,16.29327902,228,26.05042017,85,34.48275862,143,2026,78.27,60,1.06,65,0.63,92,1.4,37,0.75,92,0.5,140,0.84,74,2.57946,9,37.63,80,25.97,34,13.26,324,19.47,194,19.25,213,22.05,142,38.85,114,27.56,172,15.44,193,10.06,195,8.09,166,38.09,14,15.37,323,15.4,265,16.38,178,14.76,164,31.10483885,119.0,2026,53.22580645,156,31.74603175,193,67.44186047,239,11.76470588,106,42.15686275,39,30.55555556,138,68.33333333,125,4.838709677,34,33.68983957,284,41.37931034,209,45.34883721,279,53.84615385,197,0.091050677,217,0.067089972,46,,9.584281778,269,7.188211333,225,3.6,18.4152,17.053028110000003,0.0,1.1904761900000018,0.023960705,6.9259962029999995
2026,Texas AandM,74.9792,78,73.7672,60,117.247,83,114.695,52,100.388,134,98.5861,50,16.1093,47,2026,53.60824742,114,15.55987774,97,33.33333333,128,39.69072165,142,2026,51.73410405,198,21.33926091,78,29.80769231,149,39.30635838,210,2026,77.37,181,1.41,44,-0.27,210,-0.27,217,-0.71,269,-0.4,223,0.58,100,2.56176,10,42.93,16,12.33,307,25.47,51,19.53,193,19.98,195,22.3,134,50.97,31,17.81,293,10.72,272,8.35,234,11.11,112,22.79,232,17.74,281,27.5,30,11.22,296,20.19,53,0.643144781,333.0,2026,58.33333333,67,32.65306122,172,74.02597403,112,12.5,90,54.46428571,231,31.14754098,145,67.64705882,109,10.41666667,221,50.51546392,31,35.26011561,90,63.63636364,45,53.75,196,0.128924701,52,0.097804946,176,,5.779383162,81,8.446790775,147,3.0,16.10889999999999,3.525641020000002,5.779383170000001,1.5055202399999992,0.031119755,2.0833333300000003
2026,Texas AandM Corpus Chris,69.8042,224,70.9803,209,86.6554,325,99.6528,301,110.32,208,107.712,193,-8.05915,274,2026,39.3442623,345,17.19095087,160,27.40740741,244,32.78688525,227,2026,52.56410256,212,19.10105653,132,30.52631579,170,55.76923077,335,2026,76.55,311,-1.34,316,-0.33,216,-0.96,293,-1.26,313,-0.39,220,-0.83,283,0.448743,355,34.75,132,30.51,9,14.11,311,12.18,339,20.25,185,22.88,125,37.16,136,32.41,108,13.8,222,9.13,217,7.3,184,33.15,46,22.79,190,18.4,201,12.07,276,13.6,190,16.24212116,228.0,2026,37.81512605,346,28.125,269,61.66666667,319,9.803921569,168,50.98039216,174,37.03703704,259,77.01149425,291,19.32773109,351,34.9726776,266,34.61538462,79,57.14285714,110,62.5,302,0.100280547,169,0.076404226,77,,9.550528264,267,9.07300185,117,2.7,-8.059200000000004,-3.1189083800000006,1.9101056599999993,-8.912037040000001,0.023876320999999992,-9.523809521
2026,Texas Southern,72.8611,140,72.8115,102,88.719,316,99.3403,310,129.965,340,111.314,303,-11.9739,313,2026,47.39884393,244,20.24759285,259,23.07692308,321,36.41618497,181,2026,59.35828877,318,13.64511692,307,32.38095238,199,54.54545455,327,2026,77.53,155,-0.43,218,-0.37,219,1.02,62,1.03,68,-0.57,230,-0.4,235,1.64045,124,45.28,8,7.08,357,27.24,28,23.53,98,27.06,49,15.08,306,27.29,256,22.55,224,28.99,33,17.03,95,4.14,257,15.72,338,30.31,60,22.1,104,20.39,89,11.48,260,33.20920169,106.0,2026,45.08196721,279,35.29411765,125,61.9047619,317,3.921568627,327,64.70588235,340,35.29411765,231,71.56862745,196,6.557377049,84,29.47976879,335,45.45454545,281,42.46575342,305,53.125,183,0.052819807,344,0.114442916,253,,8.803301238,219,8.363136176,152,2.5,-11.973699999999994,-9.304029299999996,-6.602475930000001,0.0,-0.061623109,-2.635808422
2026,Texas State,69.1917,243,69.4527,315,96.0615,270,102.04,249,111.408,218,107.107,176,-5.06704,215,2026,45.5801105,276,18.30663616,187,30.90909091,180,25.41436464,315,2026,53.04878049,228,16.37962182,224,23.40425532,46,41.46341463,235,2026,76.77,281,-0.97,283,-0.88,287,-0.38,228,-0.66,259,-0.33,217,-0.93,291,1.31897,212,35.69,113,20.46,124,23.57,78,19.15,208,21.11,171,15.08,308,39.0,112,39.3,47,13.72,225,3.13,324,3.94,263,28.2,123,17.9,277,17.8,209,20.14,92,15.36,148,16.971834,224.0,2026,46.875,263,28.30188679,265,73.91304348,118,15.625,33,50.0,146,38.23529412,284,83.82352941,354,12.5,277,29.28176796,336,41.46341463,212,56.0,128,54.05405405,198,0.091533181,213,0.110803324,236,,7.226303746,153,7.226303746,221,2.4,-5.066999999999993,7.504835589999999,-1.9270143399999995,-9.933407329999998,-0.01927014299999999,3.125
2026,Texas Tech,73.0042,135,70.0807,276,124.677,40,121.053,10,100.069,128,96.5535,27,24.4992,14,2026,55.6372549,80,14.15444324,62,39.83739837,41,34.31372549,204,2026,46.21621622,103,18.72039267,148,33.05785124,213,37.2972973,185,2026,77.02,243,-0.49,222,-2.04,349,-0.38,228,0.36,143,0.59,126,-1.27,330,2.09719,49,25.6,314,31.0,7,16.21,275,15.34,285,22.8,133,14.54,316,32.88,197,24.05,204,18.29,151,11.07,175,13.56,83,34.75,34,24.22,159,14.75,281,14.51,234,11.33,263,26.59836411,157.0,2026,55.96330275,101,36.84210526,100,65.71428571,272,5.737704918,293,46.72131148,99,30.15873016,131,68.11594203,118,11.00917431,237,46.56862745,74,34.05405405,70,58.33333333,90,30.26315789,5,0.127846584,56,0.068489241,54,,7.305519091,156,5.935734262,274,4.2,24.499499999999998,6.7795471300000045,4.565949429999998,6.683375099999996,0.05935734300000001,-5.271469392
2026,The Citadel,69.0062,248,69.6719,303,95.2891,274,99.2464,312,124.226,310,116.443,361,-17.1964,354,2026,46.81818182,256,14.49144099,69,19.17808219,346,45.45454545,80,2026,54.296875,253,9.419436645,357,36.36363636,274,38.28125,199,2026,76.88,268,-2.2,351,-1.34,324,-0.05,185,0.73,93,0.19,165,-1.77,355,0.906506,301,31.44,199,15.46,253,32.84,5,21.39,145,15.87,293,13.81,323,46.83,46,19.21,272,9.78,284,14.66,121,8.59,162,27.61,134,10.43,354,16.22,247,26.19,32,18.66,81,35.83006561,86.0,2026,50.0,203,28.26086957,267,60.0,334,5.882352941,287,60.29411765,315,31.66666667,160,67.34693878,104,10.9375,234,41.81818182,147,46.875,299,40.0,323,56.66666667,242,0.050720043,347,0.079702925,88,,6.521148447,122,4.347432298,334,2.6,-17.196600000000004,-17.18555417,-5.072004345,-3.405797100000001,-0.028982881999999995,-5.055147059
2026,Toledo,67.2208,295,70.0793,277,113.362,106,110.536,90,115.006,256,113.496,332,-2.96051,176,2026,55.17241379,86,19.83512056,247,34.0,121,27.01149425,294,2026,61.30952381,333,21.81863262,61,34.48275862,236,23.80952381,43,2026,76.82,275,0.38,138,0.0,179,-1.37,328,-1.79,339,-0.21,204,0.19,152,1.38238,191,26.83,300,18.35,178,21.01,141,20.75,163,16.49,277,22.98,122,28.38,246,35.15,72,17.23,172,6.5,268,12.02,104,10.36,358,40.53,10,12.54,321,14.11,241,22.06,34,22.81249315,182.0,2026,50.89285714,196,41.93548387,36,76.59574468,71,5.208333333,302,63.54166667,336,38.88888889,294,65.0,67,11.60714286,252,35.63218391,252,42.85714286,241,59.03614458,83,55.05617978,218,0.133887064,43,0.114051943,252,,8.429926238,198,8.429926238,150,2.3,-2.9599999999999937,-0.4827586199999985,1.983512059999999,3.046594980000002,0.019835120999999997,-6.398809527
2026,Towson,65.1,340,68.3845,342,88.3007,321,105.151,181,92.9462,65,103.122,108,2.02954,134,2026,44.33962264,294,21.50537634,298,31.34328358,164,30.18867925,262,2026,43.75,62,17.66513057,182,25.0,65,28.57142857,77,2026,78.23,62,0.64,99,1.45,34,1.1,54,1.17,61,-0.19,202,1.04,55,1.88908,82,25.13,322,5.85,361,28.06,20,18.29,227,24.13,96,23.67,109,42.09,86,10.85,346,20.93,122,25.97,25,0.16,315,23.28,217,23.62,174,31.2,10,19.39,108,2.51,358,37.80358434,74.0,2026,49.35064935,225,20.68965517,348,65.625,273,5.172413793,305,53.44827586,217,22.22222222,21,71.875,207,7.792207792,129,27.35849057,349,48.21428571,315,40.90909091,318,44.18604651,72,0.138248848,38,0.122887865,286,,9.216589862,244,3.840245776,345,2.6,2.0289999999999964,6.343283580000001,-3.840245770000003,-1.5325670499999973,0.015360983000000009,-2.6197939990000005
2026,Troy,72.2965,147,71.5444,172,106.869,159,106.218,158,101.175,138,101.638,95,4.57985,111,2026,55.88235294,78,16.87079244,149,22.22222222,326,38.65546218,148,2026,46.2962963,104,20.1151756,105,37.64705882,293,33.33333333,119,2026,77.32,196,-0.59,224,0.47,121,0.78,84,-1.06,294,-0.05,194,-0.06,191,1.31362,216,18.51,358,19.6,147,22.94,94,18.84,216,12.38,344,26.09,62,15.86,329,35.27,69,23.18,94,0.0,348,25.0,15,21.14,261,32.68,43,22.49,96,6.25,353,17.28,104,42.41696298,46.0,2026,55.55555556,112,37.5,90,73.91304348,118,10.0,159,38.75,12,38.18181818,283,73.33333333,227,11.11111111,239,47.05882353,68,40.74074074,199,53.57142857,169,57.69230769,255,0.136264093,41,0.077865196,83,,9.084272853,237,6.488766323,249,2.8,4.579999999999998,-15.424836599999999,3.2443831600000017,-0.6818181800000005,0.058398897000000005,-1.1111111099999995
2026,Tulane,65.2458,335,70.2211,266,117.408,82,111.06,83,104.67,165,105.86,153,5.2,106,2026,57.19178082,61,14.8157609,79,15.78947368,359,47.94520548,61,2026,48.32402235,138,15.32664921,262,33.33333333,214,28.49162011,76,2026,77.39,176,-0.86,270,-1.22,309,-0.26,213,0.46,132,1.79,31,-1.04,304,1.90621,76,24.75,328,15.73,248,18.85,203,12.34,335,30.22,19,22.31,133,26.47,264,31.09,124,21.94,110,19.63,66,0.0,317,21.32,259,25.72,122,21.65,114,19.1,114,11.43,261,42.51338542,45.0,2026,53.84615385,144,41.81818182,38,90.0,3,15.68627451,32,42.15686275,39,37.66233766,275,62.74509804,39,9.89010989,202,37.67123288,213,43.01675978,245,48.61111111,236,58.33333333,265,0.112395428,111,0.086851012,115,,6.130659685,100,4.087106456,338,2.7,5.200000000000003,-17.54385965,0.5108883099999986,4.155844160000001,0.025544416,5.796164620000001
2026,Tulsa,69.0062,248,70.2696,262,123.311,47,110.921,84,109.59,199,106.955,173,3.96539,115,2026,58.25688073,44,18.83887329,212,39.0625,48,55.04587156,21,2026,57.40740741,293,18.83887329,142,25.0,65,36.11111111,177,2026,77.5,163,-0.84,265,-0.21,207,0.55,116,-0.02,183,1.0,85,-0.53,249,1.51381,158,29.0,261,11.66,320,19.92,172,18.19,233,24.86,73,25.37,78,33.73,184,26.53,179,13.43,232,12.48,155,13.84,79,13.0,353,31.47,51,26.63,39,8.83,327,20.08,55,10.9620899,270.0,2026,50.0,203,46.66666667,11,71.66666667,167,7.01754386,252,56.14035088,256,39.21568627,298,71.79487179,202,12.5,277,41.28440367,159,47.22222222,303,62.26415094,54,51.92307692,167,0.108685807,129,0.108685807,225,,7.970292546,180,7.970292546,176,3.6,3.966000000000008,14.0625,0.0,7.450980399999999,0.0,-5.48245614
2026,UAB,77.9583,33,74.4945,29,106.064,169,109.387,106,98.0898,114,105.687,146,3.70029,118,2026,47.6744186,236,14.53768038,70,36.15384615,91,32.09302326,241,2026,48.89502762,154,21.80652058,62,25.92592593,83,33.70165746,124,2026,76.5,313,-1.37,320,-0.11,195,-0.2,203,-1.06,292,-1.8,325,-0.74,271,1.54565,146,35.07,124,16.03,236,16.37,270,30.3,10,15.04,306,22.2,136,41.61,91,34.15,88,4.55,337,10.83,180,8.69,160,27.52,135,27.97,94,17.4,222,14.63,231,12.05,238,0.0,339.0,2026,55.55555556,112,21.12676056,343,65.2173913,280,7.619047619,237,51.42857143,182,30.26315789,134,80.32786885,328,6.944444444,102,33.02325581,293,41.98895028,227,44.21052632,284,61.03896104,290,0.141101015,33,0.111170497,238,,3.420630679,9,7.696419027,192,3.5,3.700000000000003,10.227920220000001,7.268840200000001,-9.136397329999998,0.029930518000000003,0.6746031749999997
2026,UC Davis,69.1937,242,70.544,246,103.394,197,99.3053,311,97.5579,112,105.274,141,-5.96857,233,2026,52.19298246,139,24.56869298,342,40.0,37,28.94736842,279,2026,42.4,34,20.9556499,88,40.0,323,28.8,80,2026,77.0,249,-0.41,216,0.87,70,-0.02,181,-1.37,321,-1.21,290,0.23,145,1.13322,262,29.7,245,24.54,46,21.27,135,15.71,272,9.82,358,27.86,39,15.74,330,28.63,159,25.0,70,20.39,61,9.52,141,30.71,82,20.79,224,21.43,119,13.04,256,12.98,212,36.06846631,85.0,2026,56.92307692,84,30.6122449,215,72.72727273,146,10.52631579,138,50.0,146,20.40816327,6,80.55555556,330,9.230769231,176,42.98245614,129,39.2,165,57.69230769,99,50.0,130,0.09393912,204,0.086713034,114,,15.89738958,361,11.56173787,33,1.7,-5.968699999999998,0.0,-3.6130430800000006,10.204081630000001,0.0072260860000000066,1.295546559
2026,UC Irvine,71.525,169,72.7286,107,85.2849,331,102.101,248,96.4698,100,100.111,72,1.9902,135,2026,38.70967742,347,13.98112548,59,23.40425532,318,37.09677419,173,2026,44.6969697,74,23.76791332,33,47.5,353,22.72727273,34,2026,77.93,98,1.23,51,0.22,147,-0.64,268,0.56,106,1.1,79,0.73,85,0.713383,335,28.28,280,6.03,360,24.44,63,14.17,308,42.74,2,11.21,344,27.81,252,12.74,332,8.93,297,23.9,35,24.8,16,14.64,346,23.37,179,29.68,20,12.0,279,19.58,63,22.05720395,186.0,2026,34.09090909,357,33.33333333,150,56.52173913,350,21.73913043,8,41.30434783,29,35.0,221,66.66666667,85,6.818181818,99,29.03225806,338,30.3030303,36,52.38095238,182,61.53846154,293,0.083886753,247,0.097867878,179,,4.194337644,24,15.37923803,4,2.1,1.9899999999999949,-24.09574468,9.786787840000002,-1.666666669999998,-0.013981125000000011,14.920948612
2026,UC Riverside,68.6188,262,70.6382,238,103.431,196,102.116,247,111.105,214,109.844,263,-7.72743,265,2026,57.44680851,56,24.04590582,336,16.66666667,355,42.55319149,116,2026,52.86885246,223,10.92995719,346,25.0,65,33.60655738,123,2026,78.37,47,0.05,169,0.08,170,0.24,153,1.56,23,2.9,5,0.07,170,0.898884,303,23.54,336,18.31,179,17.84,232,13.38,322,27.09,48,23.38,112,9.52,356,30.95,128,32.54,24,12.7,151,14.29,74,25.31,170,34.88,27,12.24,324,12.79,262,14.79,163,0.0,339.0,2026,50.94339623,195,43.90243902,20,85.0,11,6.172839506,279,59.25925926,298,26.82926829,77,56.09756098,6,15.09433962,318,43.61702128,119,33.60655738,60,55.55555556,136,47.45762712,106,0.043719829,355,0.131159486,312,,10.92995719,318,6.557974315,245,2.3,-7.727999999999994,-8.333333329999999,-13.115948630000002,17.07317073,-0.08743965699999999,-8.921500114
2026,UC San Diego,70.2438,206,70.9026,218,111.057,127,108.112,121,94.5741,77,105.849,152,2.26273,131,2026,59.3220339,36,21.35421301,294,30.76923077,184,22.03389831,338,2026,49.12280702,157,21.35421301,77,27.02702703,103,30.70175439,102,2026,78.06,85,0.5,115,-0.62,263,-0.38,228,1.56,23,2.15,20,-0.06,192,1.05775,274,31.3,206,17.91,192,23.75,74,21.12,156,21.49,161,15.05,309,23.41,288,16.02,307,22.93,97,25.82,26,10.85,116,18.56,306,26.76,113,19.14,180,19.04,119,15.66,144,8.508380502,290.0,2026,67.27272727,8,34.92063492,136,61.53846154,320,8.695652174,205,50.72463768,171,31.11111111,144,60.0,21,10.90909091,232,53.38983051,13,39.47368421,172,54.23728814,157,46.93877551,98,0.106771065,137,0.121007207,279,,9.253492304,249,10.6771065,62,1.9,2.262999999999991,3.7422037400000008,0.0,3.809523809999998,-0.014236142000000007,-2.2134387360000005
2026,UC Santa Barbara,67.95,275,69.8649,295,130.67,15,112.493,72,118.464,282,109.011,236,3.48211,123,2026,62.60869565,16,13.98086829,58,33.89830508,122,38.26086957,152,2026,59.17431193,316,19.1317145,131,32.20338983,194,40.36697248,224,2026,77.79,122,-1.59,329,0.63,92,1.02,62,0.11,167,1.79,31,-0.48,242,1.89603,79,25.0,324,14.57,274,23.18,87,19.23,202,21.29,167,21.73,152,49.15,39,24.92,196,20.7,125,5.24,288,0.0,317,22.79,231,22.76,191,19.45,169,27.32,20,7.68,325,23.6917913,175.0,2026,54.54545455,131,48.97959184,4,75.0,89,2.816901408,349,59.15492958,295,39.47368421,304,72.72727273,216,10.60606061,225,42.60869565,135,34.86238532,82,61.66666667,59,42.10526316,45,0.110375276,120,0.088300221,121,,5.15084621,51,8.094186902,166,2.2,3.4819999999999993,1.694915250000001,5.150846210000001,9.505907629999996,0.022075054999999996,-7.7891592020000004
2026,UCF,73.8208,104,73.6173,65,122.743,48,114.505,55,109.753,200,103.569,115,10.9354,79,2026,60.0,28,19.86792346,249,41.4893617,31,44.44444444,94,2026,52.7027027,217,15.35248631,261,27.10280374,104,34.05405405,132,2026,78.72,24,1.82,29,1.13,54,0.32,139,1.56,23,1.68,48,1.48,30,2.34972,24,36.99,91,14.97,264,20.62,148,20.46,170,24.46,90,19.14,218,37.15,137,30.04,138,15.87,186,5.36,284,10.9,115,16.96,329,27.38,100,24.47,66,14.69,225,16.13,131,0.040101053,338.0,2026,50.80645161,199,53.57142857,2,70.0,200,9.433962264,180,56.60377358,258,31.64556962,159,76.19047619,274,10.48387097,223,31.11111111,318,42.7027027,240,60.21505376,74,57.64705882,254,0.058700683,332,0.112885929,249,,8.579330586,206,9.482418017,100,3.5,10.935999999999993,14.386557960000005,-4.51543715,21.925858950000002,-0.054185246,-1.049908706
2026,UCLA,66.25,319,67.8622,352,119.396,64,116.547,35,100.004,125,96.6053,29,19.9417,32,2026,53.38983051,121,14.59119497,73,40.0,37,35.02824859,197,2026,51.80722892,200,22.64150943,46,30.20833333,160,22.89156627,36,2026,78.23,64,1.11,62,1.35,44,0.22,157,0.24,155,1.19,71,1.23,43,2.54173,12,30.32,229,18.03,188,27.17,29,13.22,325,20.46,182,20.75,176,44.53,68,17.02,298,23.3,91,4.91,292,9.91,136,25.14,176,21.72,210,22.04,107,18.52,127,12.17,234,39.39818144,61.0,2026,58.40707965,66,29.6875,233,77.41935484,58,12.64367816,88,50.57471264,167,35.44303797,234,71.05263158,182,8.849557522,165,36.15819209,242,47.59036145,310,60.0,75,66.66666667,332,0.110691824,118,0.095597484,164,,5.031446541,45,11.57232704,32,3.3,19.941699999999997,9.791666670000001,8.05031446,-5.755537969999999,0.015094339999999998,3.7941206380000008
2026,UMass Lowell,71.65,164,72.9809,93,80.3296,351,100.882,280,126.809,327,114.453,348,-13.5708,327,2026,33.65384615,360,23.0286113,322,26.92307692,253,56.73076923,13,2026,62.4,341,16.74808095,212,40.6779661,329,29.6,86,2026,76.42,321,-1.98,348,-1.37,328,0.6,111,-1.3,316,-0.94,268,-1.68,352,0.697728,338,26.82,301,19.31,153,20.45,155,17.62,244,18.42,237,23.68,107,30.57,221,31.35,120,11.84,250,10.42,190,14.58,65,17.54,320,22.8,189,23.79,75,16.67,168,18.63,83,0.0,339.0,2026,30.76923077,361,25.64102564,313,74.57627119,102,3.529411765,336,63.52941176,335,40.0,309,72.97297297,220,18.46153846,347,37.5,217,32.0,51,46.66666667,261,54.28571429,202,0.076762038,276,0.146545708,343,,8.374040475,196,9.071877181,118,2.3,-13.570999999999998,-13.75488918,-6.280530350000003,-14.358974360000001,-0.06978366999999999,-14.932126695000001
2026,UMBC,68.9313,253,72.0301,147,110.143,134,105.448,174,113.291,234,113.599,338,-8.15133,276,2026,59.81308411,32,23.93689364,334,29.8245614,205,31.77570093,245,2026,52.47933884,209,13.05648744,320,29.85074627,152,30.5785124,101,2026,76.93,261,-0.32,212,-1.2,308,-0.98,296,-0.48,240,0.56,129,-0.76,272,0.770057,328,24.19,333,19.12,156,19.52,186,24.9,66,18.23,242,17.88,247,58.75,10,29.66,144,3.68,345,0.68,343,5.99,220,11.22,355,28.21,89,14.57,284,22.7,57,23.16,28,16.34878963,226.0,2026,59.64912281,54,40.0,47,70.58823529,189,8.43373494,216,49.39759036,138,39.47368421,304,78.37837838,304,8.771929825,159,46.72897196,72,31.40495868,45,51.85185185,188,51.78571429,165,0.065282437,308,0.108804062,227,,13.05648744,348,6.528243721,246,1.8,-8.15100000000001,-0.02618486999999803,-10.880406200000001,0.5263157899999982,-0.04352162500000001,-0.33819488500000006
2026,UNC Asheville,70.9583,185,71.2091,198,101.377,216,103.013,227,108.423,194,109.188,244,-6.17528,237,2026,53.04878049,127,23.01820317,321,30.85106383,183,37.19512195,172,2026,46.93877551,115,15.5020552,258,39.51612903,320,35.20408163,155,2026,78.41,43,0.54,111,0.65,87,1.77,16,1.62,22,0.47,141,0.6,97,1.66638,119,27.67,289,17.44,205,12.02,340,24.95,65,17.75,249,27.83,41,35.75,156,35.03,74,27.24,44,1.98,335,0.0,317,29.09,108,28.47,84,17.02,229,12.94,259,12.49,226,27.83796191,146.0,2026,55.46218487,117,31.11111111,203,70.49180328,193,8.661417323,206,51.18110236,176,26.08695652,63,69.56521739,151,9.243697479,177,27.43902439,347,35.20408163,88,27.5,360,40.96385542,33,0.079859072,266,0.136230182,324,,9.395184968,261,7.516147974,203,2.9,-6.174999999999997,-8.6650652,-7.5161479700000005,5.024154589999998,-0.05637111,-0.5822801559999995
2026,UNC Greensboro,73.4852,118,70.6083,240,95.666,271,102.767,234,129.309,337,111.525,310,-8.75736,283,2026,47.95321637,224,19.67320619,237,24.59016393,297,51.4619883,39,2026,58.33333333,304,10.49237663,350,34.51327434,238,34.76190476,145,2026,75.85,352,-0.86,269,-1.42,336,-0.96,292,-2.11,356,-2.46,347,-1.15,321,0.670796,342,30.82,215,13.89,289,19.66,180,21.26,150,19.42,207,25.38,76,27.01,259,53.33,5,9.52,286,3.27,321,6.25,209,22.32,242,39.71,12,7.26,358,21.27,78,8.82,304,1.294414233,332.0,2026,42.55319149,313,36.36363636,105,61.36363636,322,5.982905983,284,52.13675214,195,44.08602151,342,68.49315068,131,17.0212766,343,45.02923977,95,44.28571429,268,55.88235294,132,54.90196078,216,0.06120553,321,0.113667414,251,,8.306464834,191,4.371823597,333,2.3,-8.75800000000001,-9.923110410000003,-9.180829559999998,-7.722385150000001,-0.05246188399999999,-11.038370617
2026,UNC Wilmington,71.975,154,70.4659,252,106.982,158,109.708,103,119.486,287,107.473,185,2.23513,132,2026,41.55844156,329,9.725599166,10,35.41666667,99,23.37662338,327,2026,65.09433962,356,15.2830844,264,23.33333333,43,45.28301887,278,2026,79.01,9,1.59,36,-0.12,197,1.11,51,1.56,23,3.79,1,0.72,86,2.45886,18,21.72,348,23.58,63,15.13,296,28.84,25,10.69,354,20.32,182,44.36,69,21.97,234,11.72,253,5.59,279,14.41,69,21.44,256,23.52,177,13.46,305,23.75,51,15.84,139,32.86278546,109.0,2026,43.39622642,298,25.0,316,72.22222222,156,0.0,361,63.15789474,333,44.11764706,343,70.83333333,177,13.20754717,297,31.16883117,317,64.1509434,362,48.27586207,242,81.48148148,362,0.055574852,337,0.041681139,9,,5.557485238,67,9.725599166,88,3.0,2.2349999999999994,12.08333334,5.557485234,-19.117647060000003,0.013893713000000002,-13.20754717
2026,UNLV,76.2875,59,73.4895,69,121.645,54,111.622,78,111.714,221,107.775,197,3.84703,117,2026,57.02247191,63,17.47774319,169,36.2745098,86,56.74157303,12,2026,56.06936416,281,17.04079961,201,25.74257426,81,52.02312139,315,2026,77.6,146,-0.73,252,0.63,92,0.89,78,0.48,130,-0.29,215,-0.05,187,1.45029,170,36.07,105,20.45,125,22.13,109,18.7,219,13.08,333,25.44,73,36.61,149,40.39,39,13.85,220,8.43,232,0.55,312,36.97,20,17.63,282,18.3,202,17.19,155,9.47,293,1.926620118,331.0,2026,65.42056075,17,29.57746479,237,71.28712871,177,9.0,196,58.0,276,35.61643836,237,70.0,159,5.607476636,51,39.88764045,176,42.19653179,229,65.93406593,33,61.9047619,295,0.100497023,168,0.087388716,117,,8.738871593,215,6.991097275,231,3.1,3.846999999999994,10.531935539999996,-0.4369435800000012,-6.038973569999996,0.013108307,3.3925233639999997
2026,USC,82.5,3,75.1966,13,126.114,36,117.873,26,89.1414,38,95.7231,17,22.1502,23,2026,54.51388889,97,15.75757576,105,45.12195122,12,50.0,47,2026,41.72932331,28,20.60606061,92,30.33707865,164,36.09022556,175,2026,78.86,15,1.68,32,1.18,52,1.62,20,1.79,18,0.83,102,1.43,33,2.29667,30,38.82,61,24.01,55,26.2,38,19.01,211,13.62,326,16.2,281,29.78,229,30.81,130,17.28,171,14.74,120,5.81,223,27.62,133,16.29,307,16.24,246,27.65,19,10.87,271,3.169550002,321.0,2026,54.63917526,130,36.17021277,112,70.83333333,185,23.07692308,6,42.30769231,42,27.27272727,84,75.0,254,6.18556701,66,32.63888889,299,41.35338346,207,68.57142857,17,56.25,235,0.078787879,272,0.096969697,173,,6.060606061,92,12.72727273,21,3.3,22.149900000000002,14.784872570000001,4.84848485,8.897485499999998,-0.01818181799999999,16.89135607
2026,USC Upstate,70.8187,192,73.6332,64,100.252,227,99.147,314,108.011,190,111.504,309,-12.3566,316,2026,53.36538462,122,25.41699762,349,26.98412698,252,44.23076923,96,2026,50.0,164,13.41452652,314,34.61538462,241,34.12698413,133,2026,76.49,314,0.81,81,-1.72,345,-1.38,329,-1.32,319,-1.04,276,-0.46,241,0.852556,312,31.42,200,9.88,344,22.43,105,23.77,93,29.38,26,14.46,317,50.44,32,17.59,295,5.8,327,6.7,259,18.75,38,31.26,74,16.08,312,21.75,111,19.94,96,10.58,275,42.92295873,42.0,2026,55.71428571,109,32.35294118,181,67.39130435,243,8.75,204,52.5,200,30.43478261,136,62.79069767,41,5.714285714,53,32.69230769,297,36.50793651,120,32.0,356,42.85714286,55,0.084723325,243,0.063542494,39,,19.06274821,362,4.942193981,319,2.4,-12.357,-7.631257640000001,-12.0024711,1.9181585700000028,0.021180830999999997,3.035714286
2026,UT Arlington,72.1125,151,72.4855,121,77.6564,355,102.912,231,102.617,150,106.563,167,-3.65165,194,2026,38.23529412,352,31.89460912,362,40.0,37,47.05882353,67,2026,45.61403509,85,16.64066563,216,27.27272727,107,47.36842105,294,2026,76.64,299,-0.95,281,-0.84,284,-1.28,323,-0.85,279,-0.06,195,-0.89,288,0.723348,334,40.31,35,13.35,297,32.54,6,23.26,100,10.75,353,20.09,188,11.23,350,52.93,6,10.08,282,9.09,221,16.67,50,22.23,243,19.02,253,34.85,4,17.23,153,6.25,341,12.84811199,254.0,2026,57.69230769,73,12.0,362,70.83333333,185,12.90322581,82,54.83870968,234,23.07692308,26,81.48148148,340,15.38461538,323,49.01960784,42,45.61403509,282,38.88888889,336,65.2173913,324,0.055468885,338,0.194141099,360,,12.48049922,345,11.09377708,50,2.5,-3.6509999999999962,12.72727273,-15.253943489999997,-11.07692308,-0.13867221400000002,-2.4813895699999993
2026,UT Rio Grande Valley,75.5083,72,74.5386,28,106.659,162,105.977,163,111.436,219,108.133,205,-2.15575,168,2026,57.36842105,58,17.65809513,174,22.11538462,329,20.0,348,2026,53.74331551,245,18.54099989,150,35.45454545,261,42.78074866,251,2026,76.64,301,-1.57,327,-0.57,257,-0.29,219,-0.27,210,-1.18,288,-1.07,310,1.42585,178,39.01,59,22.17,87,17.66,236,24.89,68,16.83,270,18.1,243,46.46,53,19.93,265,15.31,198,17.62,89,0.0,317,18.48,310,19.85,244,27.11,34,20.93,84,13.33,203,12.03768551,262.0,2026,50.83333333,198,45.71428571,12,60.52631579,331,6.422018349,270,52.29357798,196,37.17948718,264,65.0,67,12.5,277,36.84210526,232,41.71122995,222,49.46236559,223,56.97674419,248,0.088290476,227,0.052974285,24,,12.36066659,341,9.711952323,89,2.5,-2.1559999999999917,-13.339160829999997,0.8829047599999988,8.534798529999996,0.035316191000000004,-6.077981651
2026,Utah,71.6884,162,72.4807,122,117.838,78,110.782,85,103.701,159,103.045,107,7.73649,98,2026,54.0201005,105,13.36079719,40,32.5,143,35.1758794,194,2026,50.51282051,176,15.14223682,269,28.0,117,34.35897436,139,2026,77.33,192,-0.59,224,0.11,166,0.62,95,-0.55,244,0.01,188,-0.24,217,1.72444,111,26.36,303,18.26,181,13.7,318,15.6,278,30.83,15,21.36,161,52.68,24,28.54,162,8.88,298,4.48,300,4.82,247,28.25,122,17.99,276,14.23,289,15.46,208,23.81,20,8.715054393,287.0,2026,56.77966102,85,33.33333333,150,68.57142857,218,11.62790698,110,51.9379845,189,31.81818182,164,53.73134328,4,3.389830508,13,40.70351759,165,33.84615385,64,47.87234043,248,35.22727273,11,0.066803986,304,0.075711184,74,,5.789678784,82,8.461838223,146,4.5,7.736999999999995,4.5,1.7814396300000013,1.5151515100000026,-0.008907198000000005,8.238076472
2026,Utah State,73.6813,108,71.9536,149,110.827,130,116.841,33,101.824,143,100.901,83,15.9391,48,2026,50.40983607,181,16.28636865,123,34.66666667,105,45.08196721,83,2026,48.29059829,137,21.7151582,65,35.52631579,262,47.86324786,296,2026,77.66,140,-0.23,201,1.47,32,-0.92,290,0.56,106,0.33,150,0.62,93,2.48433,14,39.1,57,16.38,229,25.89,41,15.95,267,23.93,102,16.87,264,31.23,215,57.42,3,3.2,348,7.15,246,0.09,316,10.41,357,29.63,68,13.44,308,16.76,166,29.08,5,43.12963188,41.0,2026,55.81395349,106,25.0,316,72.72727273,146,14.75409836,43,45.90163934,83,33.92857143,202,66.07142857,82,10.46511628,222,29.50819672,334,47.86324786,313,57.89473684,97,51.06382979,154,0.162863686,10,0.08821783,119,,7.464585631,162,5.42878955,304,4.1,15.939999999999998,-0.8596491200000003,5.428789550000001,-8.928571429999998,0.07464585600000001,4.28898208
2026,Utah Tech,70.0611,215,69.9185,292,100.274,226,101.666,259,115.624,260,108.78,230,-7.11392,253,2026,47.80876494,230,18.31375259,189,31.28834356,167,30.67729084,258,2026,52.61044177,214,15.89495508,247,34.50704225,237,36.54618474,182,2026,78.13,76,-1.59,329,0.46,122,0.81,81,1.18,60,2.79,6,-0.57,255,1.02605,278,21.52,349,25.32,38,19.21,197,14.04,310,20.56,180,20.43,181,40.23,101,12.59,335,17.61,165,19.0,74,10.01,133,27.27,141,23.77,169,13.97,292,14.25,240,20.25,50,16.0271287,230.0,2026,51.02040816,190,28.84615385,251,63.63636364,298,7.471264368,241,52.87356322,206,34.66666667,214,76.92307692,287,6.12244898,65,41.43426295,156,30.12048193,31,43.80952381,287,48.30508475,115,0.0829302,252,0.093296475,146,,8.984105045,230,7.601935038,199,2.9,-7.114000000000004,-3.2186986899999965,-2.418797509999999,-5.820512819999998,-0.010366275000000008,1.3488153880000002
2026,Utah Valley,74.775,80,72.7723,104,102.976,199,107.105,137,135.072,351,103.565,114,3.54001,120,2026,52.72727273,131,21.39752591,295,22.22222222,326,43.63636364,105,2026,62.71186441,343,12.03610832,335,36.66666667,276,57.62711864,339,2026,78.16,70,-0.15,190,-0.09,191,0.91,74,0.56,106,2.47,12,-0.12,198,1.17731,247,32.47,172,28.05,16,29.17,16,18.22,232,12.92,338,9.03,354,3.85,361,58.48,2,8.09,306,25.0,28,0.0,317,18.75,304,12.13,349,24.82,62,17.94,140,25.39,14,30.31970263,128.0,2026,63.88888889,26,21.05263158,345,79.16666667,40,10.81081081,134,59.45945946,303,45.45454545,349,79.41176471,317,8.333333333,142,34.54545455,273,37.28813559,132,40.74074074,320,53.125,183,0.066867268,303,0.120361083,278,,9.361417586,257,5.349381478,307,3.6,3.5400000000000063,-14.444444449999999,-9.361417589999999,-24.401913869999998,-0.053493815,2.477477476999999
2026,UTEP,63.0375,355,71.1663,200,92.0087,295,100.999,278,112.631,227,104.49,130,-3.49075,190,2026,42.98245614,306,12.69085862,32,23.07692308,321,21.05263158,343,2026,64.42307692,354,30.14078921,1,36.0,272,9.615384615,1,2026,76.39,324,-0.99,286,-0.67,274,-0.73,278,-1.99,352,-0.66,242,-0.83,282,1.85775,85,25.0,324,11.58,322,24.43,64,22.27,127,26.0,63,15.72,293,22.45,297,26.29,182,19.83,135,2.86,327,28.57,7,24.76,184,13.28,341,19.29,176,23.06,55,19.61,62,8.589128405,288.0,2026,30.55555556,362,42.85714286,29,75.0,89,7.142857143,248,60.71428571,318,45.83333333,351,80.0,322,2.777777778,7,36.84210526,232,46.15384615,289,60.0,75,53.57142857,192,0.142772159,31,0.04759072,17,,7.931786635,177,15.86357327,2,3.6,-3.4909999999999997,-12.92307692,17.44993059,-2.976190469999999,0.095181439,4.365079365
2026,UTSA,71.5312,168,73.4958,68,90.2924,309,103.053,225,109.803,201,108.6,223,-5.54666,226,2026,38.46153846,349,13.97990389,57,29.03225806,220,33.07692308,223,2026,48.8,151,16.07688947,237,38.96103896,309,41.6,238,2026,77.5,162,-1.59,329,-1.08,302,0.03,178,1.56,23,1.58,52,-1.34,334,0.966776,290,28.46,277,19.73,146,16.49,266,15.06,290,28.88,30,19.84,198,66.78,3,15.41,313,12.26,242,0.0,348,5.56,226,23.76,204,24.92,135,22.22,101,17.41,150,11.7,251,6.064490229,301.0,2026,38.66666667,340,25.45454545,315,67.44186047,239,9.89010989,165,50.54945055,164,29.41176471,114,67.30769231,102,12.0,261,42.30769231,138,27.2,9,39.53488372,332,42.85714286,55,0.111839231,114,0.097859327,178,,4.193971166,23,4.892966361,320,2.9,-5.546999999999997,-9.928780900000003,2.096985580000002,-3.9572192599999987,0.013979904000000001,-2.1098901100000003
2026,Valparaiso,69.3833,235,70.904,217,93.549,283,101.529,263,110.835,212,110.751,282,-9.22198,286,2026,40.57142857,335,15.85395148,110,29.77099237,206,44.57142857,93,2026,54.24242424,252,19.69733365,115,29.89690722,153,42.42424242,246,2026,78.18,68,0.96,73,0.63,92,2.11,4,-0.37,217,0.53,134,0.79,80,0.862924,310,40.37,34,17.26,207,18.69,209,18.22,231,16.98,265,28.57,25,39.21,109,28.72,158,16.31,184,12.41,156,3.03,280,16.87,330,20.27,233,26.44,42,23.85,50,12.35,230,5.361300707,310.0,2026,40.42553191,330,27.16049383,286,65.38461538,274,12.24489796,99,53.06122449,210,37.31343284,269,77.14285714,294,12.76595745,285,46.28571429,76,40.60606061,197,48.33333333,240,53.24675325,189,0.10569301,141,0.052846505,23,,10.56930098,307,9.128032669,114,2.8,-9.222000000000008,-0.1259148500000009,3.8433821700000017,-10.152939009999997,0.052846505,-0.5210594900000007
2026,Vanderbilt,73.9208,98,73.4139,73,136.11,7,122.196,6,97.3667,111,97.5446,39,24.6511,12,2026,64.63414634,9,9.920523082,11,31.0,177,24.3902439,320,2026,45.68965517,88,19.84104616,113,24.54545455,59,39.65517241,217,2026,77.02,242,-0.85,267,-0.37,219,1.4,38,-1.31,317,-0.8,253,-0.61,259,2.73054,5,36.86,93,18.46,175,21.44,130,17.78,242,19.08,216,23.21,116,21.31,304,29.07,154,26.54,55,9.36,212,13.12,92,24.38,190,28.8,81,18.41,200,12.31,268,15.69,143,34.35364068,98.0,2026,64.54545455,23,43.15789474,28,74.0,113,15.15151515,39,45.45454545,77,30.66666667,140,82.60869565,347,3.636363636,15,46.34146341,75,43.10344828,248,54.46428571,153,48.52941176,117,0.148807846,22,0.040583958,8,,5.862127276,87,4.960261541,318,3.0,24.651399999999995,6.454545450000001,9.920523078,12.491228070000002,0.10822388799999999,11.515151514
2026,VCU,73.5708,113,75.0728,14,116.82,87,110.513,92,97.1275,108,96.9893,31,13.5234,64,2026,55.08474576,88,20.84159257,276,39.44954128,44,53.10734463,26,2026,44.78021978,76,21.29467067,79,37.19008264,284,37.91208791,191,2026,77.69,135,0.71,92,0.63,92,0.59,112,0.1,169,-0.6,232,0.67,90,1.71241,114,37.88,71,15.28,259,13.25,325,26.28,47,22.73,137,22.25,135,23.0,292,30.97,127,8.35,302,13.53,136,24.07,20,28.03,125,24.68,144,21.57,116,16.37,179,9.03,300,21.70673013,191.0,2026,52.74725275,163,38.37209302,79,67.0212766,248,17.1875,21,41.40625,30,35.18518519,229,75.36231884,265,12.08791209,265,48.58757062,47,29.67032967,24,67.90123457,25,51.38888889,159,0.117800306,89,0.144984992,342,,6.343093391,111,9.514640086,97,2.9,13.523700000000005,2.2594586399999983,0.45307809999999904,3.1869078300000027,-0.027184686000000013,5.09958791
2026,Vermont,65.14,339,67.8458,353,109.303,142,104.675,190,103.162,155,108.43,216,-3.75463,195,2026,48.61111111,212,12.28124041,28,25.58139535,279,30.55555556,260,2026,52.98507463,226,15.96561253,241,22.22222222,26,35.82089552,163,2026,77.49,164,0.14,159,-0.91,288,-0.42,243,0.33,144,1.2,69,-0.38,233,2.08632,52,26.32,304,15.52,252,5.28,362,27.5,33,41.54,3,9.89,351,59.52,9,28.5,165,1.25,354,0.0,348,10.0,135,17.09,328,12.94,344,19.18,178,33.33,3,16.6,122,31.07415736,121.0,2026,50.0,203,31.25,198,86.36363636,5,2.564102564,351,48.71794872,125,39.28571429,301,54.16666667,5,10.0,204,44.44444444,106,41.79104478,224,40.0,323,73.33333333,355,0.061406202,320,0.049124962,19,,7.368744243,158,9.824992324,86,2.4,-3.7550000000000097,3.359173130000002,3.684372119999999,-8.035714290000001,0.012281239999999999,-7.435897435999999
2026,Villanova,67.3083,290,69.5929,308,125.984,37,115.113,46,101.397,140,97.9672,43,17.1461,43,2026,56.0,75,15.84746812,109,44.34782609,16,23.0,330,2026,52.36686391,208,18.32363501,159,24.24242424,53,23.66863905,41,2026,77.58,152,0.5,114,-0.03,185,-0.53,256,-0.19,201,1.09,80,0.24,144,1.71693,113,32.55,168,14.56,275,13.85,313,18.91,215,29.5,25,23.18,117,60.11,8,10.95,344,4.51,339,14.08,131,10.36,126,41.43,8,11.67,351,15.12,269,19.68,102,12.08,235,11.67884693,265.0,2026,56.31067961,93,37.11340206,96,65.2173913,280,3.80952381,330,48.57142857,122,39.0625,296,70.0,159,6.796116505,98,48.5,48,37.86982249,145,60.63829787,64,55.26315789,222,0.10399901,149,0.054475672,27,,10.39990095,297,7.92373406,181,3.7,17.145799999999994,20.10540185,2.47616689,-1.9490979400000015,0.049523338,-2.9865926949999997
2026,Virginia,64.6167,345,68.2011,346,133.548,11,116.463,37,86.8711,28,99.7772,67,16.686,45,2026,58.10810811,48,15.9917462,114,52.77777778,2,37.83783784,159,2026,36.3372093,4,17.53933454,185,31.00775194,182,36.04651163,172,2026,78.17,69,2.41,16,1.58,25,0.41,132,0.56,106,-1.12,284,2.0,14,1.72041,112,36.75,97,21.87,94,22.51,104,22.54,119,7.39,360,25.68,69,31.14,216,29.36,151,13.5,230,8.0,237,18.0,41,34.73,35,14.55,333,18.21,204,13.75,248,18.75,79,0.094148755,337.0,2026,59.79381443,52,37.5,90,62.85714286,314,24.16666667,5,33.33333333,4,28.84615385,105,69.35483871,149,7.216494845,113,47.56756757,63,30.23255814,34,63.73626374,44,52.72727273,176,0.103172556,150,0.103172556,207,,5.674490586,76,7.222078927,223,3.4,16.6858,21.770025840000002,1.547588339999999,8.65384615,0.0,16.950171825
2026,Virginia Tech,77.0894,47,72.7116,108,124.217,41,115.667,41,92.9635,66,99.9164,69,15.7508,50,2026,56.57894737,66,10.36591687,14,33.87096774,123,26.75438596,299,2026,44.62616822,73,19.90256038,110,30.37037037,166,21.02803738,25,2026,78.01,88,-0.12,186,0.63,92,0.95,73,1.45,48,0.08,177,0.25,140,1.54062,149,31.16,208,23.64,62,23.58,77,16.17,264,16.19,284,19.95,196,18.03,322,41.51,35,14.36,213,17.39,92,7.61,176,19.23,295,31.81,49,22.82,89,14.66,228,11.0,269,43.95419657,35.0,2026,55.86206897,103,38.55421687,77,67.21311475,245,14.75409836,43,45.08196721,72,29.34782609,113,80.0,322,8.275862069,141,36.40350877,239,42.99065421,244,51.32743363,197,48.7804878,119,0.116098269,96,0.062195501,38,,4.146366746,22,8.292733492,159,3.4,15.750600000000006,3.5005973699999977,9.536643510000001,9.206390779999996,0.053902768000000004,6.478236291
2026,VMI,76.9125,48,73.9154,54,94.8282,276,101.038,277,117.417,273,108.904,233,-7.86563,270,2026,45.3125,279,17.55241346,171,23.86363636,310,32.8125,226,2026,51.07913669,188,14.30196652,290,38.0952381,299,37.41007194,186,2026,76.6,305,-2.21,352,-1.84,347,-1.28,325,0.06,176,1.18,72,-2.02,362,1.34197,209,30.58,225,32.43,3,25.39,54,11.2,346,12.14,347,17.82,252,37.98,123,22.25,227,22.06,107,9.7,204,6.83,197,33.02,47,27.19,103,24.06,71,7.58,342,6.72,332,64.68599439,3.0,2026,40.74074074,326,32.43243243,177,71.42857143,169,5.813953488,291,58.13953488,279,26.41509434,69,73.07692308,221,16.66666667,339,57.8125,2,38.1294964,148,54.34782609,155,53.125,183,0.104014302,148,0.11701609,266,,5.850804486,86,3.900536324,343,2.4,-7.866,-14.231601740000002,-3.25044694,6.017338089999999,-0.013001788,-10.852713182000002
2026,Wagner,66.8417,303,68.3859,341,97.868,257,96.0199,350,115.304,257,111.488,307,-15.4684,343,2026,50.0,185,22.44109213,314,33.02752294,134,24.56140351,318,2026,51.0989011,189,13.96334622,300,39.47368421,316,41.75824176,241,2026,76.05,344,-2.59,360,-1.28,317,-0.85,285,-1.28,315,-0.76,249,-1.94,360,0.278902,358,40.85,29,17.49,202,22.08,113,27.04,39,21.73,151,11.66,342,45.05,62,40.76,36,5.43,332,1.35,338,7.41,179,24.35,191,28.17,91,19.44,170,13.89,245,14.16,179,10.05342901,277.0,2026,39.0,339,43.66197183,24,59.52380952,338,7.01754386,252,50.0,146,35.29411765,231,63.15789474,50,20.0,353,41.52046784,153,37.36263736,134,62.85714286,51,54.32098765,204,0.084777459,242,0.134646553,318,,8.976436853,229,5.485600299,300,2.0,-15.468099999999993,-6.446161270000005,-8.477745910000001,8.367854180000002,-0.049869094,-12.98245614
2026,Wake Forest,77.2755,40,74.1494,44,105.212,179,111.722,77,92.7207,64,97.1642,34,14.5577,57,2026,45.66210046,273,17.81183659,177,38.68613139,50,34.24657534,205,2026,46.17486339,100,22.36835292,50,28.94736842,132,39.3442623,211,2026,77.93,100,-0.49,223,-0.08,189,0.86,79,1.56,23,0.81,104,-0.29,225,2.21806,35,32.36,175,8.05,350,22.91,95,28.59,27,20.89,174,19.55,209,20.78,311,21.75,237,26.28,58,21.02,55,10.16,129,15.22,342,22.94,184,20.95,128,21.45,76,19.43,68,23.28909636,179.0,2026,47.05882353,261,28.91566265,248,70.66666667,188,14.43298969,50,57.73195876,271,22.09302326,20,76.38888889,278,10.29411765,216,37.89954338,211,46.99453552,302,59.09090909,81,53.33333333,190,0.149122353,20,0.115984052,261,,6.213431367,105,7.456117641,209,4.2,14.5578,9.73876297,4.556516330000001,6.822639390000003,0.03313830100000001,4.138872039999999
2026,Washington,71.6833,163,71.583,169,114.768,99,114.918,49,92.2997,62,99.05,57,15.8683,49,2026,52.06185567,144,16.27528482,122,40.74074074,33,32.4742268,233,2026,44.02173913,65,17.67030923,181,26.66666667,92,28.80434783,81,2026,77.96,93,1.41,44,1.94,14,-0.22,205,-0.2,202,-0.21,204,1.68,18,1.37742,192,29.1,255,18.27,180,19.63,181,24.64,73,18.56,235,18.47,234,44.8,64,23.07,219,17.21,174,6.39,271,7.75,172,29.31,104,20.5,228,23.67,76,11.68,286,14.28,177,15.2932927,243.0,2026,55.03875969,123,30.76923077,209,71.42857143,169,12.38095238,95,45.71428571,80,27.84810127,92,67.9245283,115,5.426356589,47,33.50515464,288,42.93478261,243,51.64835165,193,47.14285714,101,0.120902116,79,0.088351546,123,,7.440130202,160,5.580097652,297,3.0,15.86800000000001,14.074074069999998,1.3950244100000013,2.9211294999999993,0.03255057,6.954595791
2026,Washington State,70.0458,216,73.0782,90,109.955,136,107.123,136,113.652,237,108.496,219,-1.37275,159,2026,51.80722892,150,17.13164,157,27.08333333,250,43.97590361,100,2026,60.9375,326,16.65576111,214,14.28571429,2,35.0,148,2026,78.34,48,-0.18,194,0.63,92,1.6,28,0.84,79,1.76,46,0.22,146,0.948059,293,40.7,31,17.75,196,24.31,65,25.15,60,13.26,330,19.11,219,41.07,97,28.54,163,10.75,271,12.39,157,6.65,205,22.86,229,21.75,209,27.67,29,10.29,309,16.85,115,27.66677439,147.0,2026,58.24175824,69,29.33333333,241,80.82191781,32,10.12658228,154,60.75949367,319,40.74074074,315,78.57142857,308,9.89010989,202,45.18072289,90,50.625,341,38.66666667,337,55.55555556,226,0.0856582,238,0.099934567,194,,7.138183332,150,8.08994111,167,3.3,-1.3729999999999905,12.797619039999999,-0.4758788900000006,-11.407407410000001,-0.014276366999999998,0.23647238999999942
2026,Weber State,73.4076,122,71.2479,195,103.581,193,102.974,229,112.379,225,109.322,249,-6.34797,243,2026,47.69230769,235,17.91570023,179,34.88372093,104,43.07692308,110,2026,46.80851064,113,12.1570823,333,33.33333333,214,43.26241135,261,2026,76.36,328,-1.41,322,-0.95,292,-0.4,241,-0.15,197,-2.38,344,-1.18,326,1.212,241,31.72,190,20.18,134,19.93,171,21.71,135,23.04,124,14.19,320,34.26,173,43.0,29,10.9,268,6.23,273,4.35,253,14.6,347,33.99,33,20.35,144,14.28,239,15.94,137,33.65430832,105.0,2026,48.80952381,231,30.43478261,220,67.85714286,227,4.651162791,313,55.81395349,250,21.81818182,17,70.49180328,172,11.9047619,259,35.38461538,257,39.0070922,160,40.0,323,45.0,79,0.070383108,292,0.083180037,99,,9.597696553,271,5.118771495,314,3.2,-6.347999999999999,1.5503876000000005,-5.758617929999998,8.61660079,-0.012796928999999999,-7.2535991090000005
2026,West Georgia,67.9062,276,71.259,194,85.0576,332,100.766,282,124.536,314,113.547,336,-12.7818,319,2026,42.67241379,314,21.35296825,293,25.97402597,269,20.68965517,345,2026,54.62184874,256,14.726185,280,41.79104478,333,42.85714286,252,2026,77.2,215,-0.22,199,-1.3,320,0.54,118,-0.81,275,0.79,105,-0.76,273,0.858518,311,29.49,249,14.04,285,8.47,356,29.66,15,19.28,211,28.55,26,25.62,270,21.05,251,27.19,46,16.68,98,9.47,143,19.55,292,27.44,99,24.66,65,8.8,328,19.54,64,35.59610248,90.0,2026,35.82089552,352,34.69387755,140,66.66666667,249,12.85714286,84,58.57142857,288,32.65306122,173,76.47058824,279,5.970149254,62,42.24137931,141,41.17647059,205,56.09756098,126,71.92982456,352,0.110446387,119,0.110446387,234,,10.3083295,296,3.681546249,346,2.6,-12.780999999999992,-15.81701881,-6.626783250000001,2.0408163300000055,0.0,6.886993606
2026,West Virginia,66.6292,307,66.8375,362,106.067,168,109.674,104,82.8635,14,98.7343,53,10.9401,78,2026,49.67532468,194,16.50928647,135,25.71428571,277,56.49350649,14,2026,41.09589041,23,24.0135076,31,24.75247525,63,42.46575342,247,2026,77.19,216,1.05,66,1.37,40,-0.25,210,-0.55,245,-2.77,352,1.21,45,2.64579,7,26.66,302,21.41,104,25.56,46,10.49,349,18.58,232,23.43,111,26.93,260,27.87,170,24.85,72,19.44,68,0.0,317,18.89,303,36.48,20,20.41,139,15.33,210,8.25,315,0.0,339.0,2026,49.48453608,221,33.33333333,150,67.81609195,230,8.510638298,213,41.4893617,31,26.92307692,82,74.19354839,244,5.154639175,40,37.01298701,230,35.61643836,98,49.25373134,225,43.39622642,63,0.140078794,37,0.100056282,195,,6.503658308,121,10.00562817,79,4.5,10.939700000000002,0.9618104599999988,7.504221130000001,6.410256410000002,0.04002251200000001,3.355999123
2026,Western Carolina,78.2,28,74.4331,31,74.7168,359,100.918,279,120.919,299,106.556,165,-5.63776,228,2026,37.86764706,353,23.01790281,320,30.20833333,200,18.38235294,355,2026,58.53658537,307,15.98465473,240,28.57142857,124,51.2195122,312,2026,77.24,208,0.86,79,0.82,77,-0.2,202,-0.67,262,-1.6,316,0.84,75,1.49659,163,37.69,78,12.18,311,18.21,225,20.21,175,21.5,160,27.9,37,32.29,201,34.9,78,13.67,226,10.81,182,8.33,163,32.03,65,24.85,138,16.56,239,14.67,227,11.89,245,45.0453341,30.0,2026,38.55421687,342,24.52830189,324,56.0,353,3.174603175,341,66.66666667,346,33.33333333,182,71.42857143,191,13.25301205,299,38.97058824,189,48.7804878,324,46.66666667,261,66.12903226,330,0.10230179,156,0.115089514,254,,11.50895141,331,5.754475703,286,2.9,-5.637999999999991,1.6369047600000002,-7.033248079999998,-8.80503144,-0.012787724,-10.078408875000001
2026,Western Illinois,64.0542,350,67.7292,354,99.7702,235,100.331,288,120.46,294,114.641,349,-14.3095,334,2026,47.8125,228,21.85650166,304,35.05154639,102,35.0,198,2026,56.60377358,286,14.05060821,299,32.96703297,208,44.65408805,273,2026,77.12,225,-1.84,343,-1.37,328,0.25,149,0.56,106,0.98,88,-1.61,348,1.08509,270,17.77,360,13.35,296,23.44,82,20.36,172,20.17,188,22.16,139,16.21,327,29.71,143,44.33,4,8.11,236,0.98,308,25.06,177,20.86,222,27.21,32,10.09,313,16.11,133,0.0,339.0,2026,43.24324324,302,38.7755102,73,67.85714286,227,8.602150538,208,61.29032258,324,33.33333333,182,71.83098592,205,15.31531532,322,30.625,322,41.50943396,213,26.86567164,361,58.2278481,263,0.046835361,353,0.093670721,148,,12.48942952,346,9.367072139,107,2.9,-14.310000000000002,2.0845134200000004,-7.805893449999999,5.442176869999997,-0.04683536,-6.713164782
2026,Western Kentucky,75.7812,67,74.8912,18,111.525,122,104.791,187,98.3416,117,105.031,137,-0.239756,147,2026,46.59090909,259,9.237113402,6,30.48780488,191,47.72727273,64,2026,53.27868852,232,21.77319588,64,24.65753425,61,26.2295082,52,2026,77.04,240,0.76,85,-0.08,190,-0.86,286,-1.13,303,-0.63,239,0.34,124,1.95199,67,42.11,22,18.42,176,21.62,124,25.46,57,15.62,296,17.75,255,14.69,334,35.0,75,38.79,9,0.25,345,10.0,134,14.66,345,34.4,31,22.64,94,8.03,338,19.23,72,9.850531071,279.0,2026,52.04081633,171,20.58823529,349,73.01587302,137,6.25,276,59.375,301,31.03448276,143,59.375,19,14.28571429,310,25.75757576,352,47.54098361,309,39.65517241,330,60.71428571,287,0.158350515,14,0.026391753,3,,6.597938144,126,5.93814433,273,3.7,-0.2400000000000091,5.830270629999998,12.536082477999999,-10.44624747,0.131958762,-8.03571429
2026,Western Michigan,77.2792,39,74.2971,37,103.987,187,101.332,270,100.24,132,109.038,237,-7.70614,264,2026,48.39572193,215,19.41014719,229,30.35714286,195,40.64171123,132,2026,48.12834225,135,15.95945436,242,25.0,65,41.17647059,229,2026,77.27,200,0.57,107,0.02,176,0.62,95,-0.07,189,-1.84,328,0.29,135,0.915639,300,36.61,100,18.5,171,21.95,117,24.79,69,12.87,340,21.69,154,43.82,73,20.15,261,23.49,87,7.58,241,4.13,258,23.37,212,27.87,96,28.68,25,13.55,249,6.39,339,19.90065724,201.0,2026,50.78125,200,28.81355932,253,78.94736842,43,6.52173913,265,48.91304348,128,31.57894737,154,68.83116883,138,11.71875,255,31.55080214,314,50.80213904,343,50.0,209,54.66666667,210,0.060387125,326,0.107834151,221,,8.626732086,211,9.920741899,81,2.7,-7.706000000000003,5.35714286,-3.4506928299999995,-2.765388050000002,-0.047447026,-5.19701087
2026,Wichita State,72.2688,149,72.2177,137,123.714,44,109.031,107,83.1863,15,103.515,113,5.51572,104,2026,54.26356589,101,16.60468736,139,46.66666667,6,43.41085271,107,2026,39.13043478,15,22.83144513,42,29.11392405,135,35.65217391,159,2026,76.41,323,1.83,28,-0.67,272,-0.15,198,-3.08,361,-3.01,356,0.58,99,1.64311,123,35.1,123,21.96,92,16.81,258,17.91,236,18.27,241,24.72,86,36.68,146,31.06,126,24.13,81,6.43,270,1.19,305,30.76,80,24.21,161,20.0,154,17.82,141,6.87,330,0.120050425,336.0,2026,54.44444444,134,35.8974359,117,71.42857143,169,14.28571429,51,42.85714286,47,19.35483871,3,73.17073171,225,8.888888889,167,30.23255814,325,26.95652174,8,39.68253968,329,19.04761905,1,0.117616536,90,0.076104817,75,,8.994205656,231,11.06979158,52,2.9,5.516000000000005,17.552742619999997,6.226757769999999,16.54259719,0.04151171899999999,5.396825400999999
2026,William and Mary,77.1125,46,76.0103,6,108.277,149,106.569,150,108.915,196,110.521,275,-3.9513,197,2026,50.86206897,170,15.56167936,98,26.02739726,268,56.03448276,18,2026,47.54098361,127,22.04571243,57,39.13043478,311,63.1147541,355,2026,77.25,205,-1.09,297,-0.77,283,0.17,162,0.56,106,0.33,153,-0.94,292,1.19729,242,35.28,120,14.54,276,19.11,200,14.37,302,27.1,46,23.79,103,33.5,189,27.71,171,18.75,146,9.03,222,9.6,139,27.2,142,18.06,274,20.0,155,16.31,181,17.5,101,20.21715641,199.0,2026,55.76923077,107,31.25,198,75.38461538,88,9.523809524,178,44.44444444,63,33.89830508,199,67.53246753,107,9.615384615,190,55.17241379,6,48.36065574,319,67.34693878,29,58.33333333,265,0.116712595,93,0.08429243,105,,7.132436375,149,10.37445291,70,3.0,-3.951999999999998,-13.10303752,6.484033069999999,-2.64830508,0.032420165,-0.09157509099999928
2026,Winthrop,73.4042,123,74.3754,34,107.371,155,107.192,133,109.547,198,107.622,188,-0.42995,149,2026,46.27659574,263,10.89856389,19,25.78125,276,44.14893617,98,2026,52.85714286,222,21.79712777,63,37.5,289,45.71428571,286,2026,76.45,317,0.39,135,-0.47,247,-0.94,291,-0.43,226,-3.37,361,-0.04,185,1.76872,104,32.72,166,24.28,49,15.34,293,20.16,178,24.82,77,15.41,299,54.46,18,19.0,274,14.96,203,9.95,199,1.63,297,28.98,112,15.9,315,14.69,282,30.72,8,9.6,291,15.82425535,235.0,2026,44.11764706,288,32.55813953,175,75.90361446,82,8.791208791,201,53.84615385,222,34.52380952,212,71.25,190,8.823529412,160,45.74468085,82,48.0,314,42.46575342,305,41.02564103,34,0.108985639,128,0.02724641,4,,8.173922915,187,10.89856389,58,2.6,-0.4300000000000068,-11.71875,10.89856388,-1.965669990000002,0.081739229,-0.03232062099999844
2026,Wisconsin,71.0292,181,70.9747,210,130.858,14,119.721,16,89.4204,40,96.329,24,23.3917,16,2026,58.85416667,39,15.48659588,93,42.15686275,27,33.33333333,219,2026,47.69736842,130,23.46453922,36,22.58064516,31,45.39473684,281,2026,79.09,7,2.34,17,2.38,6,0.39,135,1.2,59,2.15,19,2.36,8,2.13418,43,35.69,114,20.24,131,16.97,256,14.78,294,16.41,280,31.6,12,41.09,96,10.85,347,5.59,328,24.9,29,17.57,44,32.3,61,28.79,82,11.38,333,14.63,230,12.9,213,30.87875545,122.0,2026,65.26315789,19,35.05154639,133,82.8125,19,14.60674157,46,49.43820225,139,30.15873016,131,66.66666667,85,6.315789474,73,50.52083333,30,41.44736842,211,55.20833333,145,41.26984127,36,0.10793688,133,0.093858157,151,,6.100780196,98,12.67085118,22,2.8,23.39200000000001,19.576217590000002,7.9779433399999995,4.8928162299999975,0.014078723000000001,8.290952096000002
2026,Wofford,70.1292,210,70.4628,254,91.267,303,102.592,237,113.583,236,108.849,232,-6.25737,239,2026,43.14285714,303,19.96316321,251,28.82882883,224,32.0,243,2026,52.91005291,225,14.25940229,291,32.40740741,200,28.04232804,71,2026,75.98,346,-1.3,313,-2.23,357,-2.38,358,-1.32,318,0.11,174,-1.77,356,0.899127,302,32.2,181,23.66,61,13.3,322,24.6,74,23.2,120,15.23,304,36.67,147,18.14,287,13.77,224,7.23,245,24.19,19,19.71,290,16.09,311,18.04,207,18.41,132,27.76,7,15.93968123,233.0,2026,49.5049505,219,22.97297297,338,76.78571429,68,11.02362205,130,52.75590551,203,35.48387097,235,73.58490566,231,14.85148515,314,42.28571429,139,32.8042328,56,56.71641791,119,42.69662921,53,0.08080328,264,0.109322084,228,,9.030954786,234,6.179074327,265,2.3,-6.257000000000005,-3.5785785799999985,-5.703760920000001,-12.510897999999997,-0.028518803999999995,-3.8278631
2026,Wright State,68.1062,271,70.5842,241,101.43,213,104.324,198,116.12,264,109.672,259,-5.34759,222,2026,51.8018018,152,19.82196935,246,26.15384615,264,29.72972973,267,2026,53.63636364,243,18.35367532,157,37.09677419,281,45.45454545,283,2026,77.06,236,-2.39,358,-0.37,219,0.18,161,0.16,163,0.61,125,-1.38,337,1.54513,147,31.33,204,24.92,43,19.46,188,11.69,343,23.28,117,20.01,190,25.27,274,28.86,156,26.82,51,10.15,193,7.95,168,15.84,336,24.37,154,31.1,12,22.69,58,4.35,353,33.12679827,108.0,2026,57.37704918,79,30.0,226,69.6969697,206,10.12658228,154,55.69620253,248,32.25806452,169,80.0,322,4.918032787,37,45.04504505,93,28.18181818,13,36.0,346,42.59259259,50,0.102780582,153,0.102780582,205,,9.543911168,266,8.075617142,168,3.0,-5.347999999999999,-10.942928039999998,-1.4682940299999991,-2.258064519999998,0.0,5.208549493
2026,Wyoming,80.3313,11,72.6359,110,106.286,165,104.192,200,91.2031,57,104.451,128,-0.259292,148,2026,51.953125,146,16.80541508,144,28.57142857,228,46.875,68,2026,43.42105263,52,20.53995176,93,21.25,21,58.77192982,344,2026,77.07,233,-1.0,287,-0.37,219,0.48,124,-0.56,246,-0.21,204,-0.69,264,1.14424,259,39.75,49,15.42,254,14.7,303,21.61,139,25.87,64,22.4,132,26.26,267,40.52,38,14.88,205,9.51,208,8.83,158,18.49,309,35.95,21,14.76,279,14.93,223,15.86,138,15.6438455,238.0,2026,48.61111111,234,37.5,90,63.33333333,305,5.633802817,295,50.70422535,170,20.93023256,8,71.64179104,197,6.944444444,102,43.75,118,37.71929825,140,71.42857143,8,28.88888889,4,0.118260328,86,0.112036101,244,,5.601805026,71,8.713918929,135,3.5,-0.25900000000000034,7.321428569999998,3.7345366800000015,16.56976744,0.006224226999999999,-1.3106416269999999
2026,Xavier,69.2667,240,72.5621,115,100.157,229,108.453,117,104.599,163,102.565,103,5.88806,102,2026,44.3452381,293,16.84311838,145,29.16666667,218,48.80952381,55,2026,57.2327044,292,22.61790183,47,27.71084337,112,33.96226415,130,2026,78.67,27,0.81,80,1.66,18,1.28,42,0.78,86,1.79,31,1.24,42,2.09825,48,28.07,283,14.94,265,15.74,283,22.46,124,19.05,218,27.82,42,40.68,98,40.66,37,15.02,201,3.65,318,0.0,317,22.72,234,28.12,92,20.38,140,8.83,326,19.95,59,0.0,339.0,2026,37.37373737,348,36.23188406,110,71.95121951,162,9.565217391,177,58.26086957,282,36.36363636,246,66.66666667,85,20.2020202,356,41.07142857,161,27.67295597,11,80.64516129,1,63.85542169,314,0.120307988,82,0.10105871,198,,6.737247353,129,10.58710298,64,3.4,5.888000000000005,1.4558233000000023,5.774783450000001,-0.13175230000000226,0.01924927800000001,-10.636802809
2026,Yale,73.525,115,71.7533,160,132.034,13,114.313,57,86.9609,30,100.839,82,13.4745,66,2026,63.07692308,15,15.64093846,101,39.3442623,45,28.46153846,283,2026,45.04504505,79,24.48146889,26,27.69230769,111,35.13513514,152,2026,77.59,149,-0.36,214,-0.4,239,0.62,95,0.77,87,0.24,161,-0.38,231,1.25704,228,35.75,112,19.15,155,23.11,89,28.14,30,13.25,331,16.04,287,35.71,157,19.52,270,21.58,115,18.18,78,5.0,240,20.75,271,38.89,14,20.28,147,7.04,349,12.7,221,58.84423852,6.0,2026,56.97674419,83,50.0,3,81.08108108,30,13.69863014,67,52.05479452,193,21.05263158,11,71.79487179,202,11.62790698,253,33.84615385,281,34.23423423,74,54.92957746,147,45.65217391,85,0.115606936,98,0.10200612,202,,5.44032642,61,12.92077525,20,2.3,13.474000000000004,11.651954609999997,8.84053043,28.94736842,0.013600815999999988,2.07072316
2026,Youngstown State,68.95,252,71.6265,168,107.201,156,106.861,144,112.423,226,106.083,159,0.77786,141,2026,53.57142857,115,15.2284264,88,23.52941176,314,34.82142857,199,2026,49.57983193,163,22.48005801,48,47.82608696,355,41.17647059,229,2026,76.76,282,0.42,123,-0.69,275,-0.18,199,-1.15,304,-1.69,320,-0.14,204,1.48901,164,37.84,72,16.61,221,17.89,231,28.85,24,16.01,290,19.63,205,8.33,357,22.39,226,31.88,25,19.24,71,17.5,45,17.79,318,9.16,358,28.92,24,28.6,13,14.34,176,22.2842291,184.0,2026,51.92307692,172,36.66666667,103,74.35897436,106,11.23595506,124,52.80898876,205,26.66666667,73,75.51020408,268,7.692307692,124,53.57142857,10,25.21008403,5,51.02040816,206,43.63636364,66,0.072516316,288,0.072516316,63,,7.976794779,181,15.2284264,6,2.9,0.7780000000000058,-24.2966752,7.2516316100000004,9.999999999999996,0.0,3.5436473680000002
