"Season","TeamName","FG2Pct","RankFG2Pct","FG3Pct","RankFG3Pct","FTPct","RankFTPct","BlockPct","RankBlockPct","OppFG2Pct","RankOppFG2Pct","OppFG3Pct","RankOppFG3Pct","OppFTPct","RankOppFTPct","OppBlockPct","RankOppBlockPct","FG3Rate","RankFG3Rate","OppFG3Rate","RankOppFG3Rate","ARate","RankARate","OppARate","RankOppARate","StlRate","RankStlRate","OppStlRate","RankOppStlRate","DFP","NSTRate","RankNSTRate","OppNSTRate","RankOppNSTRate"
2026,"Abilene Christian",48.1927710843374,252,29.0322580645161,270,80,27,14.2857142857143,51,46.4285714285714,78,45.2380952380952,359,66.6666666666667,83,9.63855421686747,183,27.1929824561403,354,42.8571428571429,254,55.1020408163265,140,53.3333333333333,188,0.0882109712395479,236,0.117614628319397,287,NULL,6.61582284296609,107,8.82109712395479,121
2026,"Air Force",48.8,241,33.7349397590361,156,55,364,5.67375886524823,306,53.9007092198582,227,36.046511627907,256,63.8297872340426,40,11.2,243,39.9038461538462,174,37.8854625550661,140,57.3033707865169,108,52.3364485981308,169,0.123940581427139,56,0.127585892645585,319,NULL,12.7585892645585,355,6.19702907135697,278
2026,"Akron",50.9433962264151,199,37.8947368421053,72,77.6119402985075,57,9.1743119266055,186,47.7064220183486,99,35.7142857142857,248,76.7857142857143,296,16.0377358490566,348,47.2636815920398,56,43.5233160621762,271,62.2222222222222,53,54.8780487804878,224,0.13531036815696,27,0.063144838473248,29,NULL,4.9613801657552,33,7.6675875288944,199
2026,"Alabama",63,19,33.3333333333333,165,72.8813559322034,149,12.0300751879699,90,49.6240601503759,145,34.4827586206897,222,66.25,79,5,29,51.219512195122,21,30.3664921465969,23,53.0612244897959,171,54.6511627906977,219,0.110126094378063,123,0.0792907879522053,69,NULL,4.40504377512252,19,3.08353064258576,362
2026,"Alabama A&M",40.6779661016949,339,35.8490566037736,110,71.4285714285714,176,9.18367346938776,185,63.265306122449,345,30.4347826086957,113,71.4285714285714,178,5.93220338983051,52,30.9941520467836,330,41.3173652694611,211,46.2686567164179,282,57.8313253012048,260,0.1252408477842,51,0.0963391136801541,171,NULL,8.67052023121387,235,8.1888246628131,165
2026,"Alabama St.",39.5161290322581,349,35.6164383561644,114,60.7843137254902,344,5.12820512820513,321,58.1196581196581,299,31.3253012048193,141,80.8823529411765,350,11.2903225806452,249,37.0558375634518,230,41.5,213,58.6666666666667,86,55.3191489361702,231,0.102787553767946,163,0.0893804815373443,126,NULL,8.49114574604771,222,6.70353611530082,252
2026,"Albany",46.3917525773196,281,20.2380952380952,357,68.6274509803922,233,6.42201834862385,275,55.9633027522936,269,23.5294117647059,21,75.2577319587629,264,10.3092783505155,214,46.4088397790055,70,38.4180790960452,150,61.2903225806452,60,51.9480519480519,158,0.120009231479345,77,0.156935148857604,354,NULL,11.077775213478,335,4.61573967228248,339
2026,"Alcorn St.",45.8823529411765,288,37.5,79,67.1052631578947,271,10.9947643979058,117,62.303664921466,337,34.020618556701,210,72.5925925925926,210,8.82352941176471,150,37.956204379562,211,33.6805555555556,67,47.008547008547,272,53.9473684210526,200,0.112166567352518,115,0.114970731536331,278,NULL,12.8991552455396,357,8.13207613305759,168
2026,"American",62.1052631578947,31,27.2727272727273,297,71.4285714285714,176,5.88235294117647,298,53.921568627451,229,41.8918918918919,347,78.6516853932584,325,9.47368421052632,176,48.0874316939891,42,42.0454545454545,232,43.3734939759036,314,58.1395348837209,267,0.0963749863103713,190,0.148943160661483,351,NULL,5.69488555470376,59,8.76136239185193,126
2026,"Appalachian St.",50,214,31.6326530612245,209,63.2183908045977,322,8.69565217391304,205,46.9565217391304,89,35.4166666666667,244,78.7878787878788,328,7.57575757575758,103,42.6086956521739,123,45.4976303317536,306,51.5463917525773,200,62.5,320,0.0877276628206351,239,0.0572136931438924,22,NULL,9.15419090302279,263,7.62849241918566,203
2026,"Arizona",54.0229885057471,126,40,36,77.6595744680851,55,11.6564417177914,97,42.9447852760736,36,31.7073170731707,149,69.4444444444444,137,6.32183908045977,62,27.1966527196653,353,33.469387755102,62,64.1666666666667,39,47.9166666666667,101,0.120099511023419,76,0.113236681822081,268,NULL,7.54911212147208,163,9.26481942180664,88
2026,"Arizona St.",51.6778523489933,180,33.3333333333333,165,67.5324675324675,262,13.8461538461538,55,47.6923076923077,97,27.7227722772277,72,75.3086419753086,266,9.39597315436242,173,39.1836734693878,185,43.7229437229437,274,56.8807339449541,116,54.4444444444444,213,0.112468148668834,113,0.0702925929180213,46,NULL,7.73218522098234,176,11.2468148668834,30
2026,"Arkansas",55.7823129251701,96,33.6448598130841,161,78.125,46,10.3896103896104,137,46.7532467532468,87,24.3243243243243,26,64.1975308641975,42,6.12244897959184,60,42.1259842519685,129,41.8867924528302,229,58.4745762711864,89,56.5656565656566,249,0.104893626020387,145,0.0676733071099268,40,NULL,6.76733071099268,114,3.72203189104598,354
2026,"Arkansas Pine Bluff",41.0810810810811,337,30.6451612903226,236,81.3186813186813,20,7.27272727272727,250,58.7878787878788,306,36.1290322580645,258,72,190,10.8108108108108,228,40.1294498381877,172,48.4375,339,46.4912280701754,278,64.0522875816993,331,0.0944064196365353,201,0.124077008665161,309,NULL,8.09197882598874,191,5.39465255065916,320
2026,"Arkansas St.",53.5353535353535,138,26.3157894736842,320,82.2222222222222,14,3.6697247706422,349,59.6330275229358,316,32.5,172,66.6666666666667,83,12.1212121212121,274,43.4285714285714,107,42.3280423280423,241,46.5753424657534,276,42.8571428571429,39,0.104849279161206,146,0.0698995194408038,44,NULL,13.9799038881608,363,5.24246395806029,326
2026,"Army",53.3333333333333,141,25.9259259259259,326,69.6969696969697,206,0,365,68.8172043010753,365,35,232,78.9473684210526,330,17.3333333333333,357,59.0163934426229,1,46.242774566474,316,57.3529411764706,104,64.1304347826087,333,0.0764133484568085,298,0.128947525520864,320,NULL,8.11891827353591,194,6.20858456211569,277
2026,"Auburn",57.5,71,29.1666666666667,267,69.0476190476191,223,13.4228187919463,65,46.9798657718121,91,32.0388349514563,155,78.1818181818182,317,13.125,304,37.5,222,40.8730158730159,200,45.8333333333333,285,50.4854368932039,144,0.112285626562569,114,0.101758849072328,211,NULL,3.15803324707224,5,5.2633887451204,324
2026,"Austin Peay",51.4851485148515,184,26.6666666666667,311,63.768115942029,316,5.31914893617021,314,46.8085106382979,88,30.6666666666667,121,54.9295774647887,3,5.94059405940594,53,42.6136363636364,122,44.3786982248521,286,45.8333333333333,285,68.6567164179104,357,0.144632768361582,17,0.108474576271186,241,NULL,9.49152542372881,284,8.13559322033898,167
2026,"BYU",59.7402597402597,48,32,197,77.3333333333333,60,9.35251798561151,180,48.9208633093525,124,32.3232323232323,167,66.1290322580645,77,5.19480519480519,32,39.3700787401575,182,41.5966386554622,219,41.1290322580645,335,50,127,0.109076035086125,133,0.0654456210516748,34,NULL,4.7266281870654,25,6.18097532154706,280
2026,"Ball St.",47.1264367816092,272,37.2881355932203,84,64.7058823529412,305,8.33333333333333,218,57.2916666666667,285,38.4615384615385,306,64.2857142857143,43,18.3908045977011,359,40.4109589041096,167,44.8275862068966,297,60.3174603174603,68,55.2941176470588,230,0.125125125125125,53,0.0950950950950951,165,NULL,10.5105105105105,315,12.5125125125125,14
2026,"Baylor",63,19,35.8974358974359,107,71.6049382716049,175,11.9402985074627,93,55.2238805970149,255,28.8135593220339,86,80,338,9,156,43.8202247191011,103,30.5699481865285,27,56.043956043956,127,37.3626373626374,10,0.103492884864166,157,0.0944935035716294,163,NULL,6.2995669047753,92,9.89931942178975,66
2026,"Bellarmine",58.1818181818182,64,25.3731343283582,334,75.5102040816327,86,5.31914893617021,314,63.8297872340426,348,48.75,364,80.8219178082192,349,13.6363636363636,318,37.8531073446328,213,45.9770114942529,314,46.9135802469136,274,62.6262626262626,323,0.11927973391444,79,0.114692051840807,277,NULL,8.25782773253814,205,4.5876820736323,343
2026,"Belmont",63.302752293578,18,31.7460317460317,203,68,248,8.57142857142857,209,46.6666666666667,83,25.6410256410256,34,80,338,8.25688073394495,130,36.6279069767442,238,42.6229508196721,248,56.1797752808989,125,39.1304347826087,18,0.089736399326977,224,0.130117779024117,325,NULL,6.73022994952328,111,13.0117779024117,6
2026,"Bethune Cookman",48.1203007518797,254,35.7142857142857,111,69.7674418604651,203,11.3821138211382,105,58.5365853658537,304,42.3728813559322,351,73.9130434782609,240,11.2781954887218,248,34.4827586206897,281,32.4175824175824,47,43.8202247191011,308,59.7938144329897,284,0.0816095211107963,276,0.0906772456786625,136,NULL,6.80079342589969,115,5.44063474071975,318
2026,"Binghamton",49.2753623188406,237,24.2857142857143,341,78.8888888888889,40,8.69565217391304,205,59.0062111801242,310,25.531914893617,33,75,259,13.0434782608696,302,33.6538461538462,293,36.8627450980392,118,48.2352941176471,255,47.0588235294118,91,0.0328677074774035,365,0.14973066739706,352,NULL,8.76472199397425,238,6.93873824522962,238
2026,"Boise St.",51.5789473684211,182,38.8888888888889,49,77.6470588235294,56,3.73831775700935,345,53.2710280373832,215,28.3333333333333,79,61.4035087719298,17,7.36842105263158,98,43.1137724550898,111,35.9281437125749,105,57.1428571428571,111,36.4864864864865,7,0.0795414668382267,282,0.0795414668382267,76,NULL,9.35781962802667,274,11.229383553632,32
2026,"Boston College",52.4137931034483,161,25.6410256410256,329,61.038961038961,343,18.1818181818182,18,39.6103896103896,10,32.258064516129,163,59.7560975609756,7,15.8620689655172,346,44.6564885496183,90,37.6518218623482,135,47.1698113207547,270,53.8461538461538,195,0.0892020873288435,228,0.0892020873288435,123,NULL,3.92489184246911,9,5.70893358904598,306
2026,"Boston University",54.1666666666667,121,37.8640776699029,73,73.8461538461538,123,8.88888888888889,199,53.3333333333333,216,42.3913043478261,352,74.3589743589744,248,10.8333333333333,231,46.1883408071749,73,40.5286343612335,195,64.4230769230769,36,57.6576576576577,257,0.0874649427199696,241,0.0988734135095308,197,NULL,10.2676237106051,311,5.70423539478062,309
2026,"Bowling Green",51.5151515151515,183,37.2881355932203,84,75,92,8.98876404494382,193,52.8089887640449,210,32.3076923076923,165,73.6842105263158,234,9.84848484848485,195,30.8900523560209,332,42.2077922077922,238,43.3333333333333,315,50,127,0.168421052631579,5,0.0500711237553343,10,NULL,7.28307254623044,148,10.4694167852063,50
2026,"Bradley",51.2396694214876,189,26.4705882352941,317,77.0833333333333,62,8.82352941176471,201,49.2647058823529,136,37.9746835443038,300,72.2222222222222,198,14.0495867768595,328,45.7399103139013,77,36.7441860465116,115,53.9325842696629,161,52.5773195876289,174,0.152229068503081,12,0.0978615440376948,188,NULL,5.4367524465386,49,9.78615440376948,71
2026,"Brown",49.6124031007752,225,32.6315789473684,179,68.0555555555556,247,16.1290322580645,30,52.258064516129,197,30.952380952381,135,80.2197802197802,342,5.42635658914729,36,42.4107142857143,125,35.1464435146444,94,65.2631578947368,30,52.3364485981308,169,0.0834202294056309,266,0.123316860860498,307,NULL,8.34202294056309,209,9.43011288933219,84
2026,"Bryant",43.5483870967742,320,25.4237288135593,331,76.271186440678,76,9.55414012738854,174,47.1337579617834,94,37.2340425531915,286,64.7887323943662,50,12.0967741935484,273,48.7603305785124,35,37.4501992031873,128,52.3809523809524,181,60.5504587155963,292,0.10417602155366,152,0.125729681185451,317,NULL,7.54378087112708,162,3.59227660529861,357
2026,"Bucknell",45.0617283950617,300,33.9130434782609,151,76.4705882352941,73,8.28025477707006,221,49.6815286624204,146,35.6589147286822,247,66.1016949152542,76,8.02469135802469,119,41.5162454873646,146,45.1048951048951,299,49.1071428571429,237,55.6451612903226,235,0.0958605664488017,194,0.0987654320987654,196,NULL,8.4241103848947,219,9.00508351488744,109
2026,"Buffalo",49.438202247191,231,39.6825396825397,42,68.2692307692308,242,11.5384615384615,98,53.8461538461538,226,37.1428571428571,283,75.4098360655738,267,8.98876404494382,155,41.4473684210526,148,47.2972972972973,330,52.1739130434783,182,67.6470588235294,354,0.131520708188429,34,0.0657603540942144,35,NULL,7.08188428706924,136,9.61112867530825,77
2026,"Butler",55.1948051948052,107,40.1869158878505,35,67.2,267,10.9375,118,48.4375,111,28.7671232876712,84,70,149,9.74025974025974,186,40.9961685823755,156,27.5471698113208,8,65.625,25,48.2456140350877,105,0.111843419213102,117,0.137407629318953,336,NULL,5.75194727381666,64,8.30836828440184,160
2026,"CSUN",52.3809523809524,163,33.7662337662338,154,67.4418604651163,265,4.51127819548872,334,59.3984962406015,313,31.8181818181818,152,76.5432098765432,292,11.9047619047619,266,31.4285714285714,322,49.811320754717,350,49.1228070175439,236,57.8512396694215,261,0.0664093305109368,326,0.139459594072967,340,NULL,9.29730627153115,266,5.31274644087494,321
2026,"Cal Baptist",47.3282442748092,266,31.8181818181818,201,67.8571428571429,253,3.30578512396694,354,44.6280991735537,56,28.8888888888889,87,65.7534246575343,67,9.9236641221374,199,33.502538071066,298,27.1084337349398,7,45.7831325301205,288,26.865671641791,1,0.0682469075620011,322,0.0731216866735726,53,NULL,7.31216866735726,151,8.77460240082871,124
2026,"Cal Poly",45,301,33.6065573770492,163,67.1232876712329,269,8.52713178294574,212,57.3643410852713,287,34.7107438016529,228,71.8446601941748,187,17.1428571428571,356,46.5648854961832,66,48.4,338,45.1923076923077,295,68.9655172413793,359,0.079415501905972,284,0.0889453621346887,120,NULL,13.9771283354511,362,9.21219822109276,92
2026,"Cal St. Bakersfield",44.7852760736196,303,33.9622641509434,149,71.1538461538462,182,19.375,14,53.75,224,36.8421052631579,274,68.0851063829787,108,12.2699386503067,281,24.537037037037,362,32.2033898305085,45,51.6483516483516,196,52.6315789473684,177,0.0976403580146461,185,0.101256667570744,209,NULL,11.5721905795136,344,8.3175119790254,157
2026,"Cal St. Fullerton",47.65625,260,21.4285714285714,354,69.7368421052632,204,7.89473684210526,232,51.7543859649123,185,39.4736842105263,323,73.8095238095238,239,5.46875,39,35.3535353535354,263,40,183,42.1052631578947,327,53.9325842696629,198,0.0751565762004175,300,0.0793319415448852,70,NULL,7.93319415448852,185,8.35073068893528,152
2026,"California",57.7464788732394,68,35.2941176470588,122,81,22,9.67741935483871,168,52.258064516129,197,30,104,60,8,10.5633802816901,224,41.8032786885246,137,36.734693877551,114,58.4745762711864,89,50,127,0.0838222967309304,264,0.0737636211232188,55,NULL,9.05280804694049,255,10.3939647946354,54
2026,"Campbell",48.4848484848485,247,31.1475409836066,220,74.4444444444444,109,5.6,308,49.6,143,36.5079365079365,271,80.5555555555556,345,8.08080808080808,121,38.125,210,33.5106382978723,64,40.2985074626866,339,51.7647058823529,156,0.100239207198998,170,0.0911265519990887,143,NULL,11.8464517598815,347,5.92322587994077,298
2026,"Canisius",45.5284552845528,293,32.3529411764706,184,60.7594936708861,345,7.03125,262,66.40625,359,31.1320754716981,139,72.7272727272727,212,13.0081300813008,301,35.6020942408377,258,45.2991452991453,304,50,217,55.9322033898305,243,0.0548911978043521,347,0.160752793569888,356,NULL,9.01783963928641,251,5.88119976475201,299
2026,"Central Arkansas",47.1698113207547,270,19.5652173913043,360,62.2641509433962,333,4.49438202247191,335,60.6741573033708,327,35.5140186915888,245,79.0322580645161,331,9.43396226415094,175,46.4646464646465,69,54.5918367346939,360,42.6470588235294,321,64.1304347826087,333,0.0845148735056992,259,0.115651932165694,283,NULL,4.44815123714206,20,3.55852098971365,358
2026,"Central Connecticut",40.3361344537815,344,30,244,65.4545454545455,298,10.9243697478992,119,47.8991596638655,104,29.0697674418605,90,60.9756097560976,14,10.9243697478992,236,33.5195530726257,294,41.9512195121951,231,54.5454545454545,148,53.6585365853659,194,0.0894959962317475,225,0.0894959962317475,128,NULL,7.06547338671691,135,6.12341026848799,282
2026,"Central Michigan",49.3243243243243,234,32.2916666666667,190,75.4385964912281,89,16.4285714285714,27,46.4285714285714,78,31.5217391304348,146,62.1052631578947,22,10.8108108108108,228,39.344262295082,183,39.6551724137931,177,50.9615384615385,208,47.8723404255319,99,0.0638857572341225,332,0.112739571589628,262,NULL,7.1401728673431,141,8.64336715520481,136
2026,"Charleston",51.6556291390729,181,30.3370786516854,239,71.4285714285714,176,10.5633802816901,130,48.5915492957746,117,40.5660377358491,333,61.25,15,6.62251655629139,72,37.0833333333333,229,42.741935483871,253,51.4285714285714,201,56.25,245,0.0864296115364742,249,0.0676405655502842,39,NULL,7.89139931419982,184,5.26093287613321,325
2026,"Charleston Southern",47.4452554744526,263,35,126,67.6056338028169,260,7.73480662983425,237,49.7237569060773,147,33.7349397590361,204,71,171,10.2189781021898,208,46.692607003891,64,31.4393939393939,34,70.0934579439252,6,46.6101694915254,84,0.0705615523541518,309,0.110882439413667,249,NULL,8.40018480406569,215,6.38414045108992,268
2026,"Charlotte",46.8531468531469,275,38.3720930232558,60,63.8297872340426,314,12.396694214876,82,52.0661157024793,191,35.5555555555556,246,69.1489361702128,132,9.09090909090909,160,37.5545851528384,221,42.654028436019,251,51,207,60,286,0.0694578429480996,315,0.0848929191587884,99,NULL,8.87516882114605,244,10.0327995369477,61
2026,"Chattanooga",53.0120481927711,152,32,197,75,92,3.73831775700935,345,62.6168224299065,342,41.2698412698413,340,82.7160493827161,358,13.2530120481928,306,47.4683544303797,53,37.0588235294118,120,66.1764705882353,23,67.741935483871,356,0.0635891164781412,333,0.0929379394680526,153,NULL,7.82635279730969,182,8.31549984714155,158
2026,"Chicago St.",46.1538461538462,284,29.2307692307692,264,73.5632183908046,131,3.38983050847458,352,64.406779661017,353,35.1351351351351,238,76.1904761904762,286,11.8343195266272,264,27.7777777777778,348,48.471615720524,340,47.4226804123711,268,66.0869565217391,345,0.111831236497649,118,0.12199771254289,301,NULL,7.45541576650993,156,7.79429830135129,190
2026,"Cincinnati",56.9105691056911,81,29.9065420560748,249,63.4146341463415,318,17.9856115107914,19,41.726618705036,26,27,60,68.1159420289855,109,7.31707317073171,95,46.5217391304348,67,41.8410041841004,226,64.7058823529412,34,56.4705882352941,248,0.103359173126615,158,0.0936692506459948,157,NULL,11.6279069767442,346,12.5968992248062,12
2026,"Clemson",58.5365853658537,61,32.2147651006711,192,73.109243697479,142,10.9090909090909,120,43.030303030303,38,24.7863247863248,28,68.8172043010753,120,7.31707317073171,95,47.6038338658147,52,41.4893617021277,212,61.8055555555556,55,49,114,0.0783486514991713,287,0.0813620611722164,84,NULL,2.71206870574055,2,9.04022901913515,104
2026,"Cleveland St.",50.4273504273504,211,37.1900826446281,87,71.4285714285714,176,5.12820512820513,321,58.974358974359,308,33.3333333333333,186,73.1707317073171,222,11.965811965812,270,50.8403361344538,24,41.5730337078652,217,66.3461538461538,21,58.1395348837209,267,0.059247068504423,340,0.0987451141740383,195,NULL,10.5328121785641,318,7.24130837276281,225
2026,"Coastal Carolina",47.8723404255319,257,32.5301204819277,181,68.4210526315789,237,9.25925925925926,182,47.2222222222222,95,32.7586206896552,179,70.3703703703704,155,6.38297872340426,63,46.8926553672316,60,34.9397590361446,90,41.6666666666667,331,45.7142857142857,71,0.0748450473628815,301,0.0561337855221612,18,NULL,12.1623201964683,349,7.01672319027014,232
2026,"Colgate",55.6756756756757,98,34.0659340659341,146,82.6666666666667,12,8.88888888888889,199,49.4444444444444,141,30.0751879699248,107,72.2689075630252,201,5.94594594594595,54,32.9710144927536,310,42.4920127795527,242,44.7761194029851,300,58.9147286821705,275,0.077134168953497,293,0.0890009641771119,122,NULL,6.52673737298821,104,5.63672773121709,311
2026,"Colorado",57.396449704142,74,38.2352941176471,62,74.468085106383,108,7.31707317073171,248,52.4390243902439,201,38.3720930232558,305,73.4177215189873,226,10.0591715976331,202,28.6919831223629,342,34.4,79,57.7235772357724,99,38.6554621848739,17,0.0841042893187553,262,0.0571909167367536,21,NULL,7.73759461732548,177,6.05550883095038,288
2026,"Colorado St.",61.0526315789474,39,45,9,88.2352941176471,1,3.96039603960396,343,52.4752475247525,202,34.4,221,64.4736842105263,47,8.42105263157895,137,55.8139534883721,4,55.3097345132743,361,74.1071428571429,2,46.875,89,0.0525772227959816,352,0.0976434137639658,182,NULL,5.63327387099803,57,9.01323819359684,107
2026,"Columbia",50.8928571428571,202,37.5,79,70,197,9.64912280701754,170,48.2456140350877,110,38.1818181818182,302,69.4915254237288,138,9.82142857142857,191,33.3333333333333,299,32.5443786982249,49,46.1538461538462,283,67.1052631578947,351,0.0793011585403631,286,0.113995415401772,273,NULL,11.3995415401772,343,7.93011585403631,179
2026,"Connecticut",65.2777777777778,7,40.2298850574713,32,72.4489795918367,163,17.2661870503597,24,45.3237410071942,63,26.6666666666667,48,69.6629213483146,142,3.47222222222222,8,37.6623376623377,219,35.0467289719626,93,62.7906976744186,49,28.9156626506024,2,0.134554950648431,29,0.0885229938476519,116,NULL,6.72774753242155,110,7.43593148320276,216
2026,"Coppin St.",42.2885572139303,329,26.2295081967213,323,74.8031496062992,100,8.08080808080808,231,56.0606060606061,271,36.144578313253,259,77.3722627737226,308,12.9353233830846,299,37.7708978328173,215,45.6043956043956,308,58.974358974359,81,61.4035087719298,307,0.0717360114777618,306,0.124342419894787,311,NULL,10.9995217599235,334,8.84744141559063,118
2026,"Cornell",61.25,36,36.3636363636364,95,73.015873015873,146,6.30630630630631,282,53.1531531531532,214,41.6666666666667,345,60.8695652173913,13,8.75,146,57.8947368421053,2,39.344262295082,174,60.6741573033708,65,53.9325842696629,198,0.0661339211904106,327,0.0881785615872141,114,NULL,8.37696335078534,212,8.37696335078534,148
2026,"Creighton",59.4339622641509,53,29.7619047619048,251,71.6981132075472,173,3.64963503649635,350,51.8248175182482,188,28.0701754385965,73,63.6363636363636,37,11.3207547169811,252,44.2105263157895,97,29.3814432989691,14,57.9545454545455,96,42.5287356321839,35,0.119090151244492,80,0.090508514945814,134,NULL,10.0035727045373,303,6.19268786471359,279
2026,"Dartmouth",46.25,283,33.7349397590361,156,67.5675675675676,261,9.82142857142857,162,58.0357142857143,297,32.8947368421053,182,77.0833333333333,302,11.25,244,50.920245398773,23,40.4255319148936,193,61.5384615384615,57,46.6666666666667,85,0.0685009704304144,320,0.164402329032995,360,NULL,5.48007763443315,50,8.22011645164973,163
2026,"Davidson",58.1081081081081,65,47.1428571428571,6,74.6478873239437,107,12.5,76,46.6666666666667,83,26.7857142857143,56,69.2307692307692,133,12.1621621621622,277,48.6111111111111,38,31.8181818181818,40,64.4736842105263,35,36.6197183098592,8,0.0821702616156124,272,0.116005075222041,284,NULL,9.66708960183675,290,8.70038064165307,130
2026,"Dayton",59.5238095238095,51,28.4090909090909,284,75,92,12.4087591240876,81,46.7153284671533,86,40.4761904761905,332,61.6438356164384,18,11.9047619047619,266,41.1214953271028,153,38.0090497737557,144,61,63,52.0408163265306,160,0.132479971355682,31,0.0716107953273956,51,NULL,6.80302555610258,116,11.0996732757463,37
2026,"DePaul",48.1751824817518,253,30.5263157894737,237,65.8119658119658,296,11.8881118881119,95,46.1538461538462,73,37.5,289,67.4157303370787,98,13.1386861313869,305,40.948275862069,157,33.4883720930233,63,67.3684210526316,15,54.8387096774194,223,0.10213964955534,165,0.105661706436559,231,NULL,8.10073082680285,192,9.15734789116844,96
2026,"Delaware",42.2535211267606,331,39.2156862745098,45,66.6666666666667,274,11.1111111111111,112,50,148,39.2857142857143,322,86.2068965517241,364,11.2676056338028,245,41.8032786885246,137,43.75,275,40,340,48.2758620689655,106,0.121396054628225,68,0.0834597875569044,93,NULL,4.55235204855842,23,3.03490136570561,363
2026,"Delaware St.",37.1069182389937,358,28.169014084507,287,75,92,2.41935483870968,361,63.7096774193548,346,37.8048780487805,297,62.3376623376623,23,12.5786163522013,288,30.8695652173913,333,39.8058252427184,179,41.7721518987342,330,62.7272727272727,324,0.0986202645678251,179,0.102413351666588,218,NULL,8.72410032715376,237,7.58617419752501,209
2026,"Denver",51.4084507042254,186,37.7777777777778,76,76.5625,72,4.63576158940397,331,56.2913907284768,275,37.7777777777778,296,70.6666666666667,160,9.15492957746479,163,38.7931034482759,196,37.344398340249,126,43.9252336448598,305,41.1764705882353,31,0.054247095520094,349,0.112110664074861,254,NULL,7.59459337281316,168,8.67953528321505,132
2026,"Detroit Mercy",49.1666666666667,238,26.3157894736842,320,65.9574468085106,292,8.91089108910891,197,59.4059405940594,314,38.5542168674699,308,76.1363636363636,285,10,200,44.1860465116279,98,45.1086956521739,300,48.8095238095238,240,60.8695652173913,299,0.0950067476383266,199,0.0906882591093117,137,NULL,8.2051282051282,201,6.47773279352227,263
2026,"Drake",47.8571428571429,258,31.1320754716981,222,69.7368421052632,204,10.5590062111801,131,44.7204968944099,58,31.7307692307692,150,66.6666666666667,83,5.71428571428571,44,43.0894308943089,114,39.2452830188679,172,47,273,47.6190476190476,98,0.0877674163466813,237,0.0877674163466813,112,NULL,5.48546352166758,51,6.94825379411227,237
2026,"Drexel",38.9380530973451,353,35.3658536585366,121,58.974358974359,352,4.27350427350427,337,52.1367521367521,194,42,349,84.7222222222222,363,13.2743362831858,307,42.0512820512821,130,29.940119760479,17,53.4246575342466,163,45.1219512195122,62,0.0827804492056729,269,0.0925193255828109,147,NULL,10.7127640148518,325,6.33026964513969,271
2026,"Duke",62.1212121212121,30,37.5,79,75.2212389380531,91,17.3913043478261,23,39.1304347826087,8,24.5901639344262,27,66.0714285714286,75,3.03030303030303,4,47.6190476190476,50,46.9230769230769,325,65.3543307086614,29,50,127,0.12136024609161,69,0.0977624204626859,186,NULL,4.38245333108592,16,9.77624204626859,72
2026,"Duquesne",62.2222222222222,29,32.7102803738318,178,64.7058823529412,305,7.19424460431655,257,48.9208633093525,124,26.8041237113402,57,72.9323308270677,217,8.14814814814815,126,44.2148760330578,96,41.1016949152542,205,55.4621848739496,136,44.6808510638298,57,0.0864325784334095,248,0.113027217951382,267,NULL,7.645958861417,175,9.97298981923956,64
2026,"East Carolina",57.5,71,20,358,66.6666666666667,274,9.72222222222222,166,58.3333333333333,301,34.0909090909091,212,71.2121212121212,174,2.5,2,33.3333333333333,299,37.9310344827586,143,48.1481481481481,256,49.1228070175439,116,0.0842651110030789,261,0.116674769081186,285,NULL,5.18554529249716,41,7.77831793874575,195
2026,"East Tennessee St.",57.5757575757576,70,31.7460317460317,203,69.3548387096774,214,10.3092783505155,145,46.3917525773196,76,33.3333333333333,186,75.4098360655738,267,12.1212121212121,274,38.8888888888889,191,41.566265060241,216,48.0519480519481,259,51.4705882352941,151,0.16080891758543,9,0.102332947554364,217,NULL,7.79679600414205,178,7.30949625388317,221
2026,"East Texas A&M",53.0612244897959,149,24.2857142857143,341,66.0714285714286,290,7.40740740740741,244,49.0740740740741,128,45.6140350877193,361,68.4782608695652,116,7.14285714285714,87,41.6666666666667,142,34.5454545454545,83,55.0724637681159,141,55.6962025316456,237,0.104237480172218,150,0.108769544527532,242,NULL,11.3301608882846,342,10.8769544527532,41
2026,"Eastern Illinois",40.5797101449275,342,28.7878787878788,277,76.9230769230769,65,9.23076923076923,184,58.4615384615385,302,26.3636363636364,44,65.5913978494624,64,10.8695652173913,233,32.3529411764706,316,45.8333333333333,311,52,188,46.6666666666667,85,0.0781540751767771,288,0.122813546706364,306,NULL,9.30405656866394,269,10.0483810941571,60
2026,"Eastern Kentucky",54.0983606557377,125,26.6666666666667,311,69.2307692307692,216,10.2272727272727,147,60.2272727272727,322,29.4117647058824,96,63.6363636363636,37,11.4754098360656,257,49.5867768595041,32,36.6906474820144,112,48.9795918367347,239,50,127,0.0472294846925867,360,0.161929661803154,357,NULL,2.69882769671924,1,4.04824154507886,351
2026,"Eastern Michigan",44.5161290322581,306,28,289,75.4716981132076,87,7.5,240,49.1666666666667,131,37.0967741935484,279,62.5,25,9.03225806451613,159,24.390243902439,363,34.0659340659341,75,42.1686746987952,326,50,127,0.115480108551302,96,0.0970032911830937,177,NULL,6.92880651307812,126,8.31456781569375,159
2026,"Eastern Washington",56.4935064935065,84,34.7222222222222,133,68,248,5.96026490066225,295,57.6158940397351,292,41.0526315789474,337,66.2650602409639,80,7.79220779220779,110,31.858407079646,318,38.6178861788618,155,50.8928571428571,210,55.5555555555556,233,0.0887296305775958,231,0.0989676648750107,198,NULL,8.87296305775958,242,6.8253561982766,244
2026,"Elon",54.4554455445545,118,36.8932038834951,88,69.3333333333333,215,12.1495327102804,89,57.0093457943925,283,40,328,62.5,25,12.8712871287129,295,50.4901960784314,27,45.6852791878173,310,54.8387096774194,145,55.6701030927835,236,0.114783952320512,103,0.0794658131449699,73,NULL,4.85624413663705,27,5.29772087633133,322
2026,"Evansville",48.6842105263158,244,20.8333333333333,355,67.8571428571429,253,4.61538461538461,333,58.4615384615385,302,36.3636363636364,266,69.6969696969697,143,6.57894736842105,67,38.7096774193548,197,45.8333333333333,311,55.3191489361702,137,56.8965517241379,252,0.0676755334147946,324,0.0827145408403045,91,NULL,8.27145408403045,206,6.76755334147946,247
2026,"FIU",47.3118279569892,267,28.5714285714286,280,62.962962962963,327,6.49350649350649,272,62.3376623376623,338,41.1764705882353,338,83.3333333333333,359,8.60215053763441,142,34.5070422535211,280,39.84375,182,48.2758620689655,254,60.8695652173913,299,0.103300782826245,159,0.109757081752885,245,NULL,8.39318860463239,214,8.39318860463239,145
2026,"Fairfield",44.8453608247423,302,29.6875,253,71.7171717171717,172,9.5959595959596,172,51.010101010101,168,29.3577981651376,95,71.7391304347826,186,15.979381443299,347,39.7515527950311,176,35.5048859934853,100,40,340,44.3609022556391,56,0.0857864332906707,256,0.0885537375903698,117,NULL,5.81133902936802,68,6.08806945933792,287
2026,"Fairleigh Dickinson",44.1666666666667,313,31.0077519379845,227,63.013698630137,325,5.79710144927536,301,63.768115942029,347,39.2156862745098,319,65.7407407407407,66,13.3333333333333,310,51.8072289156626,17,42.5,243,48.3870967741936,252,55.46875,232,0.0576295605746006,342,0.111869146997754,252,NULL,7.45794313318361,157,10.1699224543413,59
2026,"Florida",59.4936708860759,52,23.728813559322,345,66.3865546218487,284,12.4293785310734,80,41.2429378531073,20,27.3809523809524,69,76.7857142857143,296,8.22784810126582,129,42.7536231884058,118,32.183908045977,43,54.9180327868852,143,38.5416666666667,15,0.0908059023836549,215,0.0970683784101139,178,NULL,10.0199616423343,304,6.57559982778191,258
2026,"Florida A&M",40.251572327044,346,26.5060240963855,315,65.2631578947368,300,8.97435897435897,195,58.974358974359,308,35.1063829787234,237,79.8319327731092,337,16.3522012578616,351,34.297520661157,286,37.6,134,51.1627906976744,205,54.4,212,0.125271019031559,50,0.138119328675821,338,NULL,9.95743997430338,300,6.10294708102465,284
2026,"Florida Atlantic",47.5409836065574,262,38.2352941176471,62,71.830985915493,170,13.8888888888889,54,49.0740740740741,128,40.2597402597403,329,72.1311475409836,196,9.83606557377049,192,35.7894736842105,254,41.6216216216216,220,48.8095238095238,240,46.4285714285714,79,0.0835848618527978,265,0.0928720687253309,152,NULL,5.57232412351985,53,6.50104481077316,261
2026,"Florida Gulf Coast",48.6301369863014,245,34.1463414634146,143,76.3157894736842,75,7.05882352941176,260,68.2352941176471,364,37.3626373626374,288,76.8292682926829,298,12.3287671232877,282,35.9649122807018,253,51.7045454545455,355,48.4848484848485,247,46.7391304347826,88,0.0875576036866359,240,0.0599078341013825,25,NULL,4.14746543778802,13,4.14746543778802,349
2026,"Florida St.",56.4356435643564,86,36.036036036036,103,79.6875,32,10,151,48.1818181818182,108,30,104,62.8205128205128,31,12.8712871287129,295,52.3584905660377,13,38.8888888888889,163,54.639175257732,147,50,127,0.123286215325752,59,0.0807737272823892,82,NULL,5.95174832607078,73,11.4783717717079,26
2026,"Fordham",49.5934959349593,226,19.4444444444444,361,65.9574468085106,292,9.52380952380952,175,45.7142857142857,67,44.4444444444444,357,53.125,1,8.13008130081301,125,36.9230769230769,232,40.6779661016949,196,45.3333333333333,294,62.5,320,0.0877362750790272,238,0.0567705309334882,19,NULL,7.22534030062577,144,5.67705309334882,310
2026,"Fresno St.",53.968253968254,127,33.3333333333333,165,72.0430107526882,164,8.33333333333333,218,60,319,31.1827956989247,140,61.7283950617284,19,9.52380952380952,177,42.4657534246575,124,43.6619718309859,273,46.4646464646465,279,46.5346534653465,82,0.123098566780972,62,0.101995955332806,214,NULL,10.5513057240834,321,12.6615668689,11
2026,"Furman",55.0561797752809,112,25,335,66.6666666666667,274,7.3394495412844,246,58.7155963302752,305,34.2857142857143,217,68.8888888888889,122,12.3595505617978,284,47.3372781065089,55,39.1061452513966,169,52.1739130434783,182,43.1818181818182,42,0.0583480216373913,341,0.179906400048623,362,NULL,7.29350270467392,149,7.29350270467392,223
2026,"Gardner Webb",46.8468468468468,276,28.7878787878788,277,61.7647058823529,336,8.7378640776699,204,64.0776699029126,350,37.5,289,65.7534246575343,67,11.7117117117117,261,37.2881355932203,225,46.0732984293194,315,43.6619718309859,311,68.6868686868687,358,0.0873613426058969,244,0.12414506580838,310,NULL,7.35674464049658,152,5.97735502040347,295
2026,"George Mason",51.4563106796116,185,29.2307692307692,264,74.4186046511628,110,15.8536585365854,32,41.4634146341463,23,26.7441860465116,54,79.6296296296296,336,7.76699029126214,109,38.6904761904762,198,51.1904761904762,354,50,217,52.6315789473684,177,0.0770156438026474,294,0.101083032490975,208,NULL,8.18291215403129,199,11.5523465703971,25
2026,"George Washington",62.6760563380282,23,34.0425531914894,147,73.0769230769231,144,8.57142857142857,209,50.7142857142857,163,26.1682242990654,39,70.8860759493671,168,11.2676056338028,245,39.8305084745763,175,43.3198380566802,268,52.0661157024793,185,46.4646464646465,80,0.116225976505749,94,0.109584492133992,244,NULL,7.63770702752065,173,7.9697812461085,177
2026,"Georgetown",54.4871794871795,117,23.1707317073171,348,74.7967479674797,101,21.3740458015267,6,40.4580152671756,12,31.4606741573034,144,79.2452830188679,333,10.2564102564103,209,34.453781512605,284,40.4545454545455,194,52.8846153846154,173,45.679012345679,70,0.120829816534139,73,0.0390919994669273,4,NULL,6.75225445337835,113,6.39687264004265,267
2026,"Georgia",64.5833333333333,11,26.0869565217391,324,79.3548387096774,35,21.7391304347826,4,39.1304347826087,8,30.0884955752212,108,60.4938271604938,12,9.89583333333333,197,45.6090651558074,79,35.3125,96,50.6024096385542,215,54.7826086956522,222,0.171772849634662,3,0.084604537879759,98,NULL,4.871170362774,28,10.7678502756057,45
2026,"Georgia Southern",56.25,88,40.2597402597403,31,66.6666666666667,274,6.16438356164384,289,57.5342465753425,290,30.1587301587302,109,67.1052631578947,94,7.14285714285714,87,40.7407407407407,160,30.1435406698565,20,38.2978723404255,351,42.7184466019417,38,0.132641600256726,30,0.0941327485692892,160,NULL,5.13451355832487,37,5.56238968818527,312
2026,"Georgia St.",38.0597014925373,356,31.1111111111111,223,78.125,46,7.18562874251497,258,51.497005988024,180,26.3157894736842,41,68.9189189189189,123,10.4477611940299,220,40.1785714285714,171,31.2757201646091,32,55.6962025316456,133,50,127,0.112819579656082,111,0.112819579656082,263,NULL,11.2819579656082,340,8.00655081430261,174
2026,"Georgia Tech",45.3416149068323,297,34.8837209302326,129,62.1951219512195,334,18.75,17,45.3125,62,20.8695652173913,9,70.9302325581395,170,11.8012422360248,262,34.8178137651822,274,47.3251028806584,332,60.1941747572816,70,60.9756097560976,301,0.128331688055281,40,0.0954261270154656,167,NULL,10.529779532741,317,9.87166831194472,67
2026,"Gonzaga",61.7021276595745,34,33.9622641509434,149,72,165,15.1898734177215,40,41.1392405063291,17,23.6220472440945,22,66.3461538461538,81,4.68085106382979,28,31.0850439882698,328,44.5614035087719,291,51.9337016574586,191,44.2105263157895,55,0.126872722364692,42,0.0755837494938588,59,NULL,5.93872317451748,72,9.98785261168849,63
2026,"Grambling St.",52.0833333333333,171,44.2307692307692,12,70.6896551724138,184,9.56521739130435,173,53.9130434782609,228,37.0967741935484,279,66.2162162162162,78,10.4166666666667,217,35.1351351351351,265,35.0282485875706,92,52.0547945205479,186,54.1176470588235,203,0.109863864342011,125,0.186290900406019,364,NULL,6.68736565560067,109,9.07571053260091,101
2026,"Grand Canyon",51.875,178,32.967032967033,175,80.7228915662651,23,10.4,135,48,105,36.8932038834951,276,82.0512820512821,353,7.5,101,36.2549800796813,246,45.1754385964912,301,54.8672566371681,144,58.1632653061224,270,0.0917626067377544,210,0.101958451930838,213,NULL,8.49653766090318,224,11.5552912188283,24
2026,"Green Bay",49.5575221238938,228,30,244,66.2337662337662,286,10.4,135,62.4,339,34.7368421052632,230,64.9122807017544,54,13.2743362831858,307,46.9483568075117,59,43.1818181818182,263,59.3023255813954,77,61.2612612612613,304,0.0480835914744094,357,0.118359609783161,291,NULL,5.91798048915807,71,5.17823292801332,331
2026,"Hampton",43.5897435897436,318,26.5060240963855,315,77.7777777777778,52,9.70149253731343,167,55.2238805970149,255,39.0804597701149,315,68.5393258426966,117,18.5897435897436,360,34.7280334728033,276,39.3665158371041,175,50,217,61.1111111111111,302,0.118732897360976,83,0.129864106488567,324,NULL,6.30768517230184,93,7.79184638931404,191
2026,"Harvard",49.5934959349593,226,38.8888888888889,49,81.6091954022989,17,10.5263157894737,132,48.1203007518797,106,34.0909090909091,212,66.6666666666667,83,12.1951219512195,279,36.9230769230769,232,39.8190045248869,180,57.3033707865169,108,52.1276595744681,163,0.125278792767997,49,0.121482465714421,296,NULL,8.35191951786646,210,7.59265410715133,208
2026,"Hawaii",52.1505376344086,168,32,197,72.5490196078431,157,7.61421319796954,239,42.1319796954315,27,28.2352941176471,77,64.8148148148148,51,8.06451612903226,120,34.965034965035,269,30.1418439716312,19,51.937984496124,190,42.9906542056075,41,0.0993137694403255,177,0.129659643435981,322,NULL,6.89678954446705,123,9.10376219869651,99
2026,"High Point",60.3896103896104,43,34.3434343434343,141,70.9302325581395,183,10.3703703703704,141,50.3703703703704,157,26.6666666666667,48,71.5789473684211,183,7.79220779220779,110,39.1304347826087,186,40,183,54.3307086614173,153,54.3478260869565,209,0.171037130764868,4,0.0558488590252629,17,NULL,4.8867751647105,30,6.63205200924997,255
2026,"Hofstra",52.2522522522523,166,30.9859154929577,228,70.2702702702703,192,9.9009900990099,159,51.4851485148515,179,35.1351351351351,238,69.0476190476191,127,4.5045045045045,25,39.010989010989,188,42.2857142857143,240,53.75,162,57.6923076923077,258,0.103591937844837,156,0.0765679540592276,62,NULL,9.90879405472357,296,11.2599932440041,29
2026,"Holy Cross",51.937984496124,176,29.5918367346939,255,69.1176470588235,220,1.38888888888889,363,65.9722222222222,358,28.4210526315789,81,81.0126582278481,351,13.953488372093,325,43.1718061674009,109,39.7489539748954,178,43.75,309,49.1803278688525,118,0.0899563711599874,220,0.115144155084784,280,NULL,5.75720775423919,65,2.8786038771196,365
2026,"Houston",53.6423841059603,133,28.7037037037037,279,76.5957446808511,71,13.5714285714286,61,42.1428571428571,28,25,29,62.3529411764706,24,4.63576158940397,27,41.6988416988417,140,32.6923076923077,53,56.25,124,40.7894736842105,28,0.145121252625549,16,0.0954745083062822,168,NULL,6.11036853160206,79,6.11036853160206,283
2026,"Houston Christian",53.6231884057971,134,30,244,54.1666666666667,365,13.6363636363636,59,54.5454545454545,241,34.6938775510204,226,80,338,4.34782608695652,21,42.0168067226891,131,42.6086956521739,245,61.5384615384615,57,60.377358490566,289,0.136249551810685,25,0.0932233775546791,155,NULL,9.32233775546791,272,5.7368232341341,304
2026,"Howard",50.9615384615385,197,40,36,72.5490196078431,157,7.40740740740741,244,52.7777777777778,208,43.3333333333333,356,63.4615384615385,36,6.73076923076923,74,34.5911949685535,279,35.7142857142857,104,58.6666666666667,86,38.5542168674699,16,0.108128033421392,136,0.117957854641519,288,NULL,12.2872765251582,350,10.8128033421392,43
2026,"IU Indy",55.9139784946237,92,31.25,216,74.2424242424242,114,6.41711229946524,278,62.5668449197861,341,30.4878048780488,116,70.5035971223022,158,11.2903225806452,249,37.5838926174497,220,30.4832713754647,26,51.7985611510791,195,47.887323943662,100,0.126030408499725,47,0.114306649569518,274,NULL,6.74116138486902,112,7.91353727788972,180
2026,"Idaho",48.9130434782609,239,34.1176470588235,145,73.4375,135,6.45161290322581,273,58.0645161290323,298,34.2857142857143,217,73.972602739726,244,10.8695652173913,233,48.0225988700565,44,42.9447852760736,260,54.0540540540541,158,52.5641025641026,173,0.0719295090811005,304,0.100701312713541,207,NULL,8.15201102919139,195,6.71342084756938,251
2026,"Idaho St.",52.7472527472527,157,34.7826086956522,131,69.3877551020408,213,6.86274509803922,266,58.8235294117647,307,44.6428571428571,358,74.3589743589744,248,14.2857142857143,331,43.125,110,35.4430379746835,99,52.7777777777778,175,57.6470588235294,256,0.101387406616862,166,0.133404482390608,332,NULL,9.07150480256137,257,8.0042689434365,175
2026,"Illinois",61.1510791366906,37,36.2204724409449,100,79.0476190476191,39,12.3529411764706,83,47.0588235294118,92,25.7731958762887,36,82.0512820512821,353,5.75539568345324,47,47.7443609022556,48,36.3295880149813,108,41.9847328244275,328,44.7619047619048,59,0.0518672199170124,353,0.0899031811894882,131,NULL,4.49515905947441,22,5.18672199170124,330
2026,"Illinois Chicago",55.8139534883721,94,29.3333333333333,261,81.1764705882353,21,11.340206185567,107,51.5463917525773,181,24.1379310344828,24,77.0491803278689,300,6.97674418604651,83,46.583850931677,65,47.2826086956522,329,57.1428571428571,111,60.5633802816901,293,0.113381362938467,110,0.127554033305775,318,NULL,8.03117987480808,190,10.8657139482698,42
2026,"Illinois St.",51.048951048951,192,29.0322580645161,270,68.75,229,5.84415584415584,299,55.1948051948052,253,28.3950617283951,80,62.5,25,9.79020979020979,189,39.4067796610169,179,34.468085106383,80,43,320,51.8518518518519,157,0.0536672629695885,350,0.0679785330948122,42,NULL,8.22898032200358,202,5.00894454382826,334
2026,"Incarnate Word",44.4444444444444,307,29.7872340425532,250,63.3333333333333,320,5.76923076923077,303,65.3846153846154,355,36.734693877551,273,80.3571428571429,344,6.94444444444444,81,39.4957983193277,178,48.5148514851485,341,39.1304347826087,347,76.9230769230769,365,0.0846642293630941,258,0.0384837406195882,3,NULL,6.92707331152588,125,6.92707331152588,239
2026,"Indiana",62.406015037594,27,41.3461538461538,26,78.494623655914,43,7.27272727272727,250,42.4242424242424,32,31.8840579710145,154,67.0886075949367,93,6.76691729323308,76,43.8818565400844,100,29.4871794871795,15,72.2222222222222,3,39.1304347826087,18,0.0890154886950329,230,0.0534092932170198,14,NULL,7.47730105038277,158,8.90154886950329,116
2026,"Indiana St.",52.1739130434783,167,26.7441860465116,309,69.811320754717,201,3.67647058823529,348,50,148,35.9375,253,65.625,65,20.6521739130435,363,48.314606741573,39,32,42,63.3802816901408,44,48.3516483516484,107,0.115320302139192,97,0.13838436256703,339,NULL,6.9192181283515,124,4.61281208556766,340
2026,"Iona",55.9322033898305,90,42.4657534246575,20,62.7118644067797,329,6.15384615384615,290,59.2307692307692,311,20.7317073170732,8,63.8297872340426,40,6.77966101694915,77,38.2198952879581,208,38.6792452830189,156,52.5773195876289,178,44.6808510638298,57,0.0867020700119215,246,0.0953722770131137,166,NULL,7.80318630107294,179,10.4042484014306,53
2026,"Iowa",65.979381443299,2,39.2156862745098,45,78.021978021978,50,6.09756097560976,292,50,148,33.3333333333333,186,64.8148148148148,51,5.15463917525773,30,34.4594594594595,283,46.7532467532468,323,69.0476190476191,10,41.5384615384615,33,0.118848653667595,81,0.0643763540699474,30,NULL,9.40885174868462,278,12.3800680903745,16
2026,"Iowa St.",65.8385093167702,4,35.6435643564356,113,66.6666666666667,274,10.7438016528926,124,48.7603305785124,120,33.3333333333333,186,67.8571428571429,105,5.59006211180124,41,38.5496183206107,202,43.4579439252336,270,52.112676056338,184,52.2222222222222,167,0.174724851184103,2,0.0685195494839621,43,NULL,5.82416170613678,69,10.9631279174339,39
2026,"Jackson St.",35.8695652173913,361,29.2134831460674,266,68.0851063829787,245,7.6271186440678,238,56.7796610169492,281,36.046511627907,256,66.6666666666667,83,7.60869565217391,105,49.171270718232,34,42.156862745098,236,42.3728813559322,324,59.1836734693878,278,0.122151218684612,64,0.104054741842448,224,NULL,6.33376689475768,94,3.61929536843296,355
2026,"Jacksonville",56.3218390804598,87,31.3953488372093,215,57.5,355,6.54205607476636,271,56.0747663551402,272,32.2033898305085,161,78.2051282051282,318,10.3448275862069,215,49.7109826589595,31,35.5421686746988,101,50,217,60.7594936708861,297,0.0861141011840689,252,0.124387035043655,313,NULL,10.0466451381414,306,7.17617509867241,226
2026,"Jacksonville St.",47.2222222222222,269,38.0952380952381,67,69.5652173913043,210,11.4285714285714,104,48.5714285714286,115,21.4285714285714,10,93.75,365,0,1,36.8421052631579,234,44.4444444444444,287,48,260,39.1304347826087,18,0.0599138738064033,337,0.0748923422580041,58,NULL,4.49354053548025,21,5.99138738064033,293
2026,"James Madison",50,214,38.4615384615385,58,69.6969696969697,206,13.7254901960784,58,49.0196078431373,127,36.4864864864865,269,77.0491803278689,300,7.14285714285714,87,42.6229508196721,120,32.5991189427313,51,51.8181818181818,194,52.9411764705882,183,0.0694082942911678,316,0.0971716120076349,179,NULL,10.0642026722193,307,9.02307825785181,106
2026,"Kansas",61.7886178861789,32,36.4583333333333,93,71.9101123595506,168,21.2121212121212,7,45.4545454545455,64,25.2336448598131,30,62.5,25,5.69105691056911,43,43.8356164383562,102,44.7698744769874,296,57.6576576576577,101,49.4252873563218,122,0.0937485915175553,204,0.11538288186776,281,NULL,6.12971559922477,81,6.49028710506152,262
2026,"Kansas City",50.6756756756757,204,21.6666666666667,352,67.3076923076923,266,1.47058823529412,362,61.0294117647059,330,37.7049180327869,294,61.7647058823529,20,6.08108108108108,57,28.8461538461538,340,30.9644670050761,29,32.9545454545455,359,43.3962264150943,44,0.0794701986754967,283,0.0838852097130243,95,NULL,7.50551876379691,160,7.50551876379691,213
2026,"Kansas St.",60,45,45.6521739130435,8,72.9411764705882,147,11.1842105263158,111,52.6315789473684,203,33.6734693877551,200,68.75,118,6.45161290322581,64,37.246963562753,226,39.2,170,62.962962962963,48,55.7522123893805,239,0.0918974358974359,209,0.134564102564103,333,NULL,6.56410256410256,106,9.51794871794872,82
2026,"Kennesaw St.",58.6666666666667,58,30.188679245283,241,67.1641791044776,268,10,151,45.5555555555556,66,30.7692307692308,123,78.4810126582279,322,9.33333333333333,171,41.40625,150,30.2325581395349,21,45,297,45.2830188679245,64,0.0874044014359295,243,0.106133916029343,233,NULL,6.8674886842516,121,4.37022007179647,346
2026,"Kent St.",54.4378698224852,119,37.5838926174497,78,73.4567901234568,134,11.4942528735632,100,52.8735632183908,211,38.6666666666667,309,74.5901639344262,254,7.10059171597633,86,46.8553459119497,61,46.2962962962963,318,59.4594594594595,76,54,202,0.0905679906844352,218,0.0776297063009445,67,NULL,9.05679906844352,256,6.986673567085,235
2026,"Kentucky",66.2162162162162,1,34.2105263157895,142,72.5,160,12.8,71,41.6,25,26.7241379310345,52,67.3913043478261,97,8.10810810810811,122,43.5114503816794,106,48.1327800829876,337,60.5839416058394,66,61.4457831325301,308,0.0760324866079143,299,0.107136685674788,238,NULL,5.18403317781234,40,5.52963538966649,314
2026,"LIU",53.804347826087,130,42.5925925925926,18,56.3106796116505,360,12.6506024096386,72,49.3975903614458,140,39.5604395604396,325,66.6666666666667,83,5.97826086956522,55,22.6890756302521,365,35.408560311284,98,48.3606557377049,253,49.1525423728814,117,0.1090458488228,134,0.112350268484097,258,NULL,10.5741429161504,322,9.25237505163156,89
2026,"LSU",63.7931034482759,15,35.4838709677419,118,80.2197802197802,26,11.8110236220472,96,38.5826771653543,6,28.7671232876712,84,67.8571428571429,105,4.31034482758621,20,34.8314606741573,273,36.5,111,57.2916666666667,110,42.8571428571429,39,0.0685205276080626,319,0.0959287386512876,170,NULL,7.30885627819334,150,5.93844572603209,297
2026,"La Salle",44.2307692307692,312,39.6825396825397,42,77.4509803921569,59,6.29370629370629,284,54.5454545454545,241,34.0659340659341,211,71.6666666666667,184,15.3846153846154,340,28.7671232876712,341,38.8888888888889,163,62.7659574468085,50,61.4678899082569,309,0.0963052134456894,191,0.070376886748773,47,NULL,11.8529493471618,348,7.77849800907491,194
2026,"Lafayette",47.7124183006536,259,33.3333333333333,165,62.8205128205128,328,3.40136054421769,351,59.8639455782313,318,36.4485981308411,268,75.2808988764045,265,9.15032679738562,162,33.7662337662338,291,42.1259842519685,233,50.5050505050505,216,62.992125984252,326,0.0603559224248879,336,0.0958594062042338,169,NULL,8.87587094483646,245,7.10069675586917,227
2026,"Lamar",50.5882352941176,207,28.8888888888889,276,67.8571428571429,253,20.8333333333333,9,50,148,37.8378378378378,298,60,8,7.05882352941176,85,34.6153846153846,278,33.9449541284404,70,50,217,50,127,0.131843984618202,33,0.102545321369713,219,NULL,2.92986632484893,3,6.59219923091009,257
2026,"Le Moyne",52.1367521367521,169,35.7142857142857,111,75.6756756756757,85,9.52380952380952,175,44.2176870748299,51,45.4545454545455,360,80.5970149253731,346,8.54700854700855,140,45.5813953488372,80,40.2439024390244,190,65.625,25,64.5454545454545,335,0.0707995929023408,308,0.13097924686933,328,NULL,9.91194300632771,297,7.78795521925749,193
2026,"Lehigh",42.2680412371134,330,32.7868852459016,176,68,248,5.93220338983051,297,53.3898305084746,217,32.0754716981132,158,70.8333333333333,163,12.3711340206186,285,38.6075949367089,201,30.9941520467836,30,40.9836065573771,337,50,127,0.108387732479369,135,0.147801453380958,350,NULL,4.92671511269861,32,6.89740115777805,241
2026,"Liberty",61.6666666666667,35,47.3684210526316,5,76.6666666666667,68,6.84931506849315,267,49.3150684931507,138,35.1351351351351,238,78.0487804878049,314,8.33333333333333,131,48.7179487179487,36,33.6363636363636,66,53.125,169,44.8979591836735,60,0.0997219292357848,171,0.0460255058011315,8,NULL,6.13673410681753,83,9.20510116022629,94
2026,"Lindenwood",48.4076433121019,249,24.6753246753247,337,62.5,331,8.2089552238806,225,55.9701492537313,270,38.8429752066116,313,70.5263157894737,159,9.55414012738854,180,32.9059829059829,311,47.4509803921569,333,46.3157894736842,281,55.7377049180328,238,0.115221595819102,99,0.121805687008765,299,NULL,8.55931854656187,231,6.91329574914613,240
2026,"Lipscomb",47.4226804123711,264,26.9662921348315,305,86.3636363636364,3,5.30973451327434,318,59.2920353982301,312,47.0588235294118,363,66.6666666666667,83,13.4020618556701,313,47.8494623655914,46,37.5690607734807,133,64.2857142857143,37,54.5454545454545,215,0.0816228543992318,275,0.12483495378706,314,NULL,6.24174768935302,89,5.76161325171048,303
2026,"Little Rock",45.2173913043478,299,47.7272727272727,2,56.4102564102564,357,7.4468085106383,243,57.4468085106383,288,41.8918918918919,347,70,149,4.34782608695652,21,27.6729559748428,351,44.0476190476191,278,52.0547945205479,186,62.3529411764706,317,0.0884466556108347,234,0.152324795774215,353,NULL,13.2669983416252,360,8.35329525213439,151
2026,"Long Beach St.",47.1014492753623,273,29.0322580645161,270,62.6865671641791,330,6.10687022900763,291,52.6717557251908,205,34.1463414634146,214,75.8620689655172,281,7.2463768115942,91,40.2597402597403,169,38.4976525821596,151,46.7391304347826,275,52.5773195876289,174,0.0858791429977188,255,0.107348928747149,240,NULL,9.30357382475287,268,10.3770631122244,56
2026,"Longwood",47.008547008547,274,23.943661971831,343,82.5581395348837,13,6.81818181818182,268,57.9545454545455,296,33.3333333333333,186,67.5324675324675,101,10.2564102564103,209,37.7659574468085,216,46.9879518072289,326,52.7777777777778,175,55.8441558441558,242,0.140047849681975,21,0.051350878216724,11,NULL,6.53556631849215,105,7.46921864970532,214
2026,"Louisiana",47.9338842975207,256,30.8510638297872,232,66.1538461538462,288,9.73451327433628,165,52.212389380531,195,36.231884057971,261,70.4,156,9.91735537190083,198,43.7209302325581,104,37.9120879120879,142,41.3793103448276,334,54.7619047619048,221,0.082962962962963,267,0.0869135802469136,109,NULL,10.6666666666667,323,8.69135802469136,131
2026,"Louisiana Monroe",48.5294117647059,246,34.7826086956522,131,63.8888888888889,313,5.29801324503311,320,56.953642384106,282,35.0877192982456,236,72.3076923076923,203,14.7058823529412,333,40.3508771929825,168,43.0188679245283,261,50,217,61.9047619047619,312,0.0893355667225014,226,0.113387450070867,270,NULL,8.24636000515397,203,8.24636000515397,162
2026,"Louisiana Tech",44.7368421052632,304,18.4210526315789,363,60.4166666666667,347,20.3389830508475,10,44.0677966101695,49,26.4150943396226,46,75.5555555555556,271,7.89473684210526,115,33.3333333333333,299,47.3214285714286,331,51.219512195122,203,65,337,0.0915419090302279,211,0.122055878706971,303,NULL,7.62849241918566,172,9.15419090302279,97
2026,"Louisville",65.0793650793651,10,36.4285714285714,94,73.6434108527132,128,7.80141843971631,235,43.9716312056738,48,32.0754716981132,158,72.5,208,11.9047619047619,266,52.6315789473684,11,42.914979757085,259,67.6691729323308,14,42.7083333333333,37,0.144398539970318,18,0.0802214110946212,78,NULL,6.09682724319121,78,7.38036982070515,219
2026,"Loyola Chicago",47.4074074074074,265,34.0425531914894,147,73.109243697479,142,14.8809523809524,44,46.4285714285714,78,41.6,344,80.7339449541284,348,20,362,51.0869565217391,22,42.6621160409556,252,63.3928571428571,43,59.2307692307692,280,0.0695599576591562,314,0.081657341599879,87,NULL,9.37547255406018,275,7.86329956146983,184
2026,"Loyola MD",58.6466165413534,59,27.1739130434783,300,65.2173913043478,301,10.4938271604938,133,53.0864197530864,213,25.6410256410256,34,73.134328358209,221,5.26315789473684,34,40.8888888888889,158,32.5,48,37.8640776699029,352,39.622641509434,23,0.096189419163892,193,0.0813910469848317,85,NULL,8.50906400295967,226,7.76914539400666,196
2026,"Loyola Marymount",53.5483870967742,136,41.7910447761194,24,56.3829787234043,358,7.29166666666667,249,43.75,43,31.3725490196078,142,76.4705882352941,290,6.45161290322581,64,46.3667820069204,71,34.6938775510204,85,57.5539568345324,103,53.448275862069,191,0.0805726412718967,280,0.0920830185964534,145,NULL,8.92054242653142,246,9.20830185964534,93
2026,"Maine",46.031746031746,285,29.4871794871795,256,64.7887323943662,304,11.4649681528662,102,52.2292993630573,196,22.0779220779221,15,65,57,12.6984126984127,292,38.2352941176471,207,32.9059829059829,58,53.0864197530864,170,51.5151515151515,153,0.114554944801146,105,0.103468982401035,221,NULL,9.97736616009977,302,7.02110952007021,230
2026,"Manhattan",47.1428571428571,271,35.4430379746835,119,75.9259259259259,78,5.31914893617021,314,52.6595744680851,204,35.3658536585366,243,75,259,9.28571428571429,170,36.0730593607306,250,30.3703703703704,24,45.7446808510638,291,45.3125,65,0.109308885754584,131,0.0987306064880113,194,NULL,7.40479548660085,154,4.23131170662905,348
2026,"Marist",50.9615384615385,197,32.1428571428571,194,68.8888888888889,227,20,12,41.1764705882353,19,25.8064516129032,37,72.289156626506,202,6.73076923076923,74,35,268,42.1768707482993,237,63.3802816901408,44,60.7843137254902,298,0.137659783677483,24,0.117994100294985,289,NULL,10.8161258603736,328,8.84955752212389,117
2026,"Marquette",52.3809523809524,163,31.6546762589928,208,74.2424242424242,114,7.32984293193717,247,46.5968586387435,82,33.6283185840708,199,75.7009345794392,276,6.87830687830688,79,42.3780487804878,127,37.1710526315789,123,57.3426573426573,106,62.2047244094488,314,0.130575263981879,37,0.0906032443955898,135,NULL,6.39552313380634,97,7.46144365610739,215
2026,"Marshall",60.8695652173913,41,38.2113821138211,64,72.7272727272727,151,13.4228187919463,65,53.0201342281879,212,33.0097087378641,185,69.0265486725664,126,10.4347826086957,219,51.6806722689076,18,40.8730158730159,200,70.9401709401709,4,60.1769911504425,287,0.0951990151826016,197,0.137874435781699,337,NULL,9.19162905211325,265,7.87853918752565,183
2026,"Maryland",55.0847457627119,109,30,244,82.7586206896552,11,6.92307692307692,265,47.6923076923077,97,31.3725490196078,142,71.25,177,15.2542372881356,339,45.8715596330275,75,43.9655172413793,277,52.6315789473684,177,54.2553191489362,207,0.0907346012912232,217,0.0942243936485779,161,NULL,9.77141860059326,292,12.9122317222125,8
2026,"Maryland Eastern Shore",36.8794326241135,359,20.5128205128205,356,61.5384615384615,339,8.27067669172932,222,60.1503759398496,321,22.1374045801527,16,73.6842105263158,234,13.4751773049645,315,35.6164383561644,257,49.6212121212121,347,57.3529411764706,104,59.6330275229358,282,0.054483541430193,348,0.188876276958002,365,NULL,11.6231555051078,345,8.71736662883087,129
2026,"Massachusetts",53.7974683544304,131,34.4444444444444,140,63.0630630630631,324,4,342,52.8,209,32.3232323232323,167,68.3168316831683,113,8.86075949367089,152,36.2903225806452,244,44.1964285714286,281,65.5172413793103,28,66.3265306122449,346,0.0968210424398903,188,0.122639987090528,305,NULL,8.39115701145716,213,12.2639987090528,17
2026,"McNeese",55.9322033898305,90,37.8378378378378,74,75.8064516129032,80,19.4029850746269,13,38.8059701492537,7,33.9622641509434,208,72.9166666666667,216,10.1694915254237,205,38.5416666666667,203,44.1666666666667,280,61.7021276595745,56,54.5454545454545,215,0.126747437092265,43,0.059645852749301,24,NULL,12.6747437092265,354,11.1835973904939,33
2026,"Memphis",48.3333333333333,250,32.3076923076923,188,68.4210526315789,237,8.91089108910891,197,55.4455445544554,262,35.7142857142857,248,69.0476190476191,127,8.33333333333333,131,35.1351351351351,265,40.9356725146199,203,63.2911392405063,47,59.2592592592593,281,0.130630630630631,36,0.121621621621622,297,NULL,5.40540540540541,47,3.6036036036036,356
2026,"Mercer",53.0434782608696,150,27.3972602739726,295,66.6666666666667,274,9.16666666666667,187,54.1666666666667,234,39.1891891891892,318,69.4915254237288,138,6.95652173913043,82,38.8297872340426,194,38.1443298969072,145,43.2098765432099,316,56.3829787234043,246,0.131960639326546,32,0.0773562368465958,65,NULL,6.82555030999374,117,5.46044024799499,317
2026,"Mercyhurst",51.048951048951,192,27.1604938271605,301,70,197,13.8461538461538,55,46.1538461538462,73,26.865671641791,58,72.8,214,10.4895104895105,223,36.1607142857143,247,34.010152284264,73,65.2631578947368,30,58.974358974359,276,0.102151808938283,164,0.0794514069519981,72,NULL,9.08016079451407,259,10.5935209269331,48
2026,"Merrimack",40,347,33.6134453781513,162,79.1208791208791,37,8.66666666666667,207,56.6666666666667,279,32.5,172,71.9626168224299,189,19.047619047619,361,53.125,8,34.7826086956522,88,52.4390243902439,180,54.954954954955,229,0.0979947373196624,183,0.0979947373196624,189,NULL,9.79947373196624,294,7.98475637419472,176
2026,"Miami FL",57.1428571428571,78,33.8028169014084,153,68.75,229,12.3076923076923,85,48.4615384615385,112,27.6785714285714,70,61.3636363636364,16,9.34065934065934,172,28.0632411067194,346,46.2809917355372,317,65.625,25,50,127,0.112582781456954,112,0.0794701986754967,74,NULL,6.29139072847682,91,8.27814569536424,161
2026,"Miami OH",58.2089552238806,63,36.3636363636364,95,78.125,46,12.3076923076923,85,49.2307692307692,133,35.8974358974359,252,71.0526315789474,172,4.47761194029851,24,45.0819672131148,85,37.5,129,42.3728813559322,324,54.3478260869565,209,0.0988526037069726,178,0.105913503971756,232,NULL,5.64872021182701,58,12.0035304501324,20
2026,"Michigan",62.3853211009174,28,36.8421052631579,89,75.7142857142857,83,17.4603174603175,21,40.4761904761905,13,33.3333333333333,186,76.4705882352941,290,10.0917431192661,203,41.0810810810811,154,40,183,68.75,11,49.3670886075949,120,0.0684528584416279,321,0.111235894967645,251,NULL,8.98443767046366,249,8.12877693994331,169
2026,"Michigan St.",54.6218487394958,116,21.6666666666667,352,67.0454545454545,272,15.2941176470588,37,50.5882352941176,162,30.952380952381,135,65.9574468085106,73,7.56302521008403,102,33.5195530726257,294,49.7041420118343,348,78.2051282051282,1,57.9710144927536,264,0.108074915566472,137,0.112987411728585,266,NULL,4.91249616211237,31,6.87749462695732,243
2026,"Middle Tennessee",65.7142857142857,5,26.9230769230769,306,58.8235294117647,353,2.5,360,57.5,289,21.4285714285714,10,70.8333333333333,163,2.85714285714286,3,42.6229508196721,120,25.9259259259259,4,36.6666666666667,356,50,127,0.0982628531321284,181,0.0982628531321284,191,NULL,5.61502017897877,54,7.01877522372346,231
2026,"Milwaukee",51.2820512820513,188,35.1351351351351,124,63.2478632478633,321,6.98924731182796,263,50,148,41.1764705882353,338,76.6666666666667,293,9.74358974358974,187,36.2745098039216,245,39.0163934426229,166,46.0431654676259,284,57.7464788732394,259,0.0891892833501725,229,0.0808277880360938,83,NULL,7.24662927220151,145,8.36149531407867,150
2026,"Minnesota",57.7464788732394,68,28.0487804878049,288,65.8536585365854,294,10.3448275862069,142,43.448275862069,41,36.6197183098592,272,62.7906976744186,30,14.0845070422535,329,36.6071428571429,239,32.8703703703704,56,69.5238095238095,8,51.685393258427,155,0.116305483621825,93,0.079960019990005,77,NULL,8.3594566353187,211,7.6325473626823,202
2026,"Mississippi",52.9801324503311,153,40.2298850574713,32,73.2673267326733,138,15.9090909090909,31,46.969696969697,90,30.3370786516854,110,63.2183908045977,35,8.60927152317881,143,36.5546218487395,240,40.2714932126697,191,58.2608695652174,94,60.6741573033708,295,0.114539072602993,107,0.0886754110474783,119,NULL,3.69480879364493,8,6.28117494919638,275
2026,"Mississippi St.",53.7735849056604,132,35.8974358974359,107,70.4918032786885,187,11.1111111111111,112,50.3703703703704,157,24.2424242424242,25,76.3636363636364,288,15.0943396226415,338,42.3913043478261,126,32.8358208955224,55,55.2941176470588,138,48.8095238095238,111,0.0995249943451708,176,0.131192038000452,329,NULL,9.04772675865189,254,4.52386337932594,344
2026,"Mississippi Valley St.",44.3349753694581,310,26.0869565217391,324,87.012987012987,2,9.52380952380952,175,59.5238095238095,315,34.2105263157895,215,70.8609271523179,167,3.94088669950739,12,31.1864406779661,326,47.5,334,39.4736842105263,345,62.5,320,0.0980525670706796,182,0.130736756094239,327,NULL,9.53288846520496,287,3.26841890235599,360
2026,"Missouri",62.82722513089,21,44,13,64.3939393939394,310,9.03225806451613,192,43.8709677419355,45,34.0136054421769,209,73.3333333333333,224,3.1413612565445,5,34.3642611683849,285,48.6754966887417,342,50.609756097561,214,54.2372881355932,206,0.118547108691157,85,0.102005651664484,215,NULL,8.82211041422565,240,6.34089186022469,270
2026,"Missouri St.",49.2957746478873,235,20,358,70.4918032786885,187,12.5,76,50,148,30.7692307692308,123,63.0434782608696,33,12.6760563380282,291,33.0188679245283,309,30.7086614173228,28,57.1428571428571,111,57.1428571428571,254,0.128454322656976,39,0.101411307360771,210,NULL,9.46505535367193,283,8.11290458886166,172
2026,"Monmouth",45.9016393442623,286,29.4117647058824,257,72.7272727272727,151,20.2380952380952,11,36.9047619047619,4,32.5,172,76.3636363636364,288,16.3934426229508,352,35.7894736842105,254,32.258064516129,46,55.2631578947368,139,65.9090909090909,344,0.0826989944554083,271,0.165397988910817,361,NULL,10.525326567052,316,6.76628136453341,248
2026,"Montana",58.7719298245614,57,31.8181818181818,201,86.3013698630137,4,6.33802816901408,280,54.9295774647887,244,30.6666666666667,121,65.0793650793651,59,8.7719298245614,149,36.6666666666667,237,34.5622119815668,84,51.1363636363636,206,43.5643564356436,48,0.0465509944985188,362,0.118493440541684,292,NULL,7.19424460431655,143,7.61743546339399,204
2026,"Montana St.",56.9343065693431,80,30.9278350515464,230,64.5833333333333,308,4.63576158940397,331,54.9668874172185,245,30.4347826086957,113,75,259,7.2992700729927,94,41.4529914529915,147,31.3636363636364,33,29.6296296296296,363,48.0769230769231,103,0.0775623268698061,289,0.0775623268698061,66,NULL,8.4949215143121,223,8.12557710064635,170
2026,"Morehead St.",44.0677966101695,314,25.9259259259259,326,72.9166666666667,148,10.3448275862069,142,55.1724137931034,252,38.4615384615385,306,68.9189189189189,123,16.1016949152542,349,40.7035175879397,161,43.9613526570048,276,41.0958904109589,336,63.6363636363636,327,0.0956828795990432,195,0.141246155598588,342,NULL,6.83449139993166,119,5.46759311994532,316
2026,"Morgan St.",40.6015037593985,340,39.1304347826087,47,78.6666666666667,41,10,151,64,349,30.9859154929577,137,65.9340659340659,72,15.7894736842105,345,25.6983240223464,358,41.5204678362573,215,44.4444444444444,302,63.953488372093,329,0.055833430266372,345,0.088402931255089,115,NULL,10.2361288821682,310,11.1666860532744,34
2026,"Mount St. Mary's",50.9433962264151,199,32.3232323232323,187,56.9444444444444,356,4.31654676258993,336,48.2014388489209,109,27.0833333333333,65,65.0943396226415,60,14.1509433962264,330,48.2926829268293,40,40.8510638297872,199,63.953488372093,40,48.3870967741936,109,0.04731143662997,358,0.123737603493768,308,NULL,13.1016286052225,359,7.64261668637977,200
2026,"Murray St.",60.7692307692308,42,36.5853658536585,92,80.3571428571429,25,7.88177339901478,233,44.8275862068966,59,34.3283582089552,220,81.7073170731707,352,9.23076923076923,165,48.6166007905138,37,24.8148148148148,3,58.8709677419355,82,37.719298245614,11,0.105237981344176,144,0.12437215977039,312,NULL,4.78354460655346,26,10.5237981344176,49
2026,"N.C. State",64.5161290322581,12,43.0894308943089,17,77.7777777777778,52,9.09090909090909,189,51.2396694214876,175,27.027027027027,61,64.3564356435644,44,6.45161290322581,64,49.7975708502024,30,47.8448275862069,335,55.6390977443609,134,51.0869565217391,149,0.115200542120198,100,0.10503578840371,228,NULL,4.40472661047817,18,8.80945322095633,123
2026,"NJIT",48.7603305785124,242,36,105,69.0476190476191,223,9.33333333333333,181,44.6666666666667,57,26.3157894736842,41,65.8823529411765,71,11.5702479338843,260,45.2488687782805,81,43.1818181818182,263,51.5789473684211,198,45.360824742268,68,0.0772912915550481,291,0.0983707347064248,192,NULL,10.5397215756884,320,9.13442536559659,98
2026,"Navy",53.0973451327434,148,32.6086956521739,180,75.7575757575758,81,6.36363636363636,279,55.4545454545455,263,31.8181818181818,152,74.6031746031746,255,11.5044247787611,259,28.9308176100629,339,37.5,129,57.3333333333333,107,50,127,0.119825055419088,78,0.143790066502906,347,NULL,6.23090288179258,88,4.31370199508717,347
2026,"Nebraska",61.1111111111111,38,38.4,59,73.4177215189873,137,5.96026490066225,295,44.3708609271523,53,29.2452830188679,92,83.6734693877551,361,11.1111111111111,239,49.800796812749,29,41.2451361867704,210,66.4,20,48.9795918367347,112,0.111927247289262,116,0.0734522560335782,54,NULL,5.24658971668416,43,9.09408884225254,100
2026,"Nebraska Omaha",51.4084507042254,186,38.3720930232558,60,75.2808988764045,90,6.2992125984252,283,59.8425196850394,317,30.9090909090909,133,82.6923076923077,357,7.74647887323944,107,37.719298245614,217,46.4135021097046,321,44.3396226415094,303,50.9090909090909,148,0.118122204368784,86,0.0972771094801755,180,NULL,7.64320145915664,174,5.21127372215226,328
2026,"Nevada",46.4285714285714,280,30.4878048780488,238,72.65625,154,12.2302158273381,87,55.3956834532374,260,35.0515463917526,234,64.9350649350649,56,13.6904761904762,320,32.8,314,41.1016949152542,205,59.2233009708738,79,60.3603603603604,288,0.0859637340496978,254,0.0644728005372733,31,NULL,6.08909782852026,77,5.73091560331319,305
2026,"New Hampshire",40.5940594059406,341,26.4705882352941,317,75,92,4.80769230769231,328,56.7307692307692,280,29.8245614035088,102,76.7441860465116,294,12.8712871287129,295,40.2366863905325,170,35.4037267080745,97,45.7627118644068,289,53.9473684210526,200,0.092423689650979,208,0.107016903806397,237,NULL,11.1881308524869,336,3.89152377477806,352
2026,"New Haven",50.6024096385542,206,26.3736263736264,319,67.1232876712329,269,5.81395348837209,300,51.1627906976744,172,35.1851851851852,241,75.8620689655172,281,7.83132530120482,112,35.408560311284,261,38.5714285714286,153,38.8888888888889,348,43.6507936507937,49,0.100303951367781,169,0.11854103343465,293,NULL,10.3343465045593,312,7.29483282674772,222
2026,"New Mexico",54.1095890410959,124,29.3478260869565,260,72.6190476190476,156,10.7843137254902,122,50,148,27.1186440677966,66,75.6756756756757,274,8.21917808219178,127,38.6554621848739,200,53.6363636363636,359,48.1132075471698,257,49.3975903614458,121,0.131427049107539,35,0.0781458129828612,68,NULL,8.16978953911731,198,10.3010389841044,58
2026,"New Mexico St.",54.1666666666667,121,31.25,216,76.9230769230769,65,14.8148148148148,45,55.5555555555556,264,28.5714285714286,82,82.3529411764706,355,4.16666666666667,18,57.1428571428571,3,50.9090909090909,353,65.2173913043478,32,43.4782608695652,45,0.121742438653224,66,0.0608712193266121,26,NULL,6.08712193266121,76,7.60890241582652,205
2026,"New Orleans",45.7142857142857,290,38.8059701492537,51,73.4375,135,6.42201834862385,275,54.1284403669725,233,19.7530864197531,3,72.7272727272727,212,13.3333333333333,310,38.953488372093,189,42.6315789473684,249,54.0540540540541,158,53.3333333333333,188,0.0700607192900514,311,0.112097150864082,253,NULL,8.40728631480617,217,3.26950023353573,359
2026,"Niagara",47.244094488189,268,37.8048780487805,75,73.6111111111111,129,9.84848484848485,161,48.4848484848485,113,36.9047619047619,277,77.6119402985075,310,11.0236220472441,238,39.2344497607655,184,38.8888888888889,163,57.1428571428571,111,55.7894736842105,240,0.107069451747048,141,0.0726542708283543,52,NULL,9.55977247741504,288,7.26542708283543,224
2026,"Nicholls",43.609022556391,317,26.9230769230769,306,66.6666666666667,274,8.75912408759124,203,51.0948905109489,170,37.3493975903614,287,73.0769230769231,220,12.781954887218,294,43.8818565400844,100,37.7272727272727,136,46.5116279069767,277,62.3762376237624,318,0.129258112292985,38,0.0969435842197388,176,NULL,8.97625779812396,248,7.89910686234909,181
2026,"Norfolk St.",39.4957983193277,350,28.3333333333333,285,56.3636363636364,359,11.5384615384615,98,55.1282051282051,251,22.3529411764706,17,69.0140845070423,125,12.6050420168067,289,33.5195530726257,294,52.1472392638037,357,48.4375,250,56.4516129032258,247,0.0867678958785249,245,0.107183871379354,239,NULL,8.16639020033176,197,8.67678958785249,133
2026,"North Alabama",45.3947368421053,296,33.7209302325581,158,69.4117647058823,212,13.6054421768707,60,55.1020408163265,250,32.3809523809524,170,73.5632183908046,228,11.8421052631579,265,36.1344537815126,248,41.6666666666667,222,43.8775510204082,306,53.0434782608696,185,0.104561023976924,148,0.129799891833423,323,NULL,4.32666306111412,14,2.88444204074274,364
2026,"North Carolina",62.5,24,32.1739130434783,193,69.9186991869919,199,15.5405405405405,34,35.1351351351351,3,30.9090909090909,133,65.3333333333333,62,6.61764705882353,71,45.8167330677291,76,42.6356589147287,250,61.4754098360656,59,45.3488372093023,66,0.100831862868667,168,0.0907486765817999,139,NULL,5.71380556255777,60,7.05823040080666,228
2026,"North Carolina A&T",49.4505494505495,230,29.0322580645161,270,72.7272727272727,151,11.2676056338028,108,45.0704225352113,61,42.5531914893617,354,59.1836734693878,5,6.59340659340659,68,25.4098360655738,360,39.8305084745763,181,50,217,67.3076923076923,353,0.146777281429483,14,0.0893426930440332,125,NULL,10.8487555839183,329,8.93426930440332,115
2026,"North Carolina Central",32.6388888888889,365,30,244,76.6666666666667,68,6.73076923076923,269,65.3846153846154,355,39.2307692307692,320,69.9115044247788,148,20.8333333333333,364,35.7142857142857,256,55.5555555555556,362,57.7464788732394,98,71.4285714285714,362,0.0926912916531492,206,0.0889836399870232,121,NULL,8.52759883208972,227,5.19071233257635,329
2026,"North Dakota",53.5483870967742,136,29.1666666666667,267,55.1282051282051,363,6.25,285,66.40625,359,33.7209302325581,203,70.7547169811321,162,9.67741935483871,185,38.2470119521912,206,40.1869158878505,188,48.6486486486486,245,64.0350877192982,330,0.152697658635901,11,0.0678656260604004,41,NULL,6.44723447573804,99,8.82253138785205,120
2026,"North Dakota St.",52.027027027027,175,26.5151515151515,314,80,27,9.375,179,55,246,34.2857142857143,217,72.2222222222222,198,6.08108108108108,57,47.1428571428571,58,30.4347826086957,25,54.4642857142857,152,49.1071428571429,115,0.12639849688274,44,0.0990690921513366,200,NULL,4.09941070971048,11,9.90690921513366,65
2026,"North Florida",42.8571428571429,322,26.984126984127,302,73.5294117647059,132,1.0752688172043,364,67.741935483871,362,23.728813559322,23,67.3076923076923,96,23.8095238095238,365,50,28,38.8157894736842,159,34.0909090909091,358,62.3376623376623,316,0.0962000962000962,192,0.115440115440115,282,NULL,9.62000962000962,289,8.337341670675,154
2026,"North Texas",39.5833333333333,348,36.3636363636364,95,74.6835443037975,106,22.3214285714286,2,42.8571428571429,34,31.1111111111111,138,75.7009345794392,276,9.02777777777778,158,34.841628959276,272,44.5544554455446,290,52.9411764705882,172,57.8947368421053,262,0.109944046333562,124,0.0824580347501718,90,NULL,9.42377540001963,280,9.81643270835378,70
2026,"Northeastern",49.6815286624204,223,30.7692307692308,233,69.4736842105263,211,8.3969465648855,217,53.4351145038168,219,32.2222222222222,162,79.1666666666667,332,10.1910828025478,206,33.1914893617021,304,40.7239819004525,198,50,217,53.5353535353535,192,0.118635689569946,84,0.086280501505415,105,NULL,6.83053970251202,118,8.98755224014739,110
2026,"Northern Arizona",34.7368421052632,364,35,126,63.1578947368421,323,4.16666666666667,340,51.3888888888889,177,37.5,289,76.7441860465116,294,14.7368421052632,334,29.6296296296296,337,40,183,53.1914893617021,166,63.6363636363636,327,0.11410233553218,108,0.0855767516491353,100,NULL,7.8445355678374,183,5.70511677660902,307
2026,"Northern Colorado",58.3333333333333,62,34.6153846153846,136,76,77,12,91,46,72,21.7391304347826,12,66.6666666666667,83,11.1111111111111,239,41.9354838709677,135,31.5068493150685,36,50,217,39.2857142857143,21,0.048448145344436,356,0.133232399697199,331,NULL,10.9008327024981,331,8.47842543527631,141
2026,"Northern Illinois",52.1276595744681,170,38.8059701492537,51,73.0769230769231,144,4.95049504950495,325,61.3861386138614,333,35.0649350649351,235,79.4871794871795,335,9.57446808510638,182,41.6149068322981,143,43.2584269662921,266,56,129,50.561797752809,145,0.0634776694627069,334,0.113352981183405,269,NULL,14.0557696667422,364,10.4284742688733,52
2026,"Northern Iowa",57.8947368421053,67,36.6197183098592,91,70.2127659574468,194,15.1162790697674,42,53.4883720930233,220,20.5479452054795,7,66.6666666666667,83,7.36842105263158,98,42.7710843373494,117,45.9119496855346,313,59.2592592592593,78,45.9016393442623,75,0.115252113999374,98,0.0701534606952709,45,NULL,7.01534606952709,130,13.5295959912308,3
2026,"Northern Kentucky",45.9016393442623,286,26.6666666666667,311,55.5555555555556,362,7.04225352112676,261,61.9718309859155,334,42.1052631578947,350,73.9130434782609,240,9.83606557377049,192,49.5867768595041,32,34.8623853211009,89,50,217,61.6666666666667,311,0.148056755089451,13,0.162157398431303,358,NULL,7.05032167092624,134,6.34528950383361,269
2026,"Northwestern",58.0645161290323,66,40,36,69.0721649484536,222,12.3287671232877,84,40.4109589041096,11,29.6703296703297,99,70,149,4.51612903225806,26,32.6086956521739,315,38.3966244725738,148,63.3333333333333,46,65.1162790697674,340,0.111405096783178,119,0.0557025483915889,16,NULL,7.42700645221186,155,9.28375806526482,87
2026,"Northwestern St.",45.6310679611651,292,33.3333333333333,165,76.6233766233766,70,8.18181818181818,226,58.1818181818182,300,39.1304347826087,316,68.2926829268293,112,15.5339805825243,343,33.1168831168831,306,38.5474860335196,152,50,217,56.043956043956,244,0.124245863449017,55,0.143360611671943,346,NULL,6.21229317245087,86,4.77868705573144,337
2026,"Notre Dame",55.0724637681159,110,41.2371134020619,27,68.9655172413793,226,3.73134328358209,347,45.5223880597015,65,30.4347826086957,113,69.7368421052632,145,7.97101449275362,118,41.2765957446809,152,40.7079646017699,197,47.4137931034483,269,52.8089887640449,182,0.0910042316967739,214,0.083723893161032,94,NULL,9.46444009646449,282,8.7364062428903,128
2026,"Oakland",43.5897435897436,318,35.2272727272727,123,79.4117647058823,33,4.66666666666667,329,61.3333333333333,332,38.7096774193548,311,73.7704918032787,237,15.3846153846154,340,36.0655737704918,251,45.2554744525547,303,48.4848484848485,247,67.1428571428571,352,0.0567099375304594,343,0.0708874219130743,49,NULL,8.15205352000354,196,4.9621195339152,336
2026,"Ohio",54.140127388535,123,28.5714285714286,280,68.2926829268293,241,7.2463768115942,254,53.6231884057971,222,40.9090909090909,336,76.9230769230769,299,8.9171974522293,153,34.8547717842324,271,44.3548387096774,285,44.0366972477064,304,57.9831932773109,265,0.0652724696182419,330,0.0927556147206596,149,NULL,7.55786490316486,166,10.3061794134066,57
2026,"Ohio St.",65.1376146788991,8,38,69,78.5123966942149,42,4.08163265306122,341,54.421768707483,240,29.4736842105263,97,64.6153846153846,48,3.6697247706422,9,47.8468899521531,47,39.2561983471074,173,62.3853211009174,52,43.5185185185185,47,0.0697654137961106,313,0.0802302258655272,79,NULL,9.41833086247493,279,9.76715793145548,73
2026,"Oklahoma",63.7037037037037,16,34.1463414634146,143,81.4814814814815,18,9.65909090909091,169,50.5681818181818,160,36.2637362637363,263,71.875,188,5.92592592592593,51,47.6744186046512,49,34.0823970037453,76,48.4375,250,52.4590163934426,171,0.0863744331677823,250,0.0967393651479162,173,NULL,6.21895918808033,87,5.52796372273807,315
2026,"Oklahoma St.",57.396449704142,74,29,275,75.4716981132076,87,10,151,42.8571428571429,34,26.7241379310345,52,72.1518987341772,197,14.792899408284,336,37.1747211895911,227,45.3125,305,51.5873015873016,197,57.1428571428571,254,0.120658860885096,74,0.0793808295296686,71,NULL,9.52569954356023,286,6.03294304425481,291
2026,"Old Dominion",48.4536082474227,248,33.3333333333333,165,73.6842105263158,127,9.64912280701754,170,56.140350877193,273,26.984126984127,59,77.2151898734177,305,11.340206185567,253,41.566265060241,144,35.5932203389831,102,52.8571428571429,174,43.2098765432099,43,0.0769971126082772,296,0.110683349374398,248,NULL,10.1058710298364,308,6.73724735322425,250
2026,"Oral Roberts",52.8735632183908,154,25.7425742574257,328,70.5882352941177,186,17.7966101694915,20,53.3898305084746,217,39.1304347826087,316,71.0843373493976,173,5.74712643678161,46,53.7234042553191,7,36.8983957219251,119,43.0555555555556,319,54.4444444444444,213,0.102844287321228,162,0.0814183941293053,86,NULL,8.57035727676898,232,9.42739300444587,85
2026,"Oregon",48.7179487179487,243,31.4814814814815,213,68.0672268907563,246,16.1764705882353,29,44.1176470588235,50,30.7692307692308,123,72.463768115942,206,8.54700854700855,140,48,45,43.3333333333333,269,56.043956043956,127,43.4782608695652,45,0.099590965676685,173,0.103147785879424,220,NULL,8.536368486573,228,9.60341454739463,78
2026,"Oregon St.",52.5773195876289,159,33.3333333333333,165,79.8076923076923,30,7.25806451612903,253,52.4193548387097,200,30.7692307692308,123,72.4137931034483,205,9.27835051546392,169,50.5102040816327,26,45.6140350877193,309,60.7142857142857,64,54.639175257732,218,0.0827495415863463,270,0.112840283981381,264,NULL,9.02722271851051,252,8.65108843857257,134
2026,"Pacific",55,113,36.7647058823529,90,74.1935483870968,116,6.45161290322581,273,44.3548387096774,52,28.125,75,64.6341463414634,49,14,327,40.4761904761905,165,34.0425531914894,74,51.25,202,41.0958904109589,30,0.065359477124183,329,0.130718954248366,326,NULL,7.00280112044818,129,7.00280112044818,234
2026,"Penn",39.3162393162393,352,43.2835820895522,15,79.746835443038,31,10.377358490566,140,57.5471698113208,291,33.6842105263158,202,75.4098360655738,267,9.4017094017094,174,36.4130434782609,242,47.2636815920398,328,49.3333333333333,233,58.0645161290323,266,0.0951351351351351,198,0.0821621621621622,88,NULL,9.94594594594595,298,8.21621621621622,164
2026,"Penn St.",59.0909090909091,54,39.0243902439024,48,68.5714285714286,234,2.98507462686567,357,53.7313432835821,223,27.0588235294118,64,82.6086956521739,356,3.8961038961039,11,34.7457627118644,275,38.8127853881279,158,51.219512195122,203,54.7368421052632,220,0.117624739138683,88,0.0569151963574274,20,NULL,5.31208499335989,45,9.86530070195409,68
2026,"Pepperdine",43.9024390243902,315,25,335,76.7441860465116,67,10.4477611940299,134,61.1940298507463,331,29.7872340425532,101,74.5098039215686,252,13.4146341463415,314,38.8059701492537,195,41.2280701754386,209,44.8979591836735,299,47.2727272727273,92,0.116979184586272,90,0.0756924135558232,60,NULL,8.2573542060898,204,8.94546705659728,113
2026,"Pittsburgh",49.7005988023952,222,38.1818181818182,66,67.6190476190476,259,12.5714285714286,75,41.1428571428571,18,27.6785714285714,70,78.4090909090909,321,11.377245508982,255,39.7111913357401,177,39.0243902439024,167,58.4,93,49.5145631067961,124,0.0931385435835806,205,0.0931385435835806,154,NULL,10.2151951027153,309,6.00893829571488,292
2026,"Portland",51,194,24.5901639344262,338,67.816091954023,256,10.1010101010101,149,48.4848484848485,113,30.7692307692308,123,83.3333333333333,359,9,156,37.888198757764,212,47.8947368421053,336,63.6363636363636,41,65.7894736842105,342,0.0899230034283145,221,0.112403754285393,259,NULL,10.7907604113977,327,11.2403754285393,31
2026,"Portland St.",50.4672897196262,209,43.8356164383562,14,69.0909090909091,221,5.35714285714286,312,49.1071428571429,130,38.9830508474576,314,77.7777777777778,312,10.2803738317757,212,40.5555555555556,163,34.5029239766082,81,55.8139534883721,131,48.7179487179487,110,0.0672834314550042,325,0.112139052425007,255,NULL,10.7653490328007,326,13.4566862910008,4
2026,"Prairie View A&M",38.8888888888889,354,31.7460317460317,203,75.8620689655172,79,8.8,202,54.4,239,40.8450704225352,335,72.0430107526882,193,9.52380952380952,177,33.3333333333333,299,36.2244897959184,107,43.4782608695652,313,52.5773195876289,174,0.0774651675722201,290,0.0989832696756146,199,NULL,6.45543063101834,100,8.60724084135779,138
2026,"Presbyterian",50.2793296089385,213,23.1707317073171,348,66.6666666666667,274,10,151,51.1764705882353,173,28.2828282828283,78,73.3333333333333,224,8.93854748603352,154,31.4176245210728,323,36.8029739776952,117,55.045871559633,142,53.9130434782609,197,0.0874590035920662,242,0.0968296111197876,174,NULL,10.9323754490083,332,7.80883960643448,187
2026,"Princeton",40.7407407407407,338,31.5789473684211,210,66.1538461538462,288,6.18556701030928,288,57.7319587628866,293,33.3333333333333,186,75.7142857142857,278,12.3456790123457,283,53.9772727272727,6,44.5714285714286,292,53.968253968254,160,54.8780487804878,224,0.0692640692640693,317,0.12005772005772,294,NULL,6.46464646464646,101,8.77344877344877,125
2026,"Providence",59.6153846153846,49,32.4561403508772,182,82.0754716981132,15,14.9425287356322,43,48.8505747126437,123,38.6792452830189,310,75.531914893617,270,8.33333333333333,131,42.2222222222222,128,37.8571428571429,139,48.4615384615385,249,51.5873015873016,154,0.0829493087557604,268,0.0921658986175115,146,NULL,5.83717357910906,70,5.52995391705069,313
2026,"Purdue",53.9473684210526,128,40.7407407407407,28,74.025974025974,120,12.5925925925926,74,45.9259259259259,71,32.3529411764706,169,72.0930232558139,194,5.92105263157895,50,41.5384615384615,145,50.1845018450185,352,63.4920634920635,42,58.4905660377358,272,0.0659340659340659,328,0.0842490842490843,96,NULL,4.3956043956044,17,6.22710622710623,276
2026,"Purdue Fort Wayne",53.3333333333333,141,24.4444444444444,339,74.4186046511628,110,10,151,63,343,43.2098765432099,355,75,259,5.71428571428571,44,46.1538461538462,74,44.7513812154696,294,50,217,59.1836734693878,278,0.125216613561406,52,0.071552350606518,50,NULL,8.49684163452401,225,9.39124601710548,86
2026,"Queens",56.4516129032258,85,33.9130434782609,151,79.1044776119403,38,8.48484848484848,213,54.5454545454545,241,26.2626262626263,40,70.1030927835052,153,7.25806451612903,92,48.1171548117155,41,37.5,129,53.2110091743119,165,47.4137931034483,95,0.0709579320831221,307,0.121642169285352,298,NULL,9.79895252576449,293,8.44737286703835,142
2026,"Quinnipiac",45.4545454545455,294,26.7441860465116,309,67.6470588235294,258,13.2947976878613,67,51.4450867052023,178,34.5679012345679,224,67.4698795180723,100,11.3636363636364,254,32.824427480916,313,31.8897637795276,41,38.8349514563107,350,59.8290598290598,285,0.115700370071037,95,0.102088561827385,216,NULL,8.84767535837339,241,4.42383767918669,345
2026,"Radford",50.6756756756757,204,23.3009708737864,347,64.6017699115044,307,11.2676056338028,108,50,148,37.8947368421053,299,65.4929577464789,63,6.08108108108108,57,41.0358565737052,155,40.084388185654,187,40.4040404040404,338,57.9439252336449,263,0.0838750262109457,263,0.0872300272593835,111,NULL,7.38100230656322,153,8.38750262109457,146
2026,"Rhode Island",58.9041095890411,55,27.3809523809524,296,82.7956989247312,10,10.0840336134454,150,47.0588235294118,92,32.0388349514563,155,62.962962962963,32,4.10958904109589,16,36.5217391304348,241,46.3963963963964,320,44.954128440367,298,62.9213483146067,325,0.180946349407401,1,0.0977110286799964,185,NULL,8.32353207274043,208,7.59974667511083,207
2026,"Rice",35.7142857142857,362,40,36,71.7647058823529,171,8.57142857142857,209,55,246,31.7647058823529,151,70.8333333333333,163,13.5714285714286,317,39.1304347826087,186,37.7777777777778,137,47.6744186046512,264,60.5769230769231,294,0.0966587666713137,189,0.100376411543287,204,NULL,8.92234769273665,247,7.80705423114457,188
2026,"Richmond",56.6666666666667,82,27.7777777777778,292,78.0487804878049,49,3.33333333333333,353,55,246,26.3157894736842,41,75.8064516129032,280,8.33333333333333,131,47.3684210526316,54,48.7179487179487,343,57.1428571428571,111,50,127,0.0793650793650794,285,0.0925925925925926,148,NULL,7.93650793650794,186,5.29100529100529,323
2026,"Rider",35.3658536585366,363,15.625,365,70.2127659574468,194,4.22535211267606,338,52.112676056338,192,31.5789473684211,148,59.7014925373134,6,17.0731707317073,355,28.0701754385965,345,44.53125,289,32.3529411764706,361,47.2727272727273,92,0.0536090369519433,351,0.122534941604442,304,NULL,9.19012062033314,264,4.59506031016657,341
2026,"Robert Morris",53.030303030303,151,40,36,66.6666666666667,274,8.10810810810811,229,54.0540540540541,231,34.2105263157895,215,80.2631578947368,343,12.1212121212121,274,43.1034482758621,112,33.9285714285714,69,58.1818181818182,95,56.6037735849057,250,0.069844595774402,312,0.146673651126244,349,NULL,13.2704731971364,361,6.28601361969618,274
2026,"Rutgers",50,214,35.5932203389831,115,65.1685393258427,302,11.214953271028,110,42.9906542056075,37,30.7692307692308,123,70.2127659574468,154,5.17241379310345,31,33.7142857142857,292,37.7906976744186,138,51.8987341772152,193,45.4545454545455,69,0.114541832669323,106,0.104581673306773,227,NULL,4.9800796812749,34,8.96414342629482,111
2026,"SIUE",46.3414634146341,282,31.5789473684211,210,64.406779661017,309,12.5,76,43.75,43,29.6875,100,72.8571428571429,215,9.75609756097561,188,31.6666666666667,320,50,351,37,354,52.1276595744681,163,0.0995804711631552,174,0.125397630353603,315,NULL,5.53224839795307,52,4.05698215849892,350
2026,"SMU",53.2608695652174,145,34.9206349206349,128,80,27,10,151,45,60,36.2745098039216,265,73,219,5.43478260869565,37,25.5060728744939,359,42.1487603305785,235,52.5,179,67,350,0.10754043268221,140,0.0739340474690191,56,NULL,8.40159630329763,216,8.73766015542953,127
2026,"Sacramento St.",52.0661157024793,172,35.5555555555556,117,72.463768115942,162,12.621359223301,73,54.3689320388349,238,29.3333333333333,94,72.6027397260274,211,5.78512396694215,48,27.1084337349398,355,42.1348314606742,234,53.1645569620253,168,58.974358974359,276,0.0848156437742961,257,0.141359406290494,344,NULL,6.12557427258805,80,6.59677229355637,256
2026,"Sacred Heart",44.7058823529412,305,31.5217391304348,212,68.3333333333333,240,5.47945205479452,310,63.013698630137,344,40.3508771929825,330,69.811320754717,146,12.9411764705882,300,51.9774011299435,15,60.9625668449198,364,50.7462686567164,213,72.8260869565217,363,0.0907625246312772,216,0.100316474592464,203,NULL,9.07625246312772,258,8.12085746700902,171
2026,"Saint Francis",42.6356589147287,325,30.7692307692308,233,73.5294117647059,132,5.31914893617021,314,68.0851063829787,363,38.7096774193548,311,68.75,118,15.5038759689922,342,33.5051546391753,297,49.7326203208556,349,56,129,65,337,0.0996489638772506,172,0.0860604688030801,104,NULL,9.96489638772506,301,9.05899671611369,103
2026,"Saint Joseph's",49.3589743589744,233,25.4716981132075,330,81.9444444444444,16,10.7344632768362,125,48.5875706214689,116,36.2637362637363,263,65.2777777777778,61,8.33333333333333,131,40.4580152671756,166,33.955223880597,72,51.9230769230769,192,43.6974789915966,51,0.0652472527472528,331,0.116758241758242,286,NULL,5.1510989010989,39,7.89835164835165,182
2026,"Saint Louis",65.4411764705882,6,38.5321100917431,57,81.3725490196078,19,8.98203592814371,194,41.3173652694611,21,26.5060240963855,47,72.4770642201835,207,9.55882352941176,181,44.4897959183673,93,33.2,60,45.8015267175573,287,40.6593406593407,27,0.109851308407548,126,0.109851308407548,246,NULL,10.357409078426,313,7.8465220291106,185
2026,"Saint Mary's",53.6231884057971,134,44.8275862068966,10,83.5164835164835,8,11.1111111111111,112,42.3611111111111,30,28.0898876404494,74,72,190,8.69565217391304,144,38.6666666666667,199,38.1974248927039,146,67.2566371681416,17,58.1395348837209,267,0.0819405000232785,273,0.0893896363890311,127,NULL,9.31142045719074,270,8.56650682061549,139
2026,"Saint Peter's",41.5841584158416,335,30.1369863013699,243,79.4117647058823,33,10.8433734939759,121,54.2168674698795,236,39.7058823529412,326,73.6263736263736,231,14.8514851485149,337,41.9540229885057,134,45.0331125827815,298,51.5625,199,66.6666666666667,347,0.138092596017508,22,0.0986375685839344,193,NULL,9.86375685839344,295,7.39781764379508,218
2026,"Sam Houston St.",46.7391304347826,278,34.8837209302326,129,75.7575757575758,81,17.4603174603175,21,53.968253968254,230,38.1818181818182,302,71.2328767123288,176,5.43478260869565,37,31.8518518518519,319,46.6101694915254,322,36.2068965517241,357,54.5454545454545,215,0.09710421362927,187,0.104040228888504,223,NULL,6.24241373331021,90,8.32321831108028,155
2026,"Samford",49.6598639455782,224,36.25,99,68.2539682539683,243,6.25,285,50.9615384615385,167,41.6666666666667,345,73.1958762886598,223,10.8843537414966,235,52.1172638436482,14,31.5789473684211,37,60.3053435114504,69,36.986301369863,9,0.07183064543979,305,0.0856442311012881,101,NULL,4.14407569844943,12,5.8017059778292,300
2026,"San Diego",46.4788732394366,279,47.7272727272727,2,68,248,13.4328358208955,64,49.2537313432836,135,32.6530612244898,178,70.4545454545455,157,11.2676056338028,245,38.2608695652174,205,42.2413793103448,239,55.5555555555556,135,48.9795918367347,112,0.115041702617199,102,0.092033362093759,144,NULL,8.43639152526124,220,8.43639152526124,144
2026,"San Diego St.",55.0724637681159,110,42.5,19,74.1935483870968,116,15.2542372881356,38,45.7627118644068,68,26.6666666666667,48,63.1578947368421,34,4.34782608695652,21,36.697247706422,236,43.2692307692308,267,60,71,66.6666666666667,347,0.165569143932267,6,0.0978363123236124,187,NULL,10.5362182502352,319,13.5465663217309,2
2026,"San Francisco",49.438202247191,231,38.6666666666667,54,68.4931506849315,236,10.6796116504854,128,42.7184466019417,33,30.3370786516854,110,68.3333333333333,114,7.86516853932584,114,45.7317073170732,78,46.3541666666667,319,53.4246575342466,163,61.9718309859155,313,0.104222182744123,151,0.113696926629952,271,NULL,9.9484810801208,299,6.63232072008054,254
2026,"San Jose St.",53.2710280373832,144,29.6875,253,66.6666666666667,274,3,356,62,335,37.5,289,68.2539682539683,110,10.2803738317757,212,37.4269005847953,223,41.8604651162791,228,31.5789473684211,362,69.6629213483146,360,0.0904522613065327,219,0.100502512562814,205,NULL,7.03517587939699,132,6.53266331658291,260
2026,"Santa Clara",57.3770491803279,76,42.0289855072464,22,63.7931034482759,315,22.2222222222222,3,44.4444444444444,54,33.3333333333333,186,77.6470588235294,311,9.83606557377049,192,36.1256544502618,249,29.0909090909091,12,62.6262626262626,51,64.7058823529412,336,0.109804857671421,127,0.114578981918004,275,NULL,6.20636152055857,85,7.63859879453363,201
2026,"Seattle",60.9929078014184,40,43.1818181818182,16,63.013698630137,325,15.1515151515152,41,47.7272727272727,100,33.6734693877551,200,74.6987951807229,257,5.67375886524823,42,38.4279475982533,204,42.6086956521739,245,50,217,46.875,89,0.110707490053624,122,0.0968690537969209,175,NULL,10.0328662861097,305,12.8005535374503,9
2026,"Seton Hall",44.375,308,31.0810810810811,225,74.7826086956522,102,36.697247706422,1,33.0275229357798,1,38.0952380952381,301,71.4285714285714,178,8.125,124,31.6239316239316,321,43.5233160621762,271,54.2553191489362,154,51.4705882352941,151,0.165217808942894,7,0.0806877671581576,81,NULL,4.99495701455262,35,11.1425964170789,35
2026,"Siena",48.8372093023256,240,25.3968253968254,333,75,92,5,324,50,148,30.7692307692308,123,72.2222222222222,198,13.953488372093,325,26.8085106382979,356,28.8888888888889,10,52,188,44,53,0.126062458217935,46,0.114602234743578,276,NULL,5.73011173717888,62,9.55018622863146,80
2026,"South Alabama",55.6291390728477,99,32.0512820512821,195,60.2564102564103,350,8.23529411764706,224,51.7647058823529,186,33.7931034482759,205,74.468085106383,251,10.5960264900662,225,34.061135371179,288,63.0434782608696,365,47.7064220183486,263,73.1182795698925,364,0.109563164108619,130,0.0982290436835891,190,NULL,6.42266824085006,98,9.06729634002361,102
2026,"South Carolina",50,214,38,69,77.027027027027,64,4.82758620689655,327,48.9655172413793,126,21.9512195121951,13,68.2539682539683,110,8.33333333333333,131,54.3478260869565,5,22.0430107526882,1,70,7,47.5,97,0.0556747665719422,346,0.0927912776199037,150,NULL,6.49538943339326,103,8.81517137389085,122
2026,"South Carolina St.",36.7088607594937,360,30.9859154929577,228,61.0526315789474,342,10.7142857142857,126,62.1428571428571,336,30.6122448979592,120,70.8955223880597,169,13.2911392405063,309,31.0043668122271,329,41.1764705882353,207,48.75,242,65.8119658119658,343,0.0861247981450043,251,0.132499689453853,330,NULL,11.2624736035775,339,8.94372903813507,114
2026,"South Dakota",46.7741935483871,277,28.5714285714286,280,74.3589743589744,112,9.03954802259887,191,55.3672316384181,259,27.1739130434783,67,79.4117647058823,334,10.2150537634409,207,29.277566539924,338,34.2007434944238,77,36.697247706422,355,49.5934959349593,126,0.0844327176781003,260,0.0649482443677694,33,NULL,9.09275421148772,261,10.3917190988431,55
2026,"South Dakota St.",50.9803921568627,196,30.7692307692308,233,70.3703703703704,190,7.5,240,51.25,176,33.3333333333333,186,71.4285714285714,178,13.7254901960784,322,38.9221556886228,190,52.0958083832335,356,48.6111111111111,246,54.2857142857143,208,0.0734259315915071,303,0.112586428440311,260,NULL,9.30061800159089,267,8.3216055803708,156
2026,"South Florida",62.5,24,30.2521008403361,240,78,51,14.3835616438356,50,49.3150684931507,138,26.3736263736264,45,69.53125,140,10.4166666666667,217,45.2471482889734,82,38.3966244725738,148,53.1746031746032,167,54.1666666666667,205,0.143529224144805,19,0.089307072801212,124,NULL,5.4222151343593,48,9.2496611115541,90
2026,"Southeast Missouri",50,214,27.9411764705882,290,71.1864406779661,180,5.71428571428571,304,65.7142857142857,357,37.0967741935484,279,74.3589743589744,248,7.25806451612903,92,35.4166666666667,260,37.125748502994,121,39.5061728395062,344,38.0434782608696,12,0.0995509387004274,175,0.0995509387004274,201,NULL,6.49245252394092,102,11.6864145430937,23
2026,"Southeastern Louisiana",42.5196850393701,328,23.7113402061856,346,68.5393258426966,235,4.65116279069767,330,56.5891472868217,278,34.6666666666667,225,73.6263736263736,231,15.748031496063,344,43.3035714285714,108,36.7647058823529,116,58.4415584415584,91,55.5555555555556,233,0.127388535031847,41,0.101910828025478,212,NULL,9.4631483166515,281,8.3712465878071,149
2026,"Southern",42.6966292134831,324,38.6363636363636,56,60.377358490566,348,6.32911392405063,281,60.7594936708861,329,37.5,289,83.6734693877551,361,10.1123595505618,204,33.0827067669173,307,44.7552447552448,295,40,340,58.3333333333333,271,0.0624122327976283,335,0.112342019035731,257,NULL,4.36885629583398,15,4.99297862381027,335
2026,"Southern Illinois",62.4161073825503,26,27.2727272727273,297,66.1764705882353,287,5.6,308,42.4,31,35.9550561797753,254,72,190,3.35570469798658,6,22.7979274611399,364,41.588785046729,218,44.7619047619048,301,54.1176470588235,203,0.081733612948325,274,0.0860353820508684,103,NULL,6.88283056406947,122,3.87159219228908,353
2026,"Southern Indiana",39.4957983193277,350,24.390243902439,340,77.6119402985075,57,14.0740740740741,53,46.6666666666667,83,32.7586206896552,179,74.2268041237113,247,10.9243697478992,236,40.7960199004975,159,30.0518134715026,18,47.7611940298507,262,54.8780487804878,224,0.0886262924667651,233,0.0844059928254906,97,NULL,7.59653935429415,169,8.44059928254906,143
2026,"Southern Miss",52.4193548387097,160,26.7857142857143,308,75.7142857142857,83,12.1621621621622,88,52.7027027027027,206,39.7849462365591,327,73.972602739726,244,10.4838709677419,221,31.1111111111111,327,55.688622754491,363,48.75,242,69.7368421052632,361,0.137791768129714,23,0.0902773653263646,132,NULL,7.12716042050247,138,5.22658430836847,327
2026,"Southern Utah",50,214,22.1153846153846,351,71.1864406779661,180,10.3825136612022,139,56.2841530054645,274,51.1904761904762,365,75.7142857142857,278,13.75,323,39.3939393939394,180,31.4606741573034,35,45.6310679611651,292,49.3150684931507,119,0.086053535228166,253,0.129080302842249,321,NULL,6.95047784535187,127,6.28852757436598,273
2026,"St. Bonaventure",54.3352601156069,120,37.6811594202899,77,72.8571428571429,150,15.5555555555556,33,51.1111111111111,171,35.7142857142857,248,70.8333333333333,163,5.20231213872832,33,28.5123966942149,344,38.3561643835616,147,49.1666666666667,234,47.4747474747475,96,0.113539596934431,109,0.0908316775475447,140,NULL,9.08316775475447,260,6.43391049295108,265
2026,"St. John's",60.1398601398601,44,31.25,216,67.7083333333333,257,11.0236220472441,115,48.8188976377953,121,32.9268292682927,183,60.377358490566,10,11.1888111888112,242,30.9178743961353,331,39.2344497607655,171,56.6037735849057,119,42.6966292134831,36,0.116988553275175,89,0.112954465231204,265,NULL,3.6306792395744,7,9.68181130553174,76
2026,"St. Thomas",65.1006711409396,9,31.7073170731707,206,74.7126436781609,104,6.97674418604651,264,55.8139534883721,267,33.8709677419355,206,74.6666666666667,256,8.7248322147651,145,45.2205882352941,83,41.8918918918919,230,56.6176470588235,118,52.1739130434783,165,0.123217995558421,61,0.0745039042911383,57,NULL,7.16383695107099,142,6.30417651694247,272
2026,"Stanford",52.6315789473684,158,32.3076923076923,188,75,92,13.265306122449,68,52.0408163265306,190,37.1428571428571,283,76.0869565217391,284,3.7593984962406,10,32.8282828282828,312,41.6666666666667,222,39.5604395604396,343,44.1558441558442,54,0.12634789238645,45,0.0435682387539484,7,NULL,10.4563773009476,314,12.1991068511055,18
2026,"Stephen F. Austin",50.5050505050505,208,44.3037974683544,11,61.7647058823529,336,14.5299145299145,47,41.025641025641,16,25.4901960784314,32,75.5813953488372,273,11.1111111111111,239,44.3820224719101,95,30.3571428571429,22,47.0588235294118,271,50.8196721311475,147,0.0767110152223421,297,0.100683207479324,206,NULL,5.27388229653602,44,8.15054536737385,166
2026,"Stetson",41.8367346938776,333,27.8481012658228,291,59.7014925373134,351,7.27272727272727,250,64.5454545454545,354,36.3636363636364,266,73.7704918032787,237,4.08163265306122,14,44.6327683615819,91,41.1764705882353,207,50.7936507936508,212,67.6767676767677,355,0.106007067137809,143,0.141342756183746,343,NULL,6.62544169611307,108,8.8339222614841,119
2026,"Stonehill",45.4545454545455,294,33.6,164,67.9245283018868,252,8.29015544041451,220,55.440414507772,261,29.3103448275862,93,66.3865546218487,82,13.3333333333333,310,43.1034482758621,112,37.5404530744337,132,59.8290598290598,73,40.4255319148936,25,0.0443397533601219,363,0.157960371345434,355,NULL,7.48233337952058,159,6.09671608701677,286
2026,"Stony Brook",55.3846153846154,106,36.1702127659574,101,67.5,264,10.7692307692308,123,49.2307692307692,133,38.2352941176471,304,74.1379310344828,246,9.23076923076923,165,41.9642857142857,133,34.3434343434343,78,50.9433962264151,209,46.6666666666667,85,0.0373761913660998,364,0.0373761913660998,2,NULL,11.2128574098299,337,11.9603812371519,21
2026,"Syracuse",64.2276422764228,13,31.1475409836066,220,63.4615384615385,317,19.327731092437,15,33.6134453781513,2,16,1,73.469387755102,227,4.0650406504065,13,33.1521739130435,305,29.585798816568,16,54.0816326530612,157,50,127,0.146350387218733,15,0.0487834624062443,9,NULL,7.80535398499909,180,12.1958656015611,19
2026,"TCU",55.5555555555556,101,29.126213592233,269,74.1935483870968,116,14.4654088050314,49,46.5408805031447,81,36.4864864864865,269,77.1929824561404,304,11.8055555555556,263,41.7004048582996,139,31.7596566523605,38,54.5454545454545,148,60.3960396039604,290,0.121686223381139,67,0.0903954802259887,133,NULL,7.99652325076054,188,10.7779226423294,44
2026,"Tarleton St.",48.2758620689655,251,34.6153846153846,136,78.2945736434109,45,11.4649681528662,102,62.4203821656051,340,35.7142857142857,248,75.6944444444444,275,10.3448275862069,215,27.7580071174377,349,41.635687732342,221,43.2,317,55.7971014492754,241,0.103688653798998,155,0.0868742775072687,108,NULL,12.3305426139349,351,10.9293445896241,40
2026,"Temple",50.4,212,37.3134328358209,83,68.2539682539683,243,15.2542372881356,38,45.7627118644068,68,33.9285714285714,207,73.5849056603774,229,16.8,353,34.8958333333333,270,32.183908045977,43,54.5454545454545,148,45.2054794520548,63,0.0893078640535847,227,0.0645001240387001,32,NULL,2.97692880178616,4,7.93847680476309,178
2026,"Tennessee",60,45,35.8695652173913,109,72.5,160,12.5,76,41.40625,22,27.0491803278689,63,61.9718309859155,21,4.11764705882353,17,35.1145038167939,267,48.8,344,68.1481481481482,13,45.3488372093023,66,0.0984658666315003,180,0.140665523759286,341,NULL,5.62662095037144,55,7.03327618796431,229
2026,"Tennessee Martin",58.8235294117647,56,40.7407407407407,28,58.4615384615385,354,10.3448275862069,142,51.7241379310345,183,23.2558139534884,20,78.3783783783784,320,9.80392156862745,190,51.4285714285714,20,42.5742574257426,244,67.3076923076923,16,65,337,0.123768422766876,57,0.162853187851152,359,NULL,7.81695301685531,181,11.0740167738784,38
2026,"Tennessee St.",40.4761904761905,343,33.3333333333333,165,77.7777777777778,52,8.13953488372093,227,67.4418604651163,361,20,4,69.2307692307692,133,10.7142857142857,226,37.7777777777778,214,28.9256198347107,11,43.1372549019608,318,52.3076923076923,168,0.107756913081372,138,0.08240234529752,89,NULL,8.87409872434831,243,5.70477775136677,308
2026,"Tennessee Tech",57.4468085106383,73,26.984126984127,302,62.5,331,8.94308943089431,196,40.650406504065,14,40.4255319148936,331,78.8732394366197,329,12.7659574468085,293,40.1273885350318,173,27.6470588235294,9,56.3380281690141,121,44.9275362318841,61,0.0814712753848919,277,0.115018271131612,279,NULL,12.9395555023064,358,12.4603127059246,15
2026,"Texas",52.4096385542169,162,28.2352941176471,286,65.7894736842105,297,9.80392156862745,163,43.1372549019608,40,26.7441860465116,54,69.1176470588235,130,4.21686746987952,19,33.8645418326693,290,35.9832635983264,106,45.045045045045,296,46.0674157303371,76,0.0770006416720139,295,0.0550004583371528,15,NULL,8.80007333394445,239,6.96672472270602,236
2026,"Texas A&M",54.8387096774194,114,32.2834645669291,191,74.7663551401869,103,10.7142857142857,126,53.5714285714286,221,37.0786516853933,278,72.9411764705882,218,10.4838709677419,221,50.597609561753,25,38.8646288209607,162,65.1376146788991,33,61.1111111111111,302,0.123497997329773,58,0.100133511348465,202,NULL,6.34178905206943,95,9.01201602136182,108
2026,"Texas A&M Corpus Chris",38.5093167701863,355,27.710843373494,293,66.2790697674419,285,8.08823529411765,230,55.8823529411765,268,32.0512820512821,157,78.0701754385965,315,16.1490683229814,350,34.0163934426229,289,36.4485981308411,110,58.8235294117647,83,61.3861386138614,306,0.114782608695652,104,0.0939130434782609,159,NULL,8,189,8.34782608695652,153
2026,"Texas Southern",45.7317073170732,289,33.3333333333333,165,61.9565217391304,335,5.3030303030303,319,64.3939393939394,352,35,232,72.3880597014925,204,7.31707317073171,95,27.7533039647577,350,43.1034482758621,262,37.5,353,52.5,172,0.077135910119896,292,0.12073446801375,295,NULL,8.71971157877086,236,8.38433805651044,147
2026,"Texas St.",50,214,29.4117647058824,257,74.3589743589744,112,13.768115942029,57,49.2753623188406,137,36.25,262,77.319587628866,306,12.0253164556962,271,30.0884955752212,336,36.697247706422,113,54.5454545454545,148,46.3917525773196,78,0.104105900830155,153,0.122055194076733,302,NULL,7.53870316356293,161,7.53870316356293,211
2026,"Texas Tech",53.1914893617021,147,38.0952380952381,67,70.2380952380952,193,7.5,240,48.125,107,28.75,83,69.0476190476191,127,8.51063829787234,139,47.1910112359551,57,33.3333333333333,61,57.7235772357724,99,32,3,0.123282846072561,60,0.0704473406128919,48,NULL,7.04473406128919,133,6.69249735822473,253
2026,"The Citadel",51.8181818181818,179,31.4285714285714,214,63.3802816901408,319,5.78512396694215,302,60.3305785123967,323,34.7222222222222,229,67.1052631578947,94,13.6363636363636,318,38.8888888888889,191,37.3056994818653,125,48.1012658227848,258,52.0408163265306,160,0.051422894875241,354,0.0794717466253725,75,NULL,5.1422894875241,38,5.1422894875241,332
2026,"Toledo",55.4794520547945,102,37.9310344827586,71,74.025974025974,120,5.71428571428571,304,60.7142857142857,328,37.1134020618557,282,64.9122807017544,54,10.2739726027397,211,37.3390557939914,224,40.9282700421941,202,60.5263157894737,67,52.0661157024793,162,0.118779807432736,82,0.104382255016647,225,NULL,8.99847026005579,250,8.63853144965356,137
2026,"Towson",48.0392156862745,255,19.047619047619,362,64,311,10.2803738317757,146,43.9252336448598,46,20,4,60.4651162790698,11,7.84313725490196,113,38.1818181818182,209,39.5480225988701,176,42.6229508196721,322,39.344262295082,22,0.121316015032637,71,0.105492186984901,230,NULL,8.43937495879211,221,3.16476560954704,361
2026,"Troy",55.4621848739496,103,34.5454545454545,139,78.4090909090909,44,7.83132530120482,234,51.8072289156626,187,36.8421052631579,274,68.0555555555556,107,9.2436974789916,167,48.0349344978166,43,36.3984674329502,109,56.7307692307692,117,49.5867768595041,125,0.124789207419899,54,0.0910623946037099,142,NULL,9.106239460371,262,6.40809443507589,266
2026,"Tulane",55.1724137931034,108,31.7073170731707,206,83.6538461538462,7,16.6666666666667,25,44.4444444444444,54,41.5841584158416,343,65.8227848101266,69,7.75862068965517,108,41.4141414141414,149,44.4933920704846,288,45.5555555555556,293,62.2448979591837,315,0.122388487832863,63,0.0764928048955395,61,NULL,5.35449634268777,46,4.58956829373237,342
2026,"Tulsa",51,194,38.6666666666667,54,71.9101123595506,168,4.95049504950495,325,56.4356435643564,276,33.3333333333333,186,78.3333333333333,319,10,200,42.8571428571429,116,42.6136363636364,247,61.25,62,54.8780487804878,224,0.103098822564583,161,0.0937262023314393,158,NULL,7.02946517485795,131,6.56083416320075,259
2026,"UAB",55.7894736842105,95,22.6190476190476,350,69.2307692307692,216,8.45070422535211,214,52.112676056338,192,27.2727272727273,68,77.1739130434783,303,6.84210526315789,78,30.6569343065693,334,41.0788381742739,204,46.4,280,62.3762376237624,318,0.134593815093735,28,0.108956897933024,243,NULL,3.52507610959782,6,7.69107514821343,198
2026,"UC Davis",59.5744680851064,50,27.6315789473684,294,75,92,10.655737704918,129,49.1803278688525,132,22.5806451612903,18,80.7017543859649,347,7.4468085106383,100,44.7058823529412,89,33.695652173913,68,59.7402597402597,74,47.2972972972973,94,0.109114629662575,132,0.0948822866631086,164,NULL,12.8091086995197,356,9.48822866631086,83
2026,"UC Irvine",42.5287356321839,327,29.0322580645161,270,63.9344262295082,312,19,16,41,15,27.027027027027,61,69.2307692307692,133,3.44827586206897,7,26.271186440678,357,27.007299270073,6,58.695652173913,85,54.9019607843137,228,0.0938023450586265,203,0.113902847571189,272,NULL,4.02010050251256,10,10.7202680067002,47
2026,"UC Riverside",55.6962025316456,97,39.7058823529412,41,77.0491803278689,63,6.55737704918033,270,56.5573770491803,277,30.7692307692308,123,54.5454545454545,2,11.3924050632911,256,46.2585034013605,72,34.7593582887701,86,56.3380281690141,121,41.5730337078652,34,0.047270148900969,359,0.146537461593004,348,NULL,10.8721342472229,330,7.56322382415505,210
2026,"UC San Diego",63.6363636363636,17,33.75,155,70.3703703703704,190,7.21649484536082,255,46.3917525773196,76,32.4675324675325,171,63.6363636363636,37,7.95454545454545,117,47.6190476190476,50,44.2528735632184,282,59.0361445783133,80,50,127,0.104568950151506,147,0.104568950151506,226,NULL,9.0309547858119,253,9.0309547858119,105
2026,"UC Santa Barbara",50.4587155963303,210,41.5584415584416,25,73.7704918032787,124,5.66037735849057,307,53.7735849056604,225,41.2698412698413,340,64.3835616438356,45,11.9266055045872,269,41.3978494623656,151,37.2781065088757,124,58.6206896551724,88,45.7831325301205,72,0.0953175265101871,196,0.0619563922316216,27,NULL,5.71905159061122,61,9.5317526510187,81
2026,"UCF",52.0618556701031,173,47.6635514018692,4,73.7704918032787,124,9.88372093023256,160,51.7441860465116,184,32.824427480916,181,78.1512605042017,316,8.76288659793815,148,35.5481727574751,259,43.2343234323432,265,65.7894736842105,24,61.3636363636364,305,0.0677989084375741,323,0.0976304281501068,181,NULL,9.49184718126038,285,8.94945591375979,112
2026,"UCLA",53.2467532467532,146,34.5679012345679,138,77.1428571428571,61,11.3821138211382,105,52.0325203252033,189,34.6938775510204,226,71.6981132075472,185,8.44155844155844,138,34.468085106383,282,44.3438914027149,284,60,71,65.3061224489796,341,0.0976663379818754,184,0.0976663379818754,183,NULL,7.13715546790628,140,12.7717518899376,10
2026,"UMBC",56.6666666666667,82,34.7222222222222,133,69.6969696969697,206,5.34351145038168,313,49.618320610687,144,35.1851851851852,241,73.5849056603774,229,6.66666666666667,73,44.4444444444444,94,29.1891891891892,13,50,217,38.0952380952381,13,0.0561370680077189,344,0.112274136015438,256,NULL,12.6308403017367,353,9.8239869013508,69
2026,"UMass Lowell",42,332,31.0810810810811,225,72.5274725274725,159,4.19161676646707,339,60.4790419161677,324,41.5730337078652,342,74.7126436781609,258,12.6666666666667,290,33.0357142857143,308,34.765625,87,55.8139534883721,131,52.1739130434783,165,0.0692580728941217,318,0.14197904943295,345,NULL,7.27209765388278,147,9.69613020517704,75
2026,"UNC Asheville",55.4621848739496,103,31.1111111111111,223,70.4918032786885,187,8.66141732283465,208,51.1811023622047,174,26.0869565217391,38,69.5652173913043,141,9.2436974789916,167,27.4390243902439,352,35.2040816326531,95,27.5,364,40.9638554216867,29,0.0798590722254844,281,0.136230182031709,334,NULL,9.39518496770405,277,7.51614797416324,212
2026,"UNC Greensboro",44.3548387096774,309,33.6633663366337,160,61.6071428571429,338,5.09554140127389,323,50.9554140127389,166,40.6779661016949,334,67.4157303370787,98,13.7096774193548,321,44.8888888888889,88,42.9090909090909,258,58.4269662921348,92,53.125,187,0.0596545010149551,338,0.11268072413936,261,NULL,7.62251957413315,170,5.96545010149551,296
2026,"UNC Wilmington",45.2631578947368,298,26.3157894736842,320,73.9130434782609,122,5.45454545454545,311,50.9090909090909,165,37.7358490566038,295,71.4285714285714,178,14.7368421052632,334,28.5714285714286,343,49.0740740740741,345,41.5094339622642,333,60.4166666666667,291,0.0974512743628186,186,0.0674662668665667,38,NULL,5.99700149925038,75,6.74662668665667,249
2026,"UNLV",65.9722222222222,3,28.5714285714286,280,73.2283464566929,140,8.45070422535211,214,55.6338028169014,265,33.3333333333333,186,72.5,208,6.25,61,40.495867768595,164,38.7931034482759,157,64.2276422764228,38,59.6330275229358,282,0.116632243955777,92,0.0907139675211598,138,NULL,8.42343984125056,218,6.80354756408699,246
2026,"USC",55.8823529411765,93,35.3846153846154,120,69.1588785046729,219,21.551724137931,5,43.1034482758621,39,25.2873563218391,31,78.6885245901639,326,5.88235294117647,49,32.3383084577114,317,42.8571428571429,254,68.6868686868687,12,52.7777777777778,181,0.0812312954253955,278,0.0769559640872168,64,NULL,5.13039760581445,36,11.1158614792646,36
2026,"USC Upstate",51.8867924528302,177,30.188679245283,241,68.75,229,11.4754098360656,101,50.8196721311475,164,30,104,67.6056338028169,102,6.60377358490566,69,33.3333333333333,299,32.967032967033,59,32.3943661971831,360,40,24,0.0886426592797784,232,0.0886426592797784,118,NULL,14.2813173284087,365,5.4170514004309,319
2026,"UT Arlington",49.2957746478873,235,23.8095238095238,344,56.0975609756098,361,16.4179104477612,28,47.7611940298507,101,17.5,2,74.5098039215686,252,16.9014084507042,354,37.1681415929204,228,37.3831775700935,127,62.2222222222222,53,64.1025641025641,332,0.0926255789098682,207,0.185251157819736,363,NULL,8.55005343783398,230,11.4000712504453,27
2026,"UT Rio Grande Valley",50.8333333333333,203,45.7142857142857,7,60.5263157894737,346,6.42201834862385,275,52.2935779816514,199,37.1794871794872,285,65,57,12.5,286,36.8421052631579,234,41.7112299465241,224,49.4623655913978,232,56.9767441860465,253,0.0882904756649376,235,0.0529742853989626,13,NULL,12.3606665930913,352,9.71195232314314,74
2026,"UTEP",38.0281690140845,357,32.4324324324324,183,61.2903225806452,340,9.43396226415094,178,64.1509433962264,351,36.1702127659574,260,65.8536585365854,70,7.04225352112676,84,34.2592592592593,287,47,327,43.5897435897436,312,56.8627450980392,251,0.122044241037376,65,0.106788710907704,236,NULL,7.627765064836,171,15.255530129672,1
2026,"UTSA",43.5185185185185,321,32.0512820512821,195,69.8412698412698,200,9.2436974789916,183,50.4201680672269,159,34.8484848484849,231,71.2121212121212,174,12.037037037037,272,41.9354838709677,135,35.6756756756757,103,38.8888888888889,348,45.7831325301205,72,0.08648129241487,247,0.08648129241487,107,NULL,5.76541949432467,67,5.76541949432467,302
2026,"Utah",55.6291390728477,99,33.3333333333333,165,72,165,10.2272727272727,147,50.5681818181818,160,32.5842696629214,177,58.75,4,7.94701986754967,116,41.6988416988417,140,33.5849056603774,65,49.1666666666667,234,34.7457627118644,5,0.0704107292539816,310,0.0871751886001676,110,NULL,6.37049455155071,96,7.7116512992456,197
2026,"Utah St.",58.5585585585586,60,25.4237288135593,331,69.2307692307692,216,13.5416666666667,62,45.8333333333333,70,30.5555555555556,118,62.6666666666667,29,10.8108108108108,228,34.7058823529412,277,42.8571428571429,254,58.75,84,43.9393939393939,52,0.16246953696182,8,0.0928397354067541,151,NULL,9.74817221770918,291,6.03458280143902,290
2026,"Utah Tech",52.8301886792453,156,27.2151898734177,299,65.8333333333333,295,7.2,256,55.2,254,29.2035398230088,91,78.740157480315,327,6.60377358490566,69,42.7027027027027,119,31.129476584022,31,43.8709677419355,307,46.1988304093567,77,0.10134454265396,167,0.0944346874730084,162,NULL,8.2918262171422,207,7.60084069904702,206
2026,"Utah Valley",61.7647058823529,33,29.7297297297297,252,65.3846153846154,299,9.09090909090909,189,60.6060606060606,326,46.1538461538462,362,75,259,8.82352941176471,150,35.2380952380952,264,37.1428571428571,122,49.0566037735849,238,50,127,0.116718159972537,91,0.137315482320632,335,NULL,7.55235152763474,164,6.17919670442842,281
2026,"VCU",53.9130434782609,129,35.9375,106,66.9642857142857,273,15.527950310559,35,43.4782608695652,42,36,255,77.4509803921569,309,12.1739130434783,278,52.6748971193416,10,31.7796610169492,39,66.6666666666667,18,49.4845360824742,123,0.125711373481695,48,0.125711373481695,316,NULL,7.13496984625839,139,9.17353265947507,95
2026,"VMI",44.3181818181818,311,33.6842105263158,159,73.5849056603774,130,6.03448275862069,294,57.7586206896552,294,30.7692307692308,123,69.3548387096774,136,12.5,286,51.9125683060109,16,40.2061855670103,189,56.3380281690141,121,53.8461538461538,195,0.118014184397163,87,0.118014184397163,290,NULL,7.26241134751773,146,6.80851063829787,245
2026,"Valparaiso",40.3100775193798,345,29.4117647058824,257,65.0485436893204,303,11.9402985074627,93,47.7611940298507,101,32.2916666666667,164,78.4810126582279,322,10.8527131782946,232,44.1558441558442,99,41.7391304347826,225,50,217,52.6315789473684,177,0.106922296985897,142,0.066365563646419,37,NULL,8.11134666789566,193,9.21743939533597,91
2026,"Vanderbilt",63.9455782312925,14,40.3100775193798,30,74.6987951807229,105,16.6666666666667,25,43.9393939393939,47,33.3333333333333,186,80,338,4.08163265306122,14,46.7391304347826,63,42.8571428571429,254,54.1095890410959,156,48.3516483516484,107,0.141760189013585,20,0.0405029111467387,6,NULL,5.73791241245465,63,5.06286389334233,333
2026,"Vermont",52.0547945205479,174,41.8181818181818,23,85.2941176470588,5,3.75,344,48.75,119,39.5348837209302,324,64.4444444444444,46,8.21917808219178,127,42.96875,115,34.9593495934959,91,47.5409836065574,266,60.7142857142857,296,0.059499214940914,339,0.0661102388232377,36,NULL,8.59433104702091,233,12.5609453764152,13
2026,"Villanova",53.4722222222222,140,37.2881355932203,84,69.620253164557,209,2.91970802919708,358,47.4452554744526,96,42.5287356321839,353,68.3333333333333,114,5.55555555555556,40,45.0381679389313,86,38.8392857142857,161,59.504132231405,75,52.9411764705882,183,0.103126007089913,160,0.0589291469085217,23,NULL,10.6809078771696,324,9.57598637263478,79
2026,"Virginia",59.8484848484849,47,38.7931034482759,53,66.0377358490566,291,21.1538461538462,8,37.8205128205128,5,28.9473684210526,88,72.0930232558139,194,7.57575757575758,103,46.7741935483871,62,32.7586206896552,54,61.2903225806452,60,53.0864197530864,186,0.107566765578635,139,0.0964391691394659,172,NULL,5.19287833827893,42,7.41839762611276,217
2026,"Virginia Tech",52.8409090909091,155,37.5,79,73.1958762886598,141,14.1975308641975,52,46.2962962962963,75,29.5652173913043,98,73.9130434782609,240,9.65909090909091,184,38.8888888888889,191,41.5162454873646,214,54.8148148148148,146,45.8715596330275,74,0.104090428559811,154,0.0520452142799057,12,NULL,4.87923883874116,29,7.80678214198585,189
2026,"Wagner",42.5675675675676,326,40.2298850574713,32,60.3448275862069,349,6.20689655172414,287,51.0344827586207,169,31.5217391304348,146,64.8148148148148,51,13.5135135135135,316,37.0212765957447,231,38.8185654008439,160,47.9591836734694,261,53.3980582524272,190,0.094228504122497,202,0.105101023828939,229,NULL,11.23493702999,338,6.88592914741325,242
2026,"Wake Forest",51.1494252873563,191,32.7433628318584,177,73.7373737373737,126,13.2352941176471,69,57.3529411764706,286,23.1481481481481,19,75.5555555555556,271,9.19540229885057,164,39.3728222996516,181,44.2622950819672,283,56.3492063492063,120,51.4563106796116,150,0.157536134850931,10,0.0976724036075775,184,NULL,5.98637312433539,74,5.98637312433539,294
2026,"Washington",55.9748427672956,89,31.8681318681319,200,73.2558139534884,139,13.2352941176471,69,47.7941176470588,103,28.1818181818182,76,69.8412698412698,147,6.91823899371069,80,36.4,243,44.7154471544715,293,45.7627118644068,289,47.9166666666667,101,0.104546888378171,149,0.0829164976792393,92,NULL,6.84962372132847,120,5.76810418638187,301
2026,"Washington St.",57.3770491803279,76,29.2452830188679,263,80.7228915662651,23,11.0091743119266,116,60.5504587155963,325,39.2523364485981,321,78.4810126582279,322,11.4754098360656,257,46.4912280701754,68,49.537037037037,346,41.5841584158416,332,48.1481481481481,104,0.080741352417653,279,0.0880814753647124,113,NULL,6.9731167997064,128,7.34012294705936,220
2026,"Weber St.",45.6521739130435,291,26.984126984127,302,68.75,229,3.10077519379845,355,54.2635658914729,237,22.0588235294118,14,69.6969696969697,143,13.768115942029,324,31.3432835820896,325,34.5177664974619,82,42.5,323,50.5882352941176,146,0.0897387960044869,223,0.0897387960044869,129,NULL,8.54655200042733,229,4.70060360023503,338
2026,"West Georgia",41.566265060241,336,39.4736842105263,44,71.6417910447761,174,14.4827586206897,48,57.9310344827586,295,29.0322580645161,89,78.021978021978,313,5.42168674698795,35,31.404958677686,324,39.0756302521008,168,47.4747474747475,267,66.6666666666667,347,0.0897585495018401,222,0.0897585495018401,130,NULL,9.33488914819137,273,6.46261556413248,264
2026,"West Virginia",50.8982035928144,201,34.6534653465347,135,68.9922480620155,225,10.3896103896104,137,41.5584415584416,24,30.8510638297872,132,73.75,236,7.18562874251497,90,37.6865671641791,218,37.9032258064516,141,54.1666666666667,155,52.6881720430108,180,0.121345417314474,70,0.0910090629858557,141,NULL,5.76390732243753,66,11.8311781881612,22
2026,"Western Carolina",42.8571428571429,322,30.8641975308642,231,61.1111111111111,341,2.9126213592233,359,57.2815533980583,284,30.5882352941176,119,70.7317073170732,161,10.7142857142857,226,41.9689119170984,132,45.2127659574468,302,56.1643835616438,126,58.8235294117647,274,0.0914933013832916,212,0.121991068511055,300,NULL,11.3277420760266,341,6.09955342555277,285
2026,"Western Illinois",43.7908496732026,316,35.5932203389831,115,68.8311688311688,228,6.06060606060606,293,55.3030303030303,258,30.5263157894737,117,73.6263736263736,231,13.0718954248366,303,27.8301886792453,347,41.8502202643172,227,23.8636363636364,365,51.9607843137255,159,0.0510003923107101,355,0.0863083562181248,106,NULL,10.9846998823068,333,7.8462142016477,186
2026,"Western Kentucky",57.1428571428571,78,18.3673469387755,364,72.6315789473684,155,7.14285714285714,259,54.0816326530612,232,32.9268292682927,183,66.6666666666667,83,12.2448979591837,280,25,361,45.5555555555556,307,41.9354838709677,329,58.75,273,0.135823429541596,26,0.0394326085765924,5,NULL,6.13396133413659,82,7.01024152472753,233
2026,"Western Michigan",53.4883720930233,139,29.3333333333333,261,79.3103448275862,36,8.26446280991735,223,49.5867768595041,142,32.5757575757576,176,67.6767676767677,103,9.88372093023256,196,30.3643724696356,335,52.1739130434783,358,50.8771929824561,211,54.3689320388349,211,0.0465619023862975,361,0.106427205454394,235,NULL,9.3123804772595,271,8.64721044316953,135
2026,"Wichita St.",52.3809523809524,163,42.2535211267606,21,70.6666666666667,185,15.5172413793103,36,42.2413793103448,29,30.3571428571429,112,76.271186440678,287,9.52380952380952,177,36.0406091370558,252,32.5581395348837,50,43.75,309,33.3333333333333,4,0.109615155486715,128,0.0619563922316216,28,NULL,6.19563922316216,84,10.0083402835696,62
2026,"William & Mary",51.1904761904762,190,31.1827956989247,219,70.1298701298701,196,10,151,52.7272727272727,207,29.8850574712644,103,67.6767676767677,103,14.2857142857143,331,52.5423728813559,12,44.1624365482233,279,66.6666666666667,18,53.5714285714286,193,0.11096884336321,120,0.11096884336321,250,NULL,9.38967136150235,276,8.10926163038839,173
2026,"Winthrop",47.5524475524476,261,35.1351351351351,124,74.1666666666667,119,8.13008130081301,228,55.2845528455285,257,31.4814814814815,145,68.8679245283019,121,7.69230769230769,106,43.7007874015748,105,46.7532467532468,323,39.2523364485981,346,38.2352941176471,14,0.109570847513904,129,0.036523615837968,1,NULL,7.9687889101021,187,11.2891176226446,28
2026,"Wisconsin",62.8099173553719,22,36.0294117647059,104,84.0909090909091,6,14.7286821705426,46,48.8372093023256,122,32.0987654320988,160,70,149,9.09090909090909,160,52.9182879377432,9,38.5714285714286,153,57.6,102,40.4494382022472,26,0.110952040085898,121,0.0858983536148891,102,NULL,4.65282748747316,24,10.7372942018611,46
2026,"Wofford",50,214,32.3529411764706,184,76.4705882352941,73,11.9760479041916,92,55.0898203592814,249,33.3333333333333,186,75.9493670886076,283,12.9032258064516,298,45.1327433628319,84,32.6612903225806,52,66.3157894736842,22,41.1764705882353,31,0.0747463961558996,302,0.110339918134899,247,NULL,8.18651005516996,200,6.05089873642997,289
2026,"Wright St.",53.2846715328467,143,36.1702127659574,101,68.3544303797468,239,9.80392156862745,163,51.6339869281046,182,26.6666666666667,48,77.319587628866,306,8.75912408759124,147,40.6926406926407,162,32.8947368421053,57,47.6635514018692,265,46.4646464646465,80,0.120439249025859,75,0.106269925611052,234,NULL,7.08466170740347,137,8.50159404888417,140
2026,"Wyoming",49.5495495495495,229,38.2022471910112,65,67.5324675324675,262,8.41121495327103,216,48.5981308411215,118,20,4,66,74,8.10810810810811,122,44.5,92,33.9506172839506,71,70.7865168539326,5,34.9206349206349,6,0.121192447113564,72,0.103879240383055,222,NULL,5.62679218741546,56,7.7909430287291,192
2026,"Xavier",41.6,334,32.3529411764706,184,69.7916666666667,202,7.74193548387097,236,60,319,34.5454545454545,223,69.1358024691358,131,17.6,358,44.9339207048458,87,26.1904761904762,5,69.4117647058823,9,61.6071428571429,310,0.115092388616643,101,0.0935125657510228,156,NULL,7.55293800296722,165,10.4302477183833,51
2026,"Yale",54.7826086956522,115,50.7936507936508,1,82.8571428571429,9,13.5416666666667,62,54.1666666666667,234,32.3076923076923,165,71.4285714285714,178,11.304347826087,251,35.3932584269663,262,40.3726708074534,192,57.8947368421053,97,46.5753424657534,83,0.0948204338034846,200,0.0805973687329619,80,NULL,7.58563470427877,167,13.2748607324879,5
2026,"Youngstown St.",55.421686746988,105,36.3636363636364,95,71.9298245614035,167,9.16030534351145,188,55.7251908396947,266,32.5581395348837,175,73.9130434782609,240,6.02409638554217,56,51.4619883040936,19,24.7126436781609,2,48.7179487179487,244,43.6781609195402,50,0.0913791030419622,213,0.076950823614284,63,NULL,8.65696765660695,234,12.9854514849104,7
